maker_id,maker,model,product_id,feature_group,feature_name,description,source_ids,generated_from_audit
panasonic,パナソニック,NR-F65WX3,panasonic-nr-f65wx3,basic,定格内容積 650L,本体幅750mm、奥行745mm、高さ1828mm。,panasonic-wx3,no
panasonic,パナソニック,NR-F65WX3,panasonic-nr-f65wx3,energy,年間消費電力量 281kWh/年,2021年省エネ基準達成率117%。,panasonic-wx3,no
panasonic,パナソニック,NR-F65WX3,panasonic-nr-f65wx3,freezing,霜つき抑制冷凍,温度変化から食品を守り、冷凍保存時の霜つきを抑える機能。,panasonic-wx3,no
panasonic,パナソニック,NR-F65WX3,panasonic-nr-f65wx3,energy,AIエコナビ,使用状況や収納量、ドア開閉などを見極めて自動で省エネ運転。,panasonic-wx3,no
panasonic,パナソニック,NR-F65WX3,panasonic-nr-f65wx3,freezing,熱いまま急速冷凍,急速冷凍。メーカー公式カタログ・公式仕様表で搭載を確認,panasonic-top-2026|panasonic-wx3,yes
panasonic,パナソニック,NR-F65WX3,panasonic-nr-f65wx3,freezing,急凍・冷ます・急冷,作り置き・冷凍食品向け。メーカー公式カタログ・公式仕様表で搭載を確認,panasonic-top-2026|panasonic-wx3,yes
panasonic,パナソニック,NR-F65WX3,panasonic-nr-f65wx3,freshness,微凍結パーシャル,高鮮度保存機能。メーカー公式カタログ・公式仕様表で搭載を確認,panasonic-top-2026|panasonic-wx3,yes
panasonic,パナソニック,NR-F65WX3,panasonic-nr-f65wx3,freshness,微凍結パーシャル（解凍せず切り分け）,解凍不要調理。メーカー公式カタログ・公式仕様表で搭載を確認,panasonic-top-2026|panasonic-wx3,yes
panasonic,パナソニック,NR-F65WX3,panasonic-nr-f65wx3,vegetables,Wシャキシャキ野菜室,野菜鮮度保持。パナソニック公式カタログの型番別機能一覧で確認,panasonic-top-2026|panasonic-wx3,yes
panasonic,パナソニック,NR-F65WX3,panasonic-nr-f65wx3,vegetables,モイスチャーコントロール,湿度・乾燥対策。メーカー公式カタログ・公式仕様表で搭載を確認,panasonic-top-2026|panasonic-wx3,yes
panasonic,パナソニック,NR-F65WX3,panasonic-nr-f65wx3,usability,自動製氷,自動製氷。メーカー公式カタログ・公式仕様表で搭載を確認,panasonic-top-2026|panasonic-wx3,yes
panasonic,パナソニック,NR-F65WX3,panasonic-nr-f65wx3,freshness,ナノイーX・Agバイオ抗菌脱臭,脱臭。パナソニック公式カタログの型番別機能一覧で確認,panasonic-top-2026|panasonic-wx3,yes
panasonic,パナソニック,NR-F65WX3,panasonic-nr-f65wx3,freshness,ナノイーX,除菌。パナソニック公式カタログの型番別機能一覧で確認,panasonic-top-2026|panasonic-wx3,yes
panasonic,パナソニック,NR-F65WX3,panasonic-nr-f65wx3,freshness,Agバイオ抗菌脱臭,抗菌加工。パナソニック公式カタログの型番別機能一覧で確認,panasonic-top-2026|panasonic-wx3,yes
panasonic,パナソニック,NR-F65WX3,panasonic-nr-f65wx3,usability,全棚ガラストレイ・わけられるん棚,棚の可変性。パナソニック公式の型番別製品仕様で確認,panasonic-top-2026|panasonic-wx3,yes
panasonic,パナソニック,NR-F65WX3,panasonic-nr-f65wx3,energy,AIエコナビ（自動節電）,省エネ運転。パナソニック公式『AIエコナビ』対応機種一覧で確認,panasonic-top-2026|panasonic-wx3,yes
panasonic,パナソニック,NR-F65WX3,panasonic-nr-f65wx3,energy,AIエコナビ（生活リズム学習）,AI・生活パターン学習。パナソニック公式『AIエコナビ』対応機種一覧で確認,panasonic-top-2026|panasonic-wx3,yes
panasonic,パナソニック,NR-F65WX3,panasonic-nr-f65wx3,energy,収納量・開閉・照度・ひとセンサー,センサー省エネ。メーカー公式カタログ・公式仕様表で搭載を確認,panasonic-top-2026|panasonic-wx3,yes
panasonic,パナソニック,NR-F65WX3,panasonic-nr-f65wx3,usability,無線LAN,Wi-Fi。メーカー公式カタログ・公式仕様表で搭載を確認,panasonic-top-2026|panasonic-wx3,yes
panasonic,パナソニック,NR-F65WX3,panasonic-nr-f65wx3,usability,KitchenPocket,スマートフォン・アプリ連携。メーカー公式カタログ・公式仕様表で搭載を確認,panasonic-top-2026|panasonic-wx3,yes
panasonic,パナソニック,NR-F65WX3,panasonic-nr-f65wx3,usability,別売冷蔵庫AIカメラ対応,食材管理。パナソニック公式『冷蔵庫AIカメラ 対応機種』一覧で確認,panasonic-top-2026|panasonic-wx3,yes
panasonic,パナソニック,NR-F65WX3,panasonic-nr-f65wx3,usability,運転状況・ドア開閉の確認,通知・見守り。メーカー公式カタログ・公式仕様表で搭載を確認,panasonic-top-2026|panasonic-wx3,yes
panasonic,パナソニック,NR-F65WX3,panasonic-nr-f65wx3,basic,トップユニット方式,コンプレッサーを最上部に配置し、下部の収納容量を確保。,panasonic-top-2026|panasonic-wx3,yes
panasonic,パナソニック,NR-F65WX3,panasonic-nr-f65wx3,basic,ローウエストライン,よく使う冷蔵室の棚を見渡しやすい低めの設計。,panasonic-top-2026|panasonic-wx3,yes
panasonic,パナソニック,NR-F65WX3,panasonic-nr-f65wx3,usability,奥まで見えるフルオープン,冷凍室・野菜室を奥まで引き出して見渡せる。,panasonic-top-2026|panasonic-wx3,yes
panasonic,パナソニック,NR-F65WX3,panasonic-nr-f65wx3,freezing,上段深型ケース,冷凍室上段にも背の高い食品を収納できる。,panasonic-top-2026|panasonic-wx3,yes
panasonic,パナソニック,NR-F65WX3,panasonic-nr-f65wx3,freezing,あら熱取り・急速冷却,クーリングアシストルームであら熱取りと急速冷却に対応。,panasonic-top-2026|panasonic-wx3,yes
panasonic,パナソニック,NR-F55HY2,panasonic-nrf55hy2,basic,定格内容積 551L,本体幅650mm、奥行699mm、高さ1850mm。,official-panasonic-models,no
panasonic,パナソニック,NR-F55HY2,panasonic-nrf55hy2,energy,年間消費電力量 266kWh/年,2021年省エネ基準達成率112%。,official-panasonic-models,no
panasonic,パナソニック,NR-F55HY2,panasonic-nrf55hy2,vegetables,野菜鮮度保持,メーカー公式仕様表で搭載を確認。,official-panasonic-models,no
panasonic,パナソニック,NR-F55HY2,panasonic-nrf55hy2,usability,自動製氷,メーカー公式仕様表で搭載を確認。,official-panasonic-models,no
panasonic,パナソニック,NR-F55HY2,panasonic-nrf55hy2,freezing,クーリングアシスト（急凍）,急速冷凍。メーカー公式カタログ・公式仕様表で搭載を確認,official-panasonic-models,yes
panasonic,パナソニック,NR-F55HY2,panasonic-nrf55hy2,freezing,クーリングアシスト／霜つき抑制冷凍,高品質冷凍。メーカー公式カタログ・公式仕様表で搭載を確認,official-panasonic-models,yes
panasonic,パナソニック,NR-F55HY2,panasonic-nrf55hy2,freezing,急凍・冷ます・急冷,作り置き・冷凍食品向け。メーカー公式カタログ・公式仕様表で搭載を確認,official-panasonic-models,yes
panasonic,パナソニック,NR-F55HY2,panasonic-nrf55hy2,freshness,パーシャル／チルド切替室,高鮮度保存機能。メーカー公式カタログ・公式仕様表で搭載を確認,official-panasonic-models,yes
panasonic,パナソニック,NR-F55HY2,panasonic-nrf55hy2,freshness,微凍結パーシャル（解凍せず切り分け）,解凍不要調理。メーカー公式カタログ・公式仕様表で搭載を確認,official-panasonic-models,yes
panasonic,パナソニック,NR-F55HY2,panasonic-nrf55hy2,vegetables,シャキシャキ野菜室,野菜鮮度保持。パナソニック公式カタログの型番別機能一覧で確認,official-panasonic-models,yes
panasonic,パナソニック,NR-F55HY2,panasonic-nrf55hy2,vegetables,モイスチャーコントロール,湿度・乾燥対策。メーカー公式カタログ・公式仕様表で搭載を確認,official-panasonic-models,yes
panasonic,パナソニック,NR-F55HY2,panasonic-nrf55hy2,freshness,ナノイーX・Wクリーンフィルター（抗菌・脱臭）,脱臭。パナソニック公式カタログの型番別機能一覧で確認,official-panasonic-models,yes
panasonic,パナソニック,NR-F55HY2,panasonic-nrf55hy2,freshness,ナノイーX,除菌。パナソニック公式カタログの型番別機能一覧で確認,official-panasonic-models,yes
panasonic,パナソニック,NR-F55HY2,panasonic-nrf55hy2,freshness,Wクリーンフィルター（抗菌・脱臭）,抗菌加工。パナソニック公式カタログの型番別機能一覧で確認,official-panasonic-models,yes
panasonic,パナソニック,NR-F55HY2,panasonic-nrf55hy2,usability,全棚ガラストレイ・わけられるん棚,棚の可変性。パナソニック公式の型番別製品仕様で確認,official-panasonic-models,yes
panasonic,パナソニック,NR-F55HY2,panasonic-nrf55hy2,energy,AIエコナビ（自動節電）,省エネ運転。パナソニック公式『AIエコナビ』対応機種一覧で確認,official-panasonic-models,yes
panasonic,パナソニック,NR-F55HY2,panasonic-nrf55hy2,energy,AIエコナビ（生活リズム学習）,AI・生活パターン学習。パナソニック公式『AIエコナビ』対応機種一覧で確認,official-panasonic-models,yes
panasonic,パナソニック,NR-F55HY2,panasonic-nrf55hy2,energy,開閉・照度・庫内温度センサー,センサー省エネ。メーカー公式カタログ・公式仕様表で搭載を確認,official-panasonic-models,yes
panasonic,パナソニック,NR-F55HY2,panasonic-nrf55hy2,usability,無線LAN,Wi-Fi。メーカー公式カタログ・公式仕様表で搭載を確認,official-panasonic-models,yes
panasonic,パナソニック,NR-F55HY2,panasonic-nrf55hy2,usability,KitchenPocket,スマートフォン・アプリ連携。メーカー公式カタログ・公式仕様表で搭載を確認,official-panasonic-models,yes
panasonic,パナソニック,NR-F55HY2,panasonic-nrf55hy2,usability,別売冷蔵庫AIカメラ対応,食材管理。パナソニック公式『冷蔵庫AIカメラ 対応機種』一覧で確認,official-panasonic-models,yes
panasonic,パナソニック,NR-F55HY2,panasonic-nrf55hy2,usability,運転状況・ドア開閉の確認,通知・見守り。メーカー公式カタログ・公式仕様表で搭載を確認,official-panasonic-models,yes
panasonic,パナソニック,NR-F55HY2,panasonic-nrf55hy2,usability,AIエコナビ,AI機能。メーカー公式カタログ・公式仕様表で搭載を確認,official-panasonic-models,yes
panasonic,パナソニック,NR-F55HY2,panasonic-nrf55hy2,usability,奥まで見えるフルオープン,冷凍室・野菜室を奥まで引き出して見渡せる。,official-panasonic-models,yes
panasonic,パナソニック,NR-F55HY2,panasonic-nrf55hy2,freezing,上段深型ケース,冷凍室上段にも背の高い食品を収納できる。,official-panasonic-models,yes
panasonic,パナソニック,NR-F55HY3,panasonic-nrf55hy3,basic,定格内容積 551L,本体幅650mm、奥行699mm、高さ1850mm。,official-panasonic-models,no
panasonic,パナソニック,NR-F55HY3,panasonic-nrf55hy3,energy,年間消費電力量 266kWh/年,2021年省エネ基準達成率112%。,official-panasonic-models,no
panasonic,パナソニック,NR-F55HY3,panasonic-nrf55hy3,freezing,霜つき抑制冷凍,メーカー公式仕様表で搭載を確認。,official-panasonic-models,no
panasonic,パナソニック,NR-F55HY3,panasonic-nrf55hy3,vegetables,野菜鮮度保持,メーカー公式仕様表で搭載を確認。,official-panasonic-models,no
panasonic,パナソニック,NR-F55HY3,panasonic-nrf55hy3,usability,自動製氷,メーカー公式仕様表で搭載を確認。,official-panasonic-models,no
panasonic,パナソニック,NR-F55HY3,panasonic-nrf55hy3,freezing,クーリングアシスト（急凍）,急速冷凍。メーカー公式カタログ・公式仕様表で搭載を確認,official-panasonic-models,yes
panasonic,パナソニック,NR-F55HY3,panasonic-nrf55hy3,freezing,クーリングアシスト／霜つき抑制冷凍,高品質冷凍。メーカー公式カタログ・公式仕様表で搭載を確認,official-panasonic-models,yes
panasonic,パナソニック,NR-F55HY3,panasonic-nrf55hy3,freezing,急凍・冷ます・急冷,作り置き・冷凍食品向け。メーカー公式カタログ・公式仕様表で搭載を確認,official-panasonic-models,yes
panasonic,パナソニック,NR-F55HY3,panasonic-nrf55hy3,freshness,パーシャル／チルド切替室,高鮮度保存機能。メーカー公式カタログ・公式仕様表で搭載を確認,official-panasonic-models,yes
panasonic,パナソニック,NR-F55HY3,panasonic-nrf55hy3,freshness,微凍結パーシャル（解凍せず切り分け）,解凍不要調理。メーカー公式カタログ・公式仕様表で搭載を確認,official-panasonic-models,yes
panasonic,パナソニック,NR-F55HY3,panasonic-nrf55hy3,vegetables,シャキシャキ野菜室,野菜鮮度保持。パナソニック公式カタログの型番別機能一覧で確認,official-panasonic-models,yes
panasonic,パナソニック,NR-F55HY3,panasonic-nrf55hy3,vegetables,モイスチャーコントロール,湿度・乾燥対策。メーカー公式カタログ・公式仕様表で搭載を確認,official-panasonic-models,yes
panasonic,パナソニック,NR-F55HY3,panasonic-nrf55hy3,freshness,ナノイーX・Wクリーンフィルター（抗菌・脱臭）,脱臭。パナソニック公式カタログの型番別機能一覧で確認,official-panasonic-models,yes
panasonic,パナソニック,NR-F55HY3,panasonic-nrf55hy3,freshness,ナノイーX,除菌。パナソニック公式カタログの型番別機能一覧で確認,official-panasonic-models,yes
panasonic,パナソニック,NR-F55HY3,panasonic-nrf55hy3,freshness,Wクリーンフィルター（抗菌・脱臭）,抗菌加工。パナソニック公式カタログの型番別機能一覧で確認,official-panasonic-models,yes
panasonic,パナソニック,NR-F55HY3,panasonic-nrf55hy3,usability,全棚ガラストレイ・わけられるん棚,棚の可変性。パナソニック公式の型番別製品仕様で確認,official-panasonic-models,yes
panasonic,パナソニック,NR-F55HY3,panasonic-nrf55hy3,energy,AIエコナビ（自動節電）,省エネ運転。パナソニック公式『AIエコナビ』対応機種一覧で確認,official-panasonic-models,yes
panasonic,パナソニック,NR-F55HY3,panasonic-nrf55hy3,energy,AIエコナビ（生活リズム学習）,AI・生活パターン学習。パナソニック公式『AIエコナビ』対応機種一覧で確認,official-panasonic-models,yes
panasonic,パナソニック,NR-F55HY3,panasonic-nrf55hy3,energy,開閉・照度・庫内温度センサー,センサー省エネ。メーカー公式カタログ・公式仕様表で搭載を確認,official-panasonic-models,yes
panasonic,パナソニック,NR-F55HY3,panasonic-nrf55hy3,usability,無線LAN,Wi-Fi。メーカー公式カタログ・公式仕様表で搭載を確認,official-panasonic-models,yes
panasonic,パナソニック,NR-F55HY3,panasonic-nrf55hy3,usability,KitchenPocket,スマートフォン・アプリ連携。メーカー公式カタログ・公式仕様表で搭載を確認,official-panasonic-models,yes
panasonic,パナソニック,NR-F55HY3,panasonic-nrf55hy3,usability,別売冷蔵庫AIカメラ対応,食材管理。パナソニック公式『冷蔵庫AIカメラ 対応機種』一覧で確認,official-panasonic-models,yes
panasonic,パナソニック,NR-F55HY3,panasonic-nrf55hy3,usability,運転状況・ドア開閉の確認,通知・見守り。メーカー公式カタログ・公式仕様表で搭載を確認,official-panasonic-models,yes
panasonic,パナソニック,NR-F55HY3,panasonic-nrf55hy3,usability,AIエコナビ,AI機能。メーカー公式カタログ・公式仕様表で搭載を確認,official-panasonic-models,yes
panasonic,パナソニック,NR-F55HY3,panasonic-nrf55hy3,usability,奥まで見えるフルオープン,冷凍室・野菜室を奥まで引き出して見渡せる。,official-panasonic-models,yes
panasonic,パナソニック,NR-F55HY3,panasonic-nrf55hy3,freezing,上段深型ケース,冷凍室上段にも背の高い食品を収納できる。,official-panasonic-models,yes
panasonic,パナソニック,NR-F55WX3,panasonic-nrf55wx3,basic,定格内容積 551L,本体幅685mm、奥行699mm、高さ1828mm。,official-panasonic-models,no
panasonic,パナソニック,NR-F55WX3,panasonic-nrf55wx3,energy,年間消費電力量 252kWh/年,2021年省エネ基準達成率117%。,official-panasonic-models,no
panasonic,パナソニック,NR-F55WX3,panasonic-nrf55wx3,freezing,霜つき抑制冷凍,メーカー公式仕様表で搭載を確認。,official-panasonic-models,no
panasonic,パナソニック,NR-F55WX3,panasonic-nrf55wx3,vegetables,野菜鮮度保持,メーカー公式仕様表で搭載を確認。,official-panasonic-models,no
panasonic,パナソニック,NR-F55WX3,panasonic-nrf55wx3,usability,自動製氷,メーカー公式仕様表で搭載を確認。,official-panasonic-models,no
panasonic,パナソニック,NR-F55WX3,panasonic-nrf55wx3,energy,AIエコナビ,メーカー公式仕様表で搭載を確認。,official-panasonic-models,no
panasonic,パナソニック,NR-F55WX3,panasonic-nrf55wx3,freezing,クーリングアシスト（急凍）,急速冷凍。メーカー公式カタログ・公式仕様表で搭載を確認,official-panasonic-models,yes
panasonic,パナソニック,NR-F55WX3,panasonic-nrf55wx3,freezing,クーリングアシスト／霜つき抑制冷凍,高品質冷凍。メーカー公式カタログ・公式仕様表で搭載を確認,official-panasonic-models,yes
panasonic,パナソニック,NR-F55WX3,panasonic-nrf55wx3,freezing,急凍・冷ます・急冷,作り置き・冷凍食品向け。メーカー公式カタログ・公式仕様表で搭載を確認,official-panasonic-models,yes
panasonic,パナソニック,NR-F55WX3,panasonic-nrf55wx3,freshness,パーシャル／チルド切替室,高鮮度保存機能。メーカー公式カタログ・公式仕様表で搭載を確認,official-panasonic-models,yes
panasonic,パナソニック,NR-F55WX3,panasonic-nrf55wx3,freshness,微凍結パーシャル（解凍せず切り分け）,解凍不要調理。メーカー公式カタログ・公式仕様表で搭載を確認,official-panasonic-models,yes
panasonic,パナソニック,NR-F55WX3,panasonic-nrf55wx3,vegetables,Wシャキシャキ野菜室,野菜鮮度保持。パナソニック公式カタログの型番別機能一覧で確認,official-panasonic-models,yes
panasonic,パナソニック,NR-F55WX3,panasonic-nrf55wx3,vegetables,モイスチャーコントロール,湿度・乾燥対策。メーカー公式カタログ・公式仕様表で搭載を確認,official-panasonic-models,yes
panasonic,パナソニック,NR-F55WX3,panasonic-nrf55wx3,freshness,ナノイーX・Agバイオ抗菌脱臭,脱臭。パナソニック公式カタログの型番別機能一覧で確認,official-panasonic-models,yes
panasonic,パナソニック,NR-F55WX3,panasonic-nrf55wx3,freshness,ナノイーX,除菌。パナソニック公式カタログの型番別機能一覧で確認,official-panasonic-models,yes
panasonic,パナソニック,NR-F55WX3,panasonic-nrf55wx3,freshness,Agバイオ抗菌脱臭,抗菌加工。パナソニック公式カタログの型番別機能一覧で確認,official-panasonic-models,yes
panasonic,パナソニック,NR-F55WX3,panasonic-nrf55wx3,usability,全棚ガラストレイ・わけられるん棚,棚の可変性。パナソニック公式の型番別製品仕様で確認,official-panasonic-models,yes
panasonic,パナソニック,NR-F55WX3,panasonic-nrf55wx3,energy,AIエコナビ（自動節電）,省エネ運転。パナソニック公式『AIエコナビ』対応機種一覧で確認,official-panasonic-models,yes
panasonic,パナソニック,NR-F55WX3,panasonic-nrf55wx3,energy,AIエコナビ（生活リズム学習）,AI・生活パターン学習。パナソニック公式『AIエコナビ』対応機種一覧で確認,official-panasonic-models,yes
panasonic,パナソニック,NR-F55WX3,panasonic-nrf55wx3,energy,開閉・照度・庫内温度センサー,センサー省エネ。メーカー公式カタログ・公式仕様表で搭載を確認,official-panasonic-models,yes
panasonic,パナソニック,NR-F55WX3,panasonic-nrf55wx3,usability,無線LAN,Wi-Fi。メーカー公式カタログ・公式仕様表で搭載を確認,official-panasonic-models,yes
panasonic,パナソニック,NR-F55WX3,panasonic-nrf55wx3,usability,KitchenPocket,スマートフォン・アプリ連携。メーカー公式カタログ・公式仕様表で搭載を確認,official-panasonic-models,yes
panasonic,パナソニック,NR-F55WX3,panasonic-nrf55wx3,usability,別売冷蔵庫AIカメラ対応,食材管理。パナソニック公式『冷蔵庫AIカメラ 対応機種』一覧で確認,official-panasonic-models,yes
panasonic,パナソニック,NR-F55WX3,panasonic-nrf55wx3,usability,運転状況・ドア開閉の確認,通知・見守り。メーカー公式カタログ・公式仕様表で搭載を確認,official-panasonic-models,yes
panasonic,パナソニック,NR-F55WX3,panasonic-nrf55wx3,basic,トップユニット方式,コンプレッサーを最上部に配置し、下部の収納容量を確保。,official-panasonic-models,yes
panasonic,パナソニック,NR-F55WX3,panasonic-nrf55wx3,basic,ローウエストライン,よく使う冷蔵室の棚を見渡しやすい低めの設計。,official-panasonic-models,yes
panasonic,パナソニック,NR-F55WX3,panasonic-nrf55wx3,usability,奥まで見えるフルオープン,冷凍室・野菜室を奥まで引き出して見渡せる。,official-panasonic-models,yes
panasonic,パナソニック,NR-F55WX3,panasonic-nrf55wx3,freezing,上段深型ケース,冷凍室上段にも背の高い食品を収納できる。,official-panasonic-models,yes
panasonic,パナソニック,NR-F55WX3,panasonic-nrf55wx3,freezing,熱いまま急速冷凍,調理後の食品を熱いまま急速冷凍できる。,official-panasonic-models,yes
panasonic,パナソニック,NR-F55WX3,panasonic-nrf55wx3,freezing,あら熱取り・急速冷却,クーリングアシストルームであら熱取りと急速冷却に対応。,official-panasonic-models,yes
panasonic,パナソニック,NR-F54EY3,panasonic-nrf54ey3,basic,定格内容積 542L,本体幅650mm、奥行699mm、高さ1850mm。,official-panasonic-models,no
panasonic,パナソニック,NR-F54EY3,panasonic-nrf54ey3,energy,年間消費電力量 296kWh/年,2021年省エネ基準達成率100%。,official-panasonic-models,no
panasonic,パナソニック,NR-F54EY3,panasonic-nrf54ey3,freezing,霜つき抑制冷凍,メーカー公式仕様表で搭載を確認。,official-panasonic-models,no
panasonic,パナソニック,NR-F54EY3,panasonic-nrf54ey3,vegetables,野菜鮮度保持,メーカー公式仕様表で搭載を確認。,official-panasonic-models,no
panasonic,パナソニック,NR-F54EY3,panasonic-nrf54ey3,usability,自動製氷,メーカー公式仕様表で搭載を確認。,official-panasonic-models,no
panasonic,パナソニック,NR-F54EY3,panasonic-nrf54ey3,freezing,新鮮凍結,急速冷凍。メーカー公式カタログ・公式仕様表で搭載を確認,official-panasonic-models,yes
panasonic,パナソニック,NR-F54EY3,panasonic-nrf54ey3,freshness,パーシャル／チルド切替室,高鮮度保存機能。メーカー公式カタログ・公式仕様表で搭載を確認,official-panasonic-models,yes
panasonic,パナソニック,NR-F54EY3,panasonic-nrf54ey3,freshness,微凍結パーシャル（解凍せず切り分け）,解凍不要調理。メーカー公式カタログ・公式仕様表で搭載を確認,official-panasonic-models,yes
panasonic,パナソニック,NR-F54EY3,panasonic-nrf54ey3,vegetables,シャキシャキ野菜室,野菜鮮度保持。パナソニック公式カタログの型番別機能一覧で確認,official-panasonic-models,yes
panasonic,パナソニック,NR-F54EY3,panasonic-nrf54ey3,vegetables,モイスチャーコントロール,湿度・乾燥対策。メーカー公式カタログ・公式仕様表で搭載を確認,official-panasonic-models,yes
panasonic,パナソニック,NR-F54EY3,panasonic-nrf54ey3,freshness,Wクリーンフィルター（抗菌・脱臭）,脱臭。パナソニック公式カタログの型番別機能一覧で確認,official-panasonic-models,yes
panasonic,パナソニック,NR-F54EY3,panasonic-nrf54ey3,usability,全棚ガラストレイ・わけられるん棚,棚の可変性。パナソニック公式の型番別製品仕様で確認,official-panasonic-models,yes
panasonic,パナソニック,NR-F54EY3,panasonic-nrf54ey3,energy,AIエコナビ（自動節電）,省エネ運転。パナソニック公式『AIエコナビ』対応機種一覧で確認,official-panasonic-models,yes
panasonic,パナソニック,NR-F54EY3,panasonic-nrf54ey3,energy,AIエコナビ（生活リズム学習）,AI・生活パターン学習。パナソニック公式『AIエコナビ』対応機種一覧で確認,official-panasonic-models,yes
panasonic,パナソニック,NR-F54EY3,panasonic-nrf54ey3,energy,開閉・照度・庫内温度センサー,センサー省エネ。メーカー公式カタログ・公式仕様表で搭載を確認,official-panasonic-models,yes
panasonic,パナソニック,NR-F54EY3,panasonic-nrf54ey3,usability,別売冷蔵庫AIカメラ対応,食材管理。パナソニック公式『冷蔵庫AIカメラ 対応機種』一覧で確認,official-panasonic-models,yes
panasonic,パナソニック,NR-F54EY3,panasonic-nrf54ey3,usability,奥まで見えるフルオープン,冷凍室・野菜室を奥まで引き出して見渡せる。,official-panasonic-models,yes
panasonic,パナソニック,NR-F53HX1,panasonic-nrf53hx1,basic,定格内容積 525L,本体幅650mm、奥行699mm、高さ1828mm。,official-panasonic-models,no
panasonic,パナソニック,NR-F53HX1,panasonic-nrf53hx1,energy,年間消費電力量 261kWh/年,2021年省エネ基準達成率109%。,official-panasonic-models,no
panasonic,パナソニック,NR-F53HX1,panasonic-nrf53hx1,vegetables,野菜鮮度保持,メーカー公式仕様表で搭載を確認。,official-panasonic-models,no
panasonic,パナソニック,NR-F53HX1,panasonic-nrf53hx1,usability,自動製氷,メーカー公式仕様表で搭載を確認。,official-panasonic-models,no
panasonic,パナソニック,NR-F53HX1,panasonic-nrf53hx1,energy,AIエコナビ,メーカー公式仕様表で搭載を確認。,official-panasonic-models,no
panasonic,パナソニック,NR-F53HX1,panasonic-nrf53hx1,freezing,クーリングアシスト（急凍）,急速冷凍。メーカー公式カタログ・公式仕様表で搭載を確認,official-panasonic-models,yes
panasonic,パナソニック,NR-F53HX1,panasonic-nrf53hx1,freezing,クーリングアシスト／霜つき抑制冷凍,高品質冷凍。メーカー公式カタログ・公式仕様表で搭載を確認,official-panasonic-models,yes
panasonic,パナソニック,NR-F53HX1,panasonic-nrf53hx1,freezing,急凍・冷ます・急冷,作り置き・冷凍食品向け。メーカー公式カタログ・公式仕様表で搭載を確認,official-panasonic-models,yes
panasonic,パナソニック,NR-F53HX1,panasonic-nrf53hx1,freshness,パーシャル／チルド切替室,高鮮度保存機能。メーカー公式カタログ・公式仕様表で搭載を確認,official-panasonic-models,yes
panasonic,パナソニック,NR-F53HX1,panasonic-nrf53hx1,freshness,微凍結パーシャル（解凍せず切り分け）,解凍不要調理。メーカー公式カタログ・公式仕様表で搭載を確認,official-panasonic-models,yes
panasonic,パナソニック,NR-F53HX1,panasonic-nrf53hx1,vegetables,モイスチャーコントロール,湿度・乾燥対策。メーカー公式カタログ・公式仕様表で搭載を確認,official-panasonic-models,yes
panasonic,パナソニック,NR-F53HX1,panasonic-nrf53hx1,freshness,ナノイーX／抗菌脱臭,脱臭。メーカー公式カタログ・公式仕様表で搭載を確認,official-panasonic-models,yes
panasonic,パナソニック,NR-F53HX1,panasonic-nrf53hx1,freshness,ナノイーX,除菌。メーカー公式カタログ・公式仕様表で搭載を確認,official-panasonic-models,yes
panasonic,パナソニック,NR-F53HX1,panasonic-nrf53hx1,freshness,Agバイオ抗菌脱臭,抗菌加工。メーカー公式カタログ・公式仕様表で搭載を確認,official-panasonic-models,yes
panasonic,パナソニック,NR-F53HX1,panasonic-nrf53hx1,usability,わけられるん棚／全段ガラス棚,棚の可変性。メーカー公式カタログ・公式仕様表で搭載を確認,official-panasonic-models,yes
panasonic,パナソニック,NR-F53HX1,panasonic-nrf53hx1,energy,開閉・照度・庫内温度センサー,センサー省エネ。メーカー公式カタログ・公式仕様表で搭載を確認,official-panasonic-models,yes
panasonic,パナソニック,NR-F53HX1,panasonic-nrf53hx1,usability,無線LAN,Wi-Fi。メーカー公式カタログ・公式仕様表で搭載を確認,official-panasonic-models,yes
panasonic,パナソニック,NR-F53HX1,panasonic-nrf53hx1,usability,KitchenPocket,スマートフォン・アプリ連携。メーカー公式カタログ・公式仕様表で搭載を確認,official-panasonic-models,yes
panasonic,パナソニック,NR-F53HX1,panasonic-nrf53hx1,usability,別売冷蔵庫AIカメラ対応,食材管理。パナソニック公式『冷蔵庫AIカメラ 対応機種』一覧で確認,official-panasonic-models,yes
panasonic,パナソニック,NR-F53HX1,panasonic-nrf53hx1,usability,運転状況・ドア開閉の確認,通知・見守り。メーカー公式カタログ・公式仕様表で搭載を確認,official-panasonic-models,yes
panasonic,パナソニック,NR-F52BR3,panasonic-nrf52br3,basic,定格内容積 515L,本体幅650mm、奥行699mm、高さ1850mm。,official-panasonic-models,no
panasonic,パナソニック,NR-F52BR3,panasonic-nrf52br3,energy,年間消費電力量 286kWh/年,2021年省エネ基準達成率100%。,official-panasonic-models,no
panasonic,パナソニック,NR-F52BR3,panasonic-nrf52br3,freezing,霜つき抑制冷凍,メーカー公式仕様表で搭載を確認。,official-panasonic-models,no
panasonic,パナソニック,NR-F52BR3,panasonic-nrf52br3,vegetables,野菜鮮度保持,メーカー公式仕様表で搭載を確認。,official-panasonic-models,no
panasonic,パナソニック,NR-F52BR3,panasonic-nrf52br3,usability,自動製氷,メーカー公式仕様表で搭載を確認。,official-panasonic-models,no
panasonic,パナソニック,NR-F52BR3,panasonic-nrf52br3,energy,AIエコナビ,メーカー公式仕様表で搭載を確認。,official-panasonic-models,no
panasonic,パナソニック,NR-F52BR3,panasonic-nrf52br3,freezing,急凍機能,急速冷凍。パナソニック公式の型番別製品仕様で確認,official-panasonic-models,yes
panasonic,パナソニック,NR-F52BR3,panasonic-nrf52br3,freshness,チルドルーム,高鮮度保存機能。パナソニック公式の型番別製品仕様で確認,official-panasonic-models,yes
panasonic,パナソニック,NR-F52BR3,panasonic-nrf52br3,vegetables,Wシャキシャキ野菜室プラス,野菜鮮度保持。パナソニック公式の型番別製品仕様で確認,official-panasonic-models,yes
panasonic,パナソニック,NR-F52BR3,panasonic-nrf52br3,vegetables,うるおい冷却,湿度・乾燥対策。パナソニック公式の型番別製品仕様で確認,official-panasonic-models,yes
panasonic,パナソニック,NR-F52BR3,panasonic-nrf52br3,freshness,Wクリーンフィルター,脱臭。パナソニック公式の型番別製品仕様で確認,official-panasonic-models,yes
panasonic,パナソニック,NR-F52BR3,panasonic-nrf52br3,usability,全棚ガラストレイ・わけられるん棚,棚の可変性。パナソニック公式の型番別製品仕様で確認,official-panasonic-models,yes
panasonic,パナソニック,NR-F52BR3,panasonic-nrf52br3,energy,AIエコナビ（自動節電）,省エネ運転。パナソニック公式『AIエコナビ』対応機種一覧で確認,official-panasonic-models,yes
panasonic,パナソニック,NR-F52BR3,panasonic-nrf52br3,energy,AIエコナビ（生活リズム学習）,AI・生活パターン学習。パナソニック公式『AIエコナビ』対応機種一覧で確認,official-panasonic-models,yes
panasonic,パナソニック,NR-F52BR3,panasonic-nrf52br3,energy,開閉・照度・庫内温度センサー,センサー省エネ。メーカー公式カタログ・公式仕様表で搭載を確認,official-panasonic-models,yes
panasonic,パナソニック,NR-F52BR3,panasonic-nrf52br3,usability,奥まで見えるフルオープン（冷凍室）,冷凍室を奥まで引き出して見渡せる。,official-panasonic-models,yes
panasonic,パナソニック,NR-F50EX1,panasonic-nrf50ex1,basic,定格内容積 501L,本体幅650mm、奥行699mm、高さ1828mm。,official-panasonic-models,no
panasonic,パナソニック,NR-F50EX1,panasonic-nrf50ex1,energy,年間消費電力量 279kWh/年,2021年省エネ基準達成率100%。,official-panasonic-models,no
panasonic,パナソニック,NR-F50EX1,panasonic-nrf50ex1,vegetables,野菜鮮度保持,メーカー公式仕様表で搭載を確認。,official-panasonic-models,no
panasonic,パナソニック,NR-F50EX1,panasonic-nrf50ex1,usability,自動製氷,メーカー公式仕様表で搭載を確認。,official-panasonic-models,no
panasonic,パナソニック,NR-F50EX1,panasonic-nrf50ex1,energy,AIエコナビ,メーカー公式仕様表で搭載を確認。,official-panasonic-models,no
panasonic,パナソニック,NR-F50EX1,panasonic-nrf50ex1,freezing,新鮮凍結,急速冷凍。メーカー公式カタログ・公式仕様表で搭載を確認,official-panasonic-models,yes
panasonic,パナソニック,NR-F50EX1,panasonic-nrf50ex1,freshness,パーシャル／チルド切替室,高鮮度保存機能。メーカー公式カタログ・公式仕様表で搭載を確認,official-panasonic-models,yes
panasonic,パナソニック,NR-F50EX1,panasonic-nrf50ex1,freshness,微凍結パーシャル（解凍せず切り分け）,解凍不要調理。メーカー公式カタログ・公式仕様表で搭載を確認,official-panasonic-models,yes
panasonic,パナソニック,NR-F50EX1,panasonic-nrf50ex1,vegetables,モイスチャーコントロール,湿度・乾燥対策。メーカー公式カタログ・公式仕様表で搭載を確認,official-panasonic-models,yes
panasonic,パナソニック,NR-F50EX1,panasonic-nrf50ex1,freshness,Wクリーンフィルター,脱臭。メーカー公式カタログ・公式仕様表で搭載を確認,official-panasonic-models,yes
panasonic,パナソニック,NR-F50EX1,panasonic-nrf50ex1,freshness,Wクリーンフィルター（抗菌）,抗菌加工。メーカー公式カタログ・公式仕様表で搭載を確認,official-panasonic-models,yes
panasonic,パナソニック,NR-F50EX1,panasonic-nrf50ex1,usability,わけられるん棚／全段ガラス棚,棚の可変性。メーカー公式カタログ・公式仕様表で搭載を確認,official-panasonic-models,yes
panasonic,パナソニック,NR-F50EX1,panasonic-nrf50ex1,energy,AIエコナビ（自動節電）,省エネ運転。パナソニック公式『AIエコナビ』対応機種一覧で確認,official-panasonic-models,yes
panasonic,パナソニック,NR-F50EX1,panasonic-nrf50ex1,energy,AIエコナビ（生活リズム学習）,AI・生活パターン学習。パナソニック公式『AIエコナビ』対応機種一覧で確認,official-panasonic-models,yes
panasonic,パナソニック,NR-F50EX1,panasonic-nrf50ex1,energy,開閉・照度・庫内温度センサー,センサー省エネ。メーカー公式カタログ・公式仕様表で搭載を確認,official-panasonic-models,yes
panasonic,パナソニック,NR-F50EX1,panasonic-nrf50ex1,usability,別売冷蔵庫AIカメラ対応,食材管理。パナソニック公式『冷蔵庫AIカメラ 対応機種』一覧で確認,official-panasonic-models,yes
panasonic,パナソニック,NR-F50HY2,panasonic-nrf50hy2,basic,定格内容積 501L,本体幅650mm、奥行650mm、高さ1850mm。,official-panasonic-models,no
panasonic,パナソニック,NR-F50HY2,panasonic-nrf50hy2,energy,年間消費電力量 258kWh/年,2021年省エネ基準達成率109%。,official-panasonic-models,no
panasonic,パナソニック,NR-F50HY2,panasonic-nrf50hy2,vegetables,野菜鮮度保持,メーカー公式仕様表で搭載を確認。,official-panasonic-models,no
panasonic,パナソニック,NR-F50HY2,panasonic-nrf50hy2,usability,自動製氷,メーカー公式仕様表で搭載を確認。,official-panasonic-models,no
panasonic,パナソニック,NR-F50HY2,panasonic-nrf50hy2,freezing,クーリングアシスト（急凍）,急速冷凍。メーカー公式カタログ・公式仕様表で搭載を確認,official-panasonic-models,yes
panasonic,パナソニック,NR-F50HY2,panasonic-nrf50hy2,freezing,クーリングアシスト／霜つき抑制冷凍,高品質冷凍。メーカー公式カタログ・公式仕様表で搭載を確認,official-panasonic-models,yes
panasonic,パナソニック,NR-F50HY2,panasonic-nrf50hy2,freezing,急凍・冷ます・急冷,作り置き・冷凍食品向け。メーカー公式カタログ・公式仕様表で搭載を確認,official-panasonic-models,yes
panasonic,パナソニック,NR-F50HY2,panasonic-nrf50hy2,freshness,パーシャル／チルド切替室,高鮮度保存機能。メーカー公式カタログ・公式仕様表で搭載を確認,official-panasonic-models,yes
panasonic,パナソニック,NR-F50HY2,panasonic-nrf50hy2,freshness,微凍結パーシャル（解凍せず切り分け）,解凍不要調理。メーカー公式カタログ・公式仕様表で搭載を確認,official-panasonic-models,yes
panasonic,パナソニック,NR-F50HY2,panasonic-nrf50hy2,vegetables,シャキシャキ野菜室,野菜鮮度保持。パナソニック公式カタログの型番別機能一覧で確認,official-panasonic-models,yes
panasonic,パナソニック,NR-F50HY2,panasonic-nrf50hy2,vegetables,モイスチャーコントロール,湿度・乾燥対策。メーカー公式カタログ・公式仕様表で搭載を確認,official-panasonic-models,yes
panasonic,パナソニック,NR-F50HY2,panasonic-nrf50hy2,freshness,ナノイーX・Wクリーンフィルター（抗菌・脱臭）,脱臭。パナソニック公式カタログの型番別機能一覧で確認,official-panasonic-models,yes
panasonic,パナソニック,NR-F50HY2,panasonic-nrf50hy2,freshness,ナノイーX,除菌。パナソニック公式カタログの型番別機能一覧で確認,official-panasonic-models,yes
panasonic,パナソニック,NR-F50HY2,panasonic-nrf50hy2,freshness,Wクリーンフィルター（抗菌・脱臭）,抗菌加工。パナソニック公式カタログの型番別機能一覧で確認,official-panasonic-models,yes
panasonic,パナソニック,NR-F50HY2,panasonic-nrf50hy2,usability,全棚ガラストレイ・わけられるん棚,棚の可変性。パナソニック公式の型番別製品仕様で確認,official-panasonic-models,yes
panasonic,パナソニック,NR-F50HY2,panasonic-nrf50hy2,energy,AIエコナビ（自動節電）,省エネ運転。パナソニック公式『AIエコナビ』対応機種一覧で確認,official-panasonic-models,yes
panasonic,パナソニック,NR-F50HY2,panasonic-nrf50hy2,energy,AIエコナビ（生活リズム学習）,AI・生活パターン学習。パナソニック公式『AIエコナビ』対応機種一覧で確認,official-panasonic-models,yes
panasonic,パナソニック,NR-F50HY2,panasonic-nrf50hy2,energy,開閉・照度・庫内温度センサー,センサー省エネ。メーカー公式カタログ・公式仕様表で搭載を確認,official-panasonic-models,yes
panasonic,パナソニック,NR-F50HY2,panasonic-nrf50hy2,usability,無線LAN,Wi-Fi。メーカー公式カタログ・公式仕様表で搭載を確認,official-panasonic-models,yes
panasonic,パナソニック,NR-F50HY2,panasonic-nrf50hy2,usability,KitchenPocket,スマートフォン・アプリ連携。メーカー公式カタログ・公式仕様表で搭載を確認,official-panasonic-models,yes
panasonic,パナソニック,NR-F50HY2,panasonic-nrf50hy2,usability,別売冷蔵庫AIカメラ対応,食材管理。パナソニック公式『冷蔵庫AIカメラ 対応機種』一覧で確認,official-panasonic-models,yes
panasonic,パナソニック,NR-F50HY2,panasonic-nrf50hy2,usability,運転状況・ドア開閉の確認,通知・見守り。メーカー公式カタログ・公式仕様表で搭載を確認,official-panasonic-models,yes
panasonic,パナソニック,NR-F50HY2,panasonic-nrf50hy2,usability,AIエコナビ,AI機能。メーカー公式カタログ・公式仕様表で搭載を確認,official-panasonic-models,yes
panasonic,パナソニック,NR-F50HY2,panasonic-nrf50hy2,usability,奥まで見えるフルオープン,冷凍室・野菜室を奥まで引き出して見渡せる。,official-panasonic-models,yes
panasonic,パナソニック,NR-F50HY2,panasonic-nrf50hy2,freezing,上段深型ケース,冷凍室上段にも背の高い食品を収納できる。,official-panasonic-models,yes
panasonic,パナソニック,NR-F50HY3,panasonic-nrf50hy3,basic,定格内容積 501L,本体幅650mm、奥行650mm、高さ1850mm。,official-panasonic-models,no
panasonic,パナソニック,NR-F50HY3,panasonic-nrf50hy3,energy,年間消費電力量 258kWh/年,2021年省エネ基準達成率109%。,official-panasonic-models,no
panasonic,パナソニック,NR-F50HY3,panasonic-nrf50hy3,freezing,霜つき抑制冷凍,メーカー公式仕様表で搭載を確認。,official-panasonic-models,no
panasonic,パナソニック,NR-F50HY3,panasonic-nrf50hy3,vegetables,野菜鮮度保持,メーカー公式仕様表で搭載を確認。,official-panasonic-models,no
panasonic,パナソニック,NR-F50HY3,panasonic-nrf50hy3,usability,自動製氷,メーカー公式仕様表で搭載を確認。,official-panasonic-models,no
panasonic,パナソニック,NR-F50HY3,panasonic-nrf50hy3,freezing,クーリングアシスト（急凍）,急速冷凍。メーカー公式カタログ・公式仕様表で搭載を確認,official-panasonic-models,yes
panasonic,パナソニック,NR-F50HY3,panasonic-nrf50hy3,freezing,クーリングアシスト／霜つき抑制冷凍,高品質冷凍。メーカー公式カタログ・公式仕様表で搭載を確認,official-panasonic-models,yes
panasonic,パナソニック,NR-F50HY3,panasonic-nrf50hy3,freezing,急凍・冷ます・急冷,作り置き・冷凍食品向け。メーカー公式カタログ・公式仕様表で搭載を確認,official-panasonic-models,yes
panasonic,パナソニック,NR-F50HY3,panasonic-nrf50hy3,freshness,パーシャル／チルド切替室,高鮮度保存機能。メーカー公式カタログ・公式仕様表で搭載を確認,official-panasonic-models,yes
panasonic,パナソニック,NR-F50HY3,panasonic-nrf50hy3,freshness,微凍結パーシャル（解凍せず切り分け）,解凍不要調理。メーカー公式カタログ・公式仕様表で搭載を確認,official-panasonic-models,yes
panasonic,パナソニック,NR-F50HY3,panasonic-nrf50hy3,vegetables,シャキシャキ野菜室,野菜鮮度保持。パナソニック公式カタログの型番別機能一覧で確認,official-panasonic-models,yes
panasonic,パナソニック,NR-F50HY3,panasonic-nrf50hy3,vegetables,モイスチャーコントロール,湿度・乾燥対策。メーカー公式カタログ・公式仕様表で搭載を確認,official-panasonic-models,yes
panasonic,パナソニック,NR-F50HY3,panasonic-nrf50hy3,freshness,ナノイーX・Wクリーンフィルター（抗菌・脱臭）,脱臭。パナソニック公式カタログの型番別機能一覧で確認,official-panasonic-models,yes
panasonic,パナソニック,NR-F50HY3,panasonic-nrf50hy3,freshness,ナノイーX,除菌。パナソニック公式カタログの型番別機能一覧で確認,official-panasonic-models,yes
panasonic,パナソニック,NR-F50HY3,panasonic-nrf50hy3,freshness,Wクリーンフィルター（抗菌・脱臭）,抗菌加工。パナソニック公式カタログの型番別機能一覧で確認,official-panasonic-models,yes
panasonic,パナソニック,NR-F50HY3,panasonic-nrf50hy3,usability,全棚ガラストレイ・わけられるん棚,棚の可変性。パナソニック公式の型番別製品仕様で確認,official-panasonic-models,yes
panasonic,パナソニック,NR-F50HY3,panasonic-nrf50hy3,energy,AIエコナビ（自動節電）,省エネ運転。パナソニック公式『AIエコナビ』対応機種一覧で確認,official-panasonic-models,yes
panasonic,パナソニック,NR-F50HY3,panasonic-nrf50hy3,energy,AIエコナビ（生活リズム学習）,AI・生活パターン学習。パナソニック公式『AIエコナビ』対応機種一覧で確認,official-panasonic-models,yes
panasonic,パナソニック,NR-F50HY3,panasonic-nrf50hy3,energy,開閉・照度・庫内温度センサー,センサー省エネ。メーカー公式カタログ・公式仕様表で搭載を確認,official-panasonic-models,yes
panasonic,パナソニック,NR-F50HY3,panasonic-nrf50hy3,usability,無線LAN,Wi-Fi。メーカー公式カタログ・公式仕様表で搭載を確認,official-panasonic-models,yes
panasonic,パナソニック,NR-F50HY3,panasonic-nrf50hy3,usability,KitchenPocket,スマートフォン・アプリ連携。メーカー公式カタログ・公式仕様表で搭載を確認,official-panasonic-models,yes
panasonic,パナソニック,NR-F50HY3,panasonic-nrf50hy3,usability,別売冷蔵庫AIカメラ対応,食材管理。パナソニック公式『冷蔵庫AIカメラ 対応機種』一覧で確認,official-panasonic-models,yes
panasonic,パナソニック,NR-F50HY3,panasonic-nrf50hy3,usability,運転状況・ドア開閉の確認,通知・見守り。メーカー公式カタログ・公式仕様表で搭載を確認,official-panasonic-models,yes
panasonic,パナソニック,NR-F50HY3,panasonic-nrf50hy3,usability,AIエコナビ,AI機能。メーカー公式カタログ・公式仕様表で搭載を確認,official-panasonic-models,yes
panasonic,パナソニック,NR-F50HY3,panasonic-nrf50hy3,usability,奥まで見えるフルオープン,冷凍室・野菜室を奥まで引き出して見渡せる。,official-panasonic-models,yes
panasonic,パナソニック,NR-F50HY3,panasonic-nrf50hy3,freezing,上段深型ケース,冷凍室上段にも背の高い食品を収納できる。,official-panasonic-models,yes
panasonic,パナソニック,NR-F49EY2,panasonic-nrf49ey2,basic,定格内容積 490L,本体幅650mm、奥行650mm、高さ1850mm。,official-panasonic-models,no
panasonic,パナソニック,NR-F49EY2,panasonic-nrf49ey2,energy,年間消費電力量 279kWh/年,2021年省エネ基準達成率100%。,official-panasonic-models,no
panasonic,パナソニック,NR-F49EY2,panasonic-nrf49ey2,vegetables,野菜鮮度保持,メーカー公式仕様表で搭載を確認。,official-panasonic-models,no
panasonic,パナソニック,NR-F49EY2,panasonic-nrf49ey2,usability,自動製氷,メーカー公式仕様表で搭載を確認。,official-panasonic-models,no
panasonic,パナソニック,NR-F49EY2,panasonic-nrf49ey2,freezing,新鮮凍結,急速冷凍。メーカー公式カタログ・公式仕様表で搭載を確認,official-panasonic-models,yes
panasonic,パナソニック,NR-F49EY2,panasonic-nrf49ey2,freshness,パーシャル／チルド切替室,高鮮度保存機能。メーカー公式カタログ・公式仕様表で搭載を確認,official-panasonic-models,yes
panasonic,パナソニック,NR-F49EY2,panasonic-nrf49ey2,freshness,微凍結パーシャル（解凍せず切り分け）,解凍不要調理。メーカー公式カタログ・公式仕様表で搭載を確認,official-panasonic-models,yes
panasonic,パナソニック,NR-F49EY2,panasonic-nrf49ey2,vegetables,シャキシャキ野菜室,野菜鮮度保持。パナソニック公式カタログの型番別機能一覧で確認,official-panasonic-models,yes
panasonic,パナソニック,NR-F49EY2,panasonic-nrf49ey2,vegetables,モイスチャーコントロール,湿度・乾燥対策。メーカー公式カタログ・公式仕様表で搭載を確認,official-panasonic-models,yes
panasonic,パナソニック,NR-F49EY2,panasonic-nrf49ey2,freshness,Wクリーンフィルター（抗菌・脱臭）,脱臭。パナソニック公式カタログの型番別機能一覧で確認,official-panasonic-models,yes
panasonic,パナソニック,NR-F49EY2,panasonic-nrf49ey2,usability,全棚ガラストレイ・わけられるん棚,棚の可変性。パナソニック公式の型番別製品仕様で確認,official-panasonic-models,yes
panasonic,パナソニック,NR-F49EY2,panasonic-nrf49ey2,energy,AIエコナビ（自動節電）,省エネ運転。パナソニック公式『AIエコナビ』対応機種一覧で確認,official-panasonic-models,yes
panasonic,パナソニック,NR-F49EY2,panasonic-nrf49ey2,energy,AIエコナビ（生活リズム学習）,AI・生活パターン学習。パナソニック公式『AIエコナビ』対応機種一覧で確認,official-panasonic-models,yes
panasonic,パナソニック,NR-F49EY2,panasonic-nrf49ey2,energy,開閉・照度・庫内温度センサー,センサー省エネ。メーカー公式カタログ・公式仕様表で搭載を確認,official-panasonic-models,yes
panasonic,パナソニック,NR-F49EY2,panasonic-nrf49ey2,usability,別売冷蔵庫AIカメラ対応,食材管理。パナソニック公式『冷蔵庫AIカメラ 対応機種』一覧で確認,official-panasonic-models,yes
panasonic,パナソニック,NR-F49EY2,panasonic-nrf49ey2,usability,奥まで見えるフルオープン,冷凍室・野菜室を奥まで引き出して見渡せる。,official-panasonic-models,yes
panasonic,パナソニック,NR-F49EY3,panasonic-nrf49ey3,basic,定格内容積 490L,本体幅650mm、奥行650mm、高さ1850mm。,official-panasonic-models,no
panasonic,パナソニック,NR-F49EY3,panasonic-nrf49ey3,energy,年間消費電力量 279kWh/年,2021年省エネ基準達成率100%。,official-panasonic-models,no
panasonic,パナソニック,NR-F49EY3,panasonic-nrf49ey3,freezing,霜つき抑制冷凍,メーカー公式仕様表で搭載を確認。,official-panasonic-models,no
panasonic,パナソニック,NR-F49EY3,panasonic-nrf49ey3,vegetables,野菜鮮度保持,メーカー公式仕様表で搭載を確認。,official-panasonic-models,no
panasonic,パナソニック,NR-F49EY3,panasonic-nrf49ey3,usability,自動製氷,メーカー公式仕様表で搭載を確認。,official-panasonic-models,no
panasonic,パナソニック,NR-F49EY3,panasonic-nrf49ey3,freezing,新鮮凍結,急速冷凍。メーカー公式カタログ・公式仕様表で搭載を確認,official-panasonic-models,yes
panasonic,パナソニック,NR-F49EY3,panasonic-nrf49ey3,freshness,パーシャル／チルド切替室,高鮮度保存機能。メーカー公式カタログ・公式仕様表で搭載を確認,official-panasonic-models,yes
panasonic,パナソニック,NR-F49EY3,panasonic-nrf49ey3,freshness,微凍結パーシャル（解凍せず切り分け）,解凍不要調理。メーカー公式カタログ・公式仕様表で搭載を確認,official-panasonic-models,yes
panasonic,パナソニック,NR-F49EY3,panasonic-nrf49ey3,vegetables,シャキシャキ野菜室,野菜鮮度保持。パナソニック公式カタログの型番別機能一覧で確認,official-panasonic-models,yes
panasonic,パナソニック,NR-F49EY3,panasonic-nrf49ey3,vegetables,モイスチャーコントロール,湿度・乾燥対策。メーカー公式カタログ・公式仕様表で搭載を確認,official-panasonic-models,yes
panasonic,パナソニック,NR-F49EY3,panasonic-nrf49ey3,freshness,Wクリーンフィルター（抗菌・脱臭）,脱臭。パナソニック公式カタログの型番別機能一覧で確認,official-panasonic-models,yes
panasonic,パナソニック,NR-F49EY3,panasonic-nrf49ey3,usability,全棚ガラストレイ・わけられるん棚,棚の可変性。パナソニック公式の型番別製品仕様で確認,official-panasonic-models,yes
panasonic,パナソニック,NR-F49EY3,panasonic-nrf49ey3,energy,AIエコナビ（自動節電）,省エネ運転。パナソニック公式『AIエコナビ』対応機種一覧で確認,official-panasonic-models,yes
panasonic,パナソニック,NR-F49EY3,panasonic-nrf49ey3,energy,AIエコナビ（生活リズム学習）,AI・生活パターン学習。パナソニック公式『AIエコナビ』対応機種一覧で確認,official-panasonic-models,yes
panasonic,パナソニック,NR-F49EY3,panasonic-nrf49ey3,energy,開閉・照度・庫内温度センサー,センサー省エネ。メーカー公式カタログ・公式仕様表で搭載を確認,official-panasonic-models,yes
panasonic,パナソニック,NR-F49EY3,panasonic-nrf49ey3,usability,別売冷蔵庫AIカメラ対応,食材管理。パナソニック公式『冷蔵庫AIカメラ 対応機種』一覧で確認,official-panasonic-models,yes
panasonic,パナソニック,NR-F49EY3,panasonic-nrf49ey3,usability,奥まで見えるフルオープン,冷凍室・野菜室を奥まで引き出して見渡せる。,official-panasonic-models,yes
panasonic,パナソニック,NR-E47BR3,panasonic-nre47br3,basic,定格内容積 468L,本体幅600mm、奥行699mm、高さ1850mm。,official-panasonic-models,no
panasonic,パナソニック,NR-E47BR3,panasonic-nre47br3,energy,年間消費電力量 270kWh/年,2021年省エネ基準達成率100%。,official-panasonic-models,no
panasonic,パナソニック,NR-E47BR3,panasonic-nre47br3,freezing,霜つき抑制冷凍,メーカー公式仕様表で搭載を確認。,official-panasonic-models,no
panasonic,パナソニック,NR-E47BR3,panasonic-nre47br3,vegetables,野菜鮮度保持,メーカー公式仕様表で搭載を確認。,official-panasonic-models,no
panasonic,パナソニック,NR-E47BR3,panasonic-nre47br3,usability,自動製氷,メーカー公式仕様表で搭載を確認。,official-panasonic-models,no
panasonic,パナソニック,NR-E47BR3,panasonic-nre47br3,energy,AIエコナビ,メーカー公式仕様表で搭載を確認。,official-panasonic-models,no
panasonic,パナソニック,NR-E47BR3,panasonic-nre47br3,freezing,急凍機能,急速冷凍。パナソニック公式の型番別製品仕様で確認,official-panasonic-models,yes
panasonic,パナソニック,NR-E47BR3,panasonic-nre47br3,freshness,チルドルーム,高鮮度保存機能。パナソニック公式の型番別製品仕様で確認,official-panasonic-models,yes
panasonic,パナソニック,NR-E47BR3,panasonic-nre47br3,vegetables,Wシャキシャキ野菜室プラス,野菜鮮度保持。パナソニック公式の型番別製品仕様で確認,official-panasonic-models,yes
panasonic,パナソニック,NR-E47BR3,panasonic-nre47br3,vegetables,うるおい冷却,湿度・乾燥対策。パナソニック公式の型番別製品仕様で確認,official-panasonic-models,yes
panasonic,パナソニック,NR-E47BR3,panasonic-nre47br3,freshness,Wクリーンフィルター,脱臭。パナソニック公式の型番別製品仕様で確認,official-panasonic-models,yes
panasonic,パナソニック,NR-E47BR3,panasonic-nre47br3,usability,全棚ガラストレイ・わけられるん棚,棚の可変性。パナソニック公式の型番別製品仕様で確認,official-panasonic-models,yes
panasonic,パナソニック,NR-E47BR3,panasonic-nre47br3,energy,AIエコナビ（自動節電）,省エネ運転。パナソニック公式『AIエコナビ』対応機種一覧で確認,official-panasonic-models,yes
panasonic,パナソニック,NR-E47BR3,panasonic-nre47br3,energy,AIエコナビ（生活リズム学習）,AI・生活パターン学習。パナソニック公式『AIエコナビ』対応機種一覧で確認,official-panasonic-models,yes
panasonic,パナソニック,NR-E47BR3,panasonic-nre47br3,energy,開閉・照度・庫内温度センサー,センサー省エネ。メーカー公式カタログ・公式仕様表で搭載を確認,official-panasonic-models,yes
panasonic,パナソニック,NR-E47BR3,panasonic-nre47br3,usability,奥まで見えるフルオープン（冷凍室）,冷凍室を奥まで引き出して見渡せる。,official-panasonic-models,yes
panasonic,パナソニック,NR-FVF45S2,panasonic-nrfvf45s2,basic,定格内容積 451L,本体幅685mm、奥行630mm、高さ1828mm。,official-panasonic-models,no
panasonic,パナソニック,NR-FVF45S2,panasonic-nrfvf45s2,energy,年間消費電力量 390kWh/年,2021年省エネ基準達成率67%。,official-panasonic-models,no
panasonic,パナソニック,NR-FVF45S2,panasonic-nrfvf45s2,energy,AIエコナビ,メーカー公式仕様表で搭載を確認。,official-panasonic-models,no
panasonic,パナソニック,NR-FVF45S2,panasonic-nrfvf45s2,freshness,チルドルーム,高鮮度保存機能。メーカー公式カタログ・公式仕様表で搭載を確認,official-panasonic-models,yes
panasonic,パナソニック,NR-FVF45S2,panasonic-nrfvf45s2,vegetables,野菜室,野菜鮮度保持。メーカー公式カタログ・公式仕様表で搭載を確認,official-panasonic-models,yes
panasonic,パナソニック,NR-FVF45S2,panasonic-nrfvf45s2,usability,自動製氷,自動製氷。メーカー公式カタログ・公式仕様表で搭載を確認,official-panasonic-models,yes
panasonic,パナソニック,NR-FVF45S2,panasonic-nrfvf45s2,freshness,抗菌脱臭フィルター,脱臭。メーカー公式カタログ・公式仕様表で搭載を確認,official-panasonic-models,yes
panasonic,パナソニック,NR-FVF45S2,panasonic-nrfvf45s2,usability,わけられるん棚／全段ガラス棚,棚の可変性。メーカー公式カタログ・公式仕様表で搭載を確認,official-panasonic-models,yes
panasonic,パナソニック,NR-FVF45S2,panasonic-nrfvf45s2,energy,開閉・照度・庫内温度センサー,センサー省エネ。メーカー公式カタログ・公式仕様表で搭載を確認,official-panasonic-models,yes
panasonic,パナソニック,NR-FVF45S3,panasonic-nrfvf45s3,basic,定格内容積 451L,本体幅685mm、奥行630mm、高さ1828mm。,official-panasonic-models,no
panasonic,パナソニック,NR-FVF45S3,panasonic-nrfvf45s3,energy,年間消費電力量 377kWh/年,2021年省エネ基準達成率69%。,official-panasonic-models,no
panasonic,パナソニック,NR-FVF45S3,panasonic-nrfvf45s3,energy,AIエコナビ,メーカー公式仕様表で搭載を確認。,official-panasonic-models,no
panasonic,パナソニック,NR-FVF45S3,panasonic-nrfvf45s3,freshness,チルドルーム,高鮮度保存機能。メーカー公式カタログ・公式仕様表で搭載を確認,official-panasonic-models,yes
panasonic,パナソニック,NR-FVF45S3,panasonic-nrfvf45s3,vegetables,野菜室,野菜鮮度保持。メーカー公式カタログ・公式仕様表で搭載を確認,official-panasonic-models,yes
panasonic,パナソニック,NR-FVF45S3,panasonic-nrfvf45s3,usability,自動製氷,自動製氷。メーカー公式カタログ・公式仕様表で搭載を確認,official-panasonic-models,yes
panasonic,パナソニック,NR-FVF45S3,panasonic-nrfvf45s3,freshness,抗菌脱臭フィルター,脱臭。メーカー公式カタログ・公式仕様表で搭載を確認,official-panasonic-models,yes
panasonic,パナソニック,NR-FVF45S3,panasonic-nrfvf45s3,usability,わけられるん棚／全段ガラス棚,棚の可変性。メーカー公式カタログ・公式仕様表で搭載を確認,official-panasonic-models,yes
panasonic,パナソニック,NR-FVF45S3,panasonic-nrfvf45s3,energy,開閉・照度・庫内温度センサー,センサー省エネ。メーカー公式カタログ・公式仕様表で搭載を確認,official-panasonic-models,yes
panasonic,パナソニック,NR-E45PX1,panasonic-nre45px1,basic,定格内容積 450L,本体幅600mm、奥行699mm、高さ1828mm。,official-panasonic-models,no
panasonic,パナソニック,NR-E45PX1,panasonic-nre45px1,energy,年間消費電力量 263kWh/年,2021年省エネ基準達成率100%。,official-panasonic-models,no
panasonic,パナソニック,NR-E45PX1,panasonic-nre45px1,vegetables,野菜鮮度保持,メーカー公式仕様表で搭載を確認。,official-panasonic-models,no
panasonic,パナソニック,NR-E45PX1,panasonic-nre45px1,usability,自動製氷,メーカー公式仕様表で搭載を確認。,official-panasonic-models,no
panasonic,パナソニック,NR-E45PX1,panasonic-nre45px1,energy,AIエコナビ,メーカー公式仕様表で搭載を確認。,official-panasonic-models,no
panasonic,パナソニック,NR-E45PX1,panasonic-nre45px1,usability,わけられるん棚／全段ガラス棚,棚の可変性。メーカー公式カタログ・公式仕様表で搭載を確認,official-panasonic-models,yes
panasonic,パナソニック,NR-E45PX1,panasonic-nre45px1,energy,開閉・照度・庫内温度センサー,センサー省エネ。メーカー公式カタログ・公式仕様表で搭載を確認,official-panasonic-models,yes
panasonic,パナソニック,NR-E45PX1,panasonic-nre45px1,usability,別売冷蔵庫AIカメラ対応,食材管理。パナソニック公式『冷蔵庫AIカメラ 対応機種』一覧で確認,official-panasonic-models,yes
panasonic,パナソニック,NR-E45RY2,panasonic-nre45ry2,basic,定格内容積 450L,本体幅600mm、奥行648mm、高さ1850mm。,official-panasonic-models,no
panasonic,パナソニック,NR-E45RY2,panasonic-nre45ry2,energy,年間消費電力量 266kWh/年,2021年省エネ基準達成率100%。,official-panasonic-models,no
panasonic,パナソニック,NR-E45RY2,panasonic-nre45ry2,vegetables,野菜鮮度保持,メーカー公式仕様表で搭載を確認。,official-panasonic-models,no
panasonic,パナソニック,NR-E45RY2,panasonic-nre45ry2,usability,自動製氷,メーカー公式仕様表で搭載を確認。,official-panasonic-models,no
panasonic,パナソニック,NR-E45RY2,panasonic-nre45ry2,freezing,新鮮凍結,急速冷凍。メーカー公式カタログ・公式仕様表で搭載を確認,official-panasonic-models,yes
panasonic,パナソニック,NR-E45RY2,panasonic-nre45ry2,freezing,新鮮凍結／霜つき抑制冷凍,高品質冷凍。メーカー公式カタログ・公式仕様表で搭載を確認,official-panasonic-models,yes
panasonic,パナソニック,NR-E45RY2,panasonic-nre45ry2,freshness,パーシャル／チルド切替室,高鮮度保存機能。メーカー公式カタログ・公式仕様表で搭載を確認,official-panasonic-models,yes
panasonic,パナソニック,NR-E45RY2,panasonic-nre45ry2,vegetables,モイスチャーコントロール,湿度・乾燥対策。メーカー公式カタログ・公式仕様表で搭載を確認,official-panasonic-models,yes
panasonic,パナソニック,NR-E45RY2,panasonic-nre45ry2,freshness,Ag低温脱臭,脱臭。パナソニック公式の型番別比較表で確認,official-panasonic-models,yes
panasonic,パナソニック,NR-E45RY2,panasonic-nre45ry2,usability,全棚ガラストレイ・わけられるん棚,棚の可変性。パナソニック公式の型番別製品仕様で確認,official-panasonic-models,yes
panasonic,パナソニック,NR-E45RY2,panasonic-nre45ry2,energy,AIエコナビ（自動節電）,省エネ運転。パナソニック公式『AIエコナビ』対応機種一覧で確認,official-panasonic-models,yes
panasonic,パナソニック,NR-E45RY2,panasonic-nre45ry2,energy,AIエコナビ（生活リズム学習）,AI・生活パターン学習。パナソニック公式『AIエコナビ』対応機種一覧で確認,official-panasonic-models,yes
panasonic,パナソニック,NR-E45RY2,panasonic-nre45ry2,energy,開閉・照度・庫内温度センサー,センサー省エネ。メーカー公式カタログ・公式仕様表で搭載を確認,official-panasonic-models,yes
panasonic,パナソニック,NR-E45RY2,panasonic-nre45ry2,usability,別売冷蔵庫AIカメラ対応,食材管理。パナソニック公式『冷蔵庫AIカメラ 対応機種』一覧で確認,official-panasonic-models,yes
panasonic,パナソニック,NR-E45RY2,panasonic-nre45ry2,usability,奥まで見えるフルオープン,冷凍室・野菜室を奥まで引き出して見渡せる。,official-panasonic-models,yes
panasonic,パナソニック,NR-E45RY3,panasonic-nre45ry3,basic,定格内容積 450L,本体幅600mm、奥行648mm、高さ1850mm。,official-panasonic-models,no
panasonic,パナソニック,NR-E45RY3,panasonic-nre45ry3,energy,年間消費電力量 266kWh/年,2021年省エネ基準達成率100%。,official-panasonic-models,no
panasonic,パナソニック,NR-E45RY3,panasonic-nre45ry3,freezing,霜つき抑制冷凍,メーカー公式仕様表で搭載を確認。,official-panasonic-models,no
panasonic,パナソニック,NR-E45RY3,panasonic-nre45ry3,vegetables,野菜鮮度保持,メーカー公式仕様表で搭載を確認。,official-panasonic-models,no
panasonic,パナソニック,NR-E45RY3,panasonic-nre45ry3,usability,自動製氷,メーカー公式仕様表で搭載を確認。,official-panasonic-models,no
panasonic,パナソニック,NR-E45RY3,panasonic-nre45ry3,freezing,新鮮凍結,急速冷凍。メーカー公式カタログ・公式仕様表で搭載を確認,official-panasonic-models,yes
panasonic,パナソニック,NR-E45RY3,panasonic-nre45ry3,freezing,新鮮凍結／霜つき抑制冷凍,高品質冷凍。メーカー公式カタログ・公式仕様表で搭載を確認,official-panasonic-models,yes
panasonic,パナソニック,NR-E45RY3,panasonic-nre45ry3,freshness,パーシャル／チルド切替室,高鮮度保存機能。メーカー公式カタログ・公式仕様表で搭載を確認,official-panasonic-models,yes
panasonic,パナソニック,NR-E45RY3,panasonic-nre45ry3,vegetables,モイスチャーコントロール,湿度・乾燥対策。メーカー公式カタログ・公式仕様表で搭載を確認,official-panasonic-models,yes
panasonic,パナソニック,NR-E45RY3,panasonic-nre45ry3,freshness,Ag低温脱臭,脱臭。パナソニック公式の型番別比較表で確認,official-panasonic-models,yes
panasonic,パナソニック,NR-E45RY3,panasonic-nre45ry3,usability,全棚ガラストレイ・わけられるん棚,棚の可変性。パナソニック公式の型番別製品仕様で確認,official-panasonic-models,yes
panasonic,パナソニック,NR-E45RY3,panasonic-nre45ry3,energy,AIエコナビ（自動節電）,省エネ運転。パナソニック公式『AIエコナビ』対応機種一覧で確認,official-panasonic-models,yes
panasonic,パナソニック,NR-E45RY3,panasonic-nre45ry3,energy,AIエコナビ（生活リズム学習）,AI・生活パターン学習。パナソニック公式『AIエコナビ』対応機種一覧で確認,official-panasonic-models,yes
panasonic,パナソニック,NR-E45RY3,panasonic-nre45ry3,energy,開閉・照度・庫内温度センサー,センサー省エネ。メーカー公式カタログ・公式仕様表で搭載を確認,official-panasonic-models,yes
panasonic,パナソニック,NR-E45RY3,panasonic-nre45ry3,usability,別売冷蔵庫AIカメラ対応,食材管理。パナソニック公式『冷蔵庫AIカメラ 対応機種』一覧で確認,official-panasonic-models,yes
panasonic,パナソニック,NR-E45RY3,panasonic-nre45ry3,usability,奥まで見えるフルオープン,冷凍室・野菜室を奥まで引き出して見渡せる。,official-panasonic-models,yes
panasonic,パナソニック,NR-F45HY2,panasonic-nrf45hy2,basic,定格内容積 450L,本体幅650mm、奥行650mm、高さ1720mm。,official-panasonic-models,no
panasonic,パナソニック,NR-F45HY2,panasonic-nrf45hy2,energy,年間消費電力量 261kWh/年,2021年省エネ基準達成率102%。,official-panasonic-models,no
panasonic,パナソニック,NR-F45HY2,panasonic-nrf45hy2,vegetables,野菜鮮度保持,メーカー公式仕様表で搭載を確認。,official-panasonic-models,no
panasonic,パナソニック,NR-F45HY2,panasonic-nrf45hy2,usability,自動製氷,メーカー公式仕様表で搭載を確認。,official-panasonic-models,no
panasonic,パナソニック,NR-F45HY2,panasonic-nrf45hy2,freezing,クーリングアシスト（急凍）,急速冷凍。メーカー公式カタログ・公式仕様表で搭載を確認,official-panasonic-models,yes
panasonic,パナソニック,NR-F45HY2,panasonic-nrf45hy2,freezing,クーリングアシスト／霜つき抑制冷凍,高品質冷凍。メーカー公式カタログ・公式仕様表で搭載を確認,official-panasonic-models,yes
panasonic,パナソニック,NR-F45HY2,panasonic-nrf45hy2,freezing,急凍・冷ます・急冷,作り置き・冷凍食品向け。メーカー公式カタログ・公式仕様表で搭載を確認,official-panasonic-models,yes
panasonic,パナソニック,NR-F45HY2,panasonic-nrf45hy2,freshness,パーシャル／チルド切替室,高鮮度保存機能。メーカー公式カタログ・公式仕様表で搭載を確認,official-panasonic-models,yes
panasonic,パナソニック,NR-F45HY2,panasonic-nrf45hy2,freshness,微凍結パーシャル（解凍せず切り分け）,解凍不要調理。メーカー公式カタログ・公式仕様表で搭載を確認,official-panasonic-models,yes
panasonic,パナソニック,NR-F45HY2,panasonic-nrf45hy2,vegetables,シャキシャキ野菜室,野菜鮮度保持。パナソニック公式カタログの型番別機能一覧で確認,official-panasonic-models,yes
panasonic,パナソニック,NR-F45HY2,panasonic-nrf45hy2,vegetables,モイスチャーコントロール,湿度・乾燥対策。メーカー公式カタログ・公式仕様表で搭載を確認,official-panasonic-models,yes
panasonic,パナソニック,NR-F45HY2,panasonic-nrf45hy2,freshness,ナノイーX・Wクリーンフィルター（抗菌・脱臭）,脱臭。パナソニック公式カタログの型番別機能一覧で確認,official-panasonic-models,yes
panasonic,パナソニック,NR-F45HY2,panasonic-nrf45hy2,freshness,ナノイーX,除菌。パナソニック公式カタログの型番別機能一覧で確認,official-panasonic-models,yes
panasonic,パナソニック,NR-F45HY2,panasonic-nrf45hy2,freshness,Wクリーンフィルター（抗菌・脱臭）,抗菌加工。パナソニック公式カタログの型番別機能一覧で確認,official-panasonic-models,yes
panasonic,パナソニック,NR-F45HY2,panasonic-nrf45hy2,usability,全棚ガラストレイ・わけられるん棚,棚の可変性。パナソニック公式の型番別製品仕様で確認,official-panasonic-models,yes
panasonic,パナソニック,NR-F45HY2,panasonic-nrf45hy2,energy,AIエコナビ（自動節電）,省エネ運転。パナソニック公式『AIエコナビ』対応機種一覧で確認,official-panasonic-models,yes
panasonic,パナソニック,NR-F45HY2,panasonic-nrf45hy2,energy,AIエコナビ（生活リズム学習）,AI・生活パターン学習。パナソニック公式『AIエコナビ』対応機種一覧で確認,official-panasonic-models,yes
panasonic,パナソニック,NR-F45HY2,panasonic-nrf45hy2,energy,開閉・照度・庫内温度センサー,センサー省エネ。メーカー公式カタログ・公式仕様表で搭載を確認,official-panasonic-models,yes
panasonic,パナソニック,NR-F45HY2,panasonic-nrf45hy2,usability,無線LAN,Wi-Fi。メーカー公式カタログ・公式仕様表で搭載を確認,official-panasonic-models,yes
panasonic,パナソニック,NR-F45HY2,panasonic-nrf45hy2,usability,KitchenPocket,スマートフォン・アプリ連携。メーカー公式カタログ・公式仕様表で搭載を確認,official-panasonic-models,yes
panasonic,パナソニック,NR-F45HY2,panasonic-nrf45hy2,usability,別売冷蔵庫AIカメラ対応,食材管理。パナソニック公式『冷蔵庫AIカメラ 対応機種』一覧で確認,official-panasonic-models,yes
panasonic,パナソニック,NR-F45HY2,panasonic-nrf45hy2,usability,運転状況・ドア開閉の確認,通知・見守り。メーカー公式カタログ・公式仕様表で搭載を確認,official-panasonic-models,yes
panasonic,パナソニック,NR-F45HY2,panasonic-nrf45hy2,usability,AIエコナビ,AI機能。メーカー公式カタログ・公式仕様表で搭載を確認,official-panasonic-models,yes
panasonic,パナソニック,NR-F45HY2,panasonic-nrf45hy2,usability,奥まで見えるフルオープン,冷凍室・野菜室を奥まで引き出して見渡せる。,official-panasonic-models,yes
panasonic,パナソニック,NR-F45HY2,panasonic-nrf45hy2,freezing,上段深型ケース,冷凍室上段にも背の高い食品を収納できる。,official-panasonic-models,yes
panasonic,パナソニック,NR-F45HY3,panasonic-nrf45hy3,basic,定格内容積 450L,本体幅650mm、奥行650mm、高さ1720mm。,official-panasonic-models,no
panasonic,パナソニック,NR-F45HY3,panasonic-nrf45hy3,energy,年間消費電力量 261kWh/年,2021年省エネ基準達成率102%。,official-panasonic-models,no
panasonic,パナソニック,NR-F45HY3,panasonic-nrf45hy3,freezing,霜つき抑制冷凍,メーカー公式仕様表で搭載を確認。,official-panasonic-models,no
panasonic,パナソニック,NR-F45HY3,panasonic-nrf45hy3,vegetables,野菜鮮度保持,メーカー公式仕様表で搭載を確認。,official-panasonic-models,no
panasonic,パナソニック,NR-F45HY3,panasonic-nrf45hy3,usability,自動製氷,メーカー公式仕様表で搭載を確認。,official-panasonic-models,no
panasonic,パナソニック,NR-F45HY3,panasonic-nrf45hy3,freezing,クーリングアシスト（急凍）,急速冷凍。メーカー公式カタログ・公式仕様表で搭載を確認,official-panasonic-models,yes
panasonic,パナソニック,NR-F45HY3,panasonic-nrf45hy3,freezing,クーリングアシスト／霜つき抑制冷凍,高品質冷凍。メーカー公式カタログ・公式仕様表で搭載を確認,official-panasonic-models,yes
panasonic,パナソニック,NR-F45HY3,panasonic-nrf45hy3,freezing,急凍・冷ます・急冷,作り置き・冷凍食品向け。メーカー公式カタログ・公式仕様表で搭載を確認,official-panasonic-models,yes
panasonic,パナソニック,NR-F45HY3,panasonic-nrf45hy3,freshness,パーシャル／チルド切替室,高鮮度保存機能。メーカー公式カタログ・公式仕様表で搭載を確認,official-panasonic-models,yes
panasonic,パナソニック,NR-F45HY3,panasonic-nrf45hy3,freshness,微凍結パーシャル（解凍せず切り分け）,解凍不要調理。メーカー公式カタログ・公式仕様表で搭載を確認,official-panasonic-models,yes
panasonic,パナソニック,NR-F45HY3,panasonic-nrf45hy3,vegetables,シャキシャキ野菜室,野菜鮮度保持。パナソニック公式カタログの型番別機能一覧で確認,official-panasonic-models,yes
panasonic,パナソニック,NR-F45HY3,panasonic-nrf45hy3,vegetables,モイスチャーコントロール,湿度・乾燥対策。メーカー公式カタログ・公式仕様表で搭載を確認,official-panasonic-models,yes
panasonic,パナソニック,NR-F45HY3,panasonic-nrf45hy3,freshness,ナノイーX・Wクリーンフィルター（抗菌・脱臭）,脱臭。パナソニック公式カタログの型番別機能一覧で確認,official-panasonic-models,yes
panasonic,パナソニック,NR-F45HY3,panasonic-nrf45hy3,freshness,ナノイーX,除菌。パナソニック公式カタログの型番別機能一覧で確認,official-panasonic-models,yes
panasonic,パナソニック,NR-F45HY3,panasonic-nrf45hy3,freshness,Wクリーンフィルター（抗菌・脱臭）,抗菌加工。パナソニック公式カタログの型番別機能一覧で確認,official-panasonic-models,yes
panasonic,パナソニック,NR-F45HY3,panasonic-nrf45hy3,usability,全棚ガラストレイ・わけられるん棚,棚の可変性。パナソニック公式の型番別製品仕様で確認,official-panasonic-models,yes
panasonic,パナソニック,NR-F45HY3,panasonic-nrf45hy3,energy,AIエコナビ（自動節電）,省エネ運転。パナソニック公式『AIエコナビ』対応機種一覧で確認,official-panasonic-models,yes
panasonic,パナソニック,NR-F45HY3,panasonic-nrf45hy3,energy,AIエコナビ（生活リズム学習）,AI・生活パターン学習。パナソニック公式『AIエコナビ』対応機種一覧で確認,official-panasonic-models,yes
panasonic,パナソニック,NR-F45HY3,panasonic-nrf45hy3,energy,開閉・照度・庫内温度センサー,センサー省エネ。メーカー公式カタログ・公式仕様表で搭載を確認,official-panasonic-models,yes
panasonic,パナソニック,NR-F45HY3,panasonic-nrf45hy3,usability,無線LAN,Wi-Fi。メーカー公式カタログ・公式仕様表で搭載を確認,official-panasonic-models,yes
panasonic,パナソニック,NR-F45HY3,panasonic-nrf45hy3,usability,KitchenPocket,スマートフォン・アプリ連携。メーカー公式カタログ・公式仕様表で搭載を確認,official-panasonic-models,yes
panasonic,パナソニック,NR-F45HY3,panasonic-nrf45hy3,usability,別売冷蔵庫AIカメラ対応,食材管理。パナソニック公式『冷蔵庫AIカメラ 対応機種』一覧で確認,official-panasonic-models,yes
panasonic,パナソニック,NR-F45HY3,panasonic-nrf45hy3,usability,運転状況・ドア開閉の確認,通知・見守り。メーカー公式カタログ・公式仕様表で搭載を確認,official-panasonic-models,yes
panasonic,パナソニック,NR-F45HY3,panasonic-nrf45hy3,usability,AIエコナビ,AI機能。メーカー公式カタログ・公式仕様表で搭載を確認,official-panasonic-models,yes
panasonic,パナソニック,NR-F45HY3,panasonic-nrf45hy3,usability,奥まで見えるフルオープン,冷凍室・野菜室を奥まで引き出して見渡せる。,official-panasonic-models,yes
panasonic,パナソニック,NR-F45HY3,panasonic-nrf45hy3,freezing,上段深型ケース,冷凍室上段にも背の高い食品を収納できる。,official-panasonic-models,yes
panasonic,パナソニック,NR-E41RY3,panasonic-nre41ry3,basic,定格内容積 410L,本体幅600mm、奥行648mm、高さ1850mm。,official-panasonic-models,no
panasonic,パナソニック,NR-E41RY3,panasonic-nre41ry3,energy,年間消費電力量 251kWh/年,2021年省エネ基準達成率100%。,official-panasonic-models,no
panasonic,パナソニック,NR-E41RY3,panasonic-nre41ry3,freezing,霜つき抑制冷凍,メーカー公式仕様表で搭載を確認。,official-panasonic-models,no
panasonic,パナソニック,NR-E41RY3,panasonic-nre41ry3,vegetables,野菜鮮度保持,メーカー公式仕様表で搭載を確認。,official-panasonic-models,no
panasonic,パナソニック,NR-E41RY3,panasonic-nre41ry3,usability,自動製氷,メーカー公式仕様表で搭載を確認。,official-panasonic-models,no
panasonic,パナソニック,NR-E41RY3,panasonic-nre41ry3,freezing,新鮮凍結,急速冷凍。メーカー公式カタログ・公式仕様表で搭載を確認,official-panasonic-models,yes
panasonic,パナソニック,NR-E41RY3,panasonic-nre41ry3,freezing,新鮮凍結／霜つき抑制冷凍,高品質冷凍。メーカー公式カタログ・公式仕様表で搭載を確認,official-panasonic-models,yes
panasonic,パナソニック,NR-E41RY3,panasonic-nre41ry3,freshness,パーシャル／チルド切替室,高鮮度保存機能。メーカー公式カタログ・公式仕様表で搭載を確認,official-panasonic-models,yes
panasonic,パナソニック,NR-E41RY3,panasonic-nre41ry3,vegetables,モイスチャーコントロール,湿度・乾燥対策。メーカー公式カタログ・公式仕様表で搭載を確認,official-panasonic-models,yes
panasonic,パナソニック,NR-E41RY3,panasonic-nre41ry3,freshness,Ag低温脱臭,脱臭。パナソニック公式の型番別比較表で確認,official-panasonic-models,yes
panasonic,パナソニック,NR-E41RY3,panasonic-nre41ry3,usability,全棚ガラストレイ・わけられるん棚,棚の可変性。パナソニック公式の型番別製品仕様で確認,official-panasonic-models,yes
panasonic,パナソニック,NR-E41RY3,panasonic-nre41ry3,energy,AIエコナビ（自動節電）,省エネ運転。パナソニック公式『AIエコナビ』対応機種一覧で確認,official-panasonic-models,yes
panasonic,パナソニック,NR-E41RY3,panasonic-nre41ry3,energy,AIエコナビ（生活リズム学習）,AI・生活パターン学習。パナソニック公式『AIエコナビ』対応機種一覧で確認,official-panasonic-models,yes
panasonic,パナソニック,NR-E41RY3,panasonic-nre41ry3,energy,開閉・照度・庫内温度センサー,センサー省エネ。メーカー公式カタログ・公式仕様表で搭載を確認,official-panasonic-models,yes
panasonic,パナソニック,NR-E41RY3,panasonic-nre41ry3,usability,別売冷蔵庫AIカメラ対応,食材管理。パナソニック公式『冷蔵庫AIカメラ 対応機種』一覧で確認,official-panasonic-models,yes
panasonic,パナソニック,NR-E41RY3,panasonic-nre41ry3,usability,奥まで見えるフルオープン,冷凍室・野菜室を奥まで引き出して見渡せる。,official-panasonic-models,yes
panasonic,パナソニック,NR-C374GC,panasonic-nrc374gc,basic,定格内容積 365L,本体幅590mm、奥行633mm、高さ1807mm。,official-panasonic-models,no
panasonic,パナソニック,NR-C374GC,panasonic-nrc374gc,energy,年間消費電力量 341kWh/年,2021年省エネ基準達成率101%。,official-panasonic-models,no
panasonic,パナソニック,NR-C374GC,panasonic-nrc374gc,energy,AIエコナビ,メーカー公式仕様表で搭載を確認。,official-panasonic-models,no
panasonic,パナソニック,NR-C374GC,panasonic-nrc374gc,freshness,チルドルーム,高鮮度保存機能。メーカー公式カタログ・公式仕様表で搭載を確認,official-panasonic-models,yes
panasonic,パナソニック,NR-C374GC,panasonic-nrc374gc,freshness,Ag抗菌脱臭,脱臭。メーカー公式カタログ・公式仕様表で搭載を確認,official-panasonic-models,yes
panasonic,パナソニック,NR-C37ES1,panasonic-nrc37es1,basic,定格内容積 365L,本体幅600mm、奥行600mm、高さ1850mm。,official-panasonic-models,no
panasonic,パナソニック,NR-C37ES1,panasonic-nrc37es1,energy,年間消費電力量 330kWh/年,2021年省エネ基準達成率105%。,official-panasonic-models,no
panasonic,パナソニック,NR-C37ES1,panasonic-nrc37es1,usability,自動製氷,メーカー公式仕様表で搭載を確認。,official-panasonic-models,no
panasonic,パナソニック,NR-C37ES1,panasonic-nrc37es1,energy,AIエコナビ,メーカー公式仕様表で搭載を確認。,official-panasonic-models,no
panasonic,パナソニック,NR-C37ES1,panasonic-nrc37es1,freshness,パーシャル／チルド切替室,高鮮度保存機能。メーカー公式カタログ・公式仕様表で搭載を確認,official-panasonic-models,yes
panasonic,パナソニック,NR-C37ES1,panasonic-nrc37es1,freshness,微凍結パーシャル（解凍せず切り分け）,解凍不要調理。メーカー公式カタログ・公式仕様表で搭載を確認,official-panasonic-models,yes
panasonic,パナソニック,NR-C37ES1,panasonic-nrc37es1,vegetables,シャキシャキ野菜室,野菜鮮度保持。メーカー公式カタログ・公式仕様表で搭載を確認,official-panasonic-models,yes
panasonic,パナソニック,NR-C37ES1,panasonic-nrc37es1,vegetables,モイスチャーコントロール,湿度・乾燥対策。メーカー公式カタログ・公式仕様表で搭載を確認,official-panasonic-models,yes
panasonic,パナソニック,NR-C37ES1,panasonic-nrc37es1,usability,わけられるん棚,棚の可変性。メーカー公式カタログ・公式仕様表で搭載を確認,official-panasonic-models,yes
panasonic,パナソニック,NR-C37ES2,panasonic-nrc37es2,basic,定格内容積 365L,本体幅600mm、奥行600mm、高さ1850mm。,official-panasonic-models,no
panasonic,パナソニック,NR-C37ES2,panasonic-nrc37es2,energy,年間消費電力量 330kWh/年,2021年省エネ基準達成率105%。,official-panasonic-models,no
panasonic,パナソニック,NR-C37ES2,panasonic-nrc37es2,vegetables,野菜鮮度保持,メーカー公式仕様表で搭載を確認。,official-panasonic-models,no
panasonic,パナソニック,NR-C37ES2,panasonic-nrc37es2,usability,自動製氷,メーカー公式仕様表で搭載を確認。,official-panasonic-models,no
panasonic,パナソニック,NR-C37ES2,panasonic-nrc37es2,energy,AIエコナビ,メーカー公式仕様表で搭載を確認。,official-panasonic-models,no
panasonic,パナソニック,NR-C37ES2,panasonic-nrc37es2,freshness,パーシャル／チルド切替室,高鮮度保存機能。メーカー公式カタログ・公式仕様表で搭載を確認,official-panasonic-models,yes
panasonic,パナソニック,NR-C37ES2,panasonic-nrc37es2,freshness,微凍結パーシャル（解凍せず切り分け）,解凍不要調理。メーカー公式カタログ・公式仕様表で搭載を確認,official-panasonic-models,yes
panasonic,パナソニック,NR-C37ES2,panasonic-nrc37es2,vegetables,モイスチャーコントロール,湿度・乾燥対策。メーカー公式カタログ・公式仕様表で搭載を確認,official-panasonic-models,yes
panasonic,パナソニック,NR-C37ES2,panasonic-nrc37es2,usability,わけられるん棚,棚の可変性。メーカー公式カタログ・公式仕様表で搭載を確認,official-panasonic-models,yes
panasonic,パナソニック,NR-C37WS2 / WS2L,panasonic-nr-c37ws2,basic,定格内容積 365L,冷蔵室212L、野菜室81L、冷凍室72L。,panasonic-ws2,no
panasonic,パナソニック,NR-C37WS2 / WS2L,panasonic-nr-c37ws2,basic,外形寸法 600×600×1850mm,据付必要奥行寸法600mm。左右各5mm以上、上方向50mm以上の空間が必要。,panasonic-ws2,no
panasonic,パナソニック,NR-C37WS2 / WS2L,panasonic-nr-c37ws2,freshness,パーシャル／チルド切替室,約-3℃の微凍結とチルドを使い分ける保存室。,panasonic-ws2,no
panasonic,パナソニック,NR-C37WS2 / WS2L,panasonic-nr-c37ws2,vegetables,真ん中シャキシャキ野菜室,奥まで見えるフルオープンに対応。,panasonic-ws2,no
panasonic,パナソニック,NR-C37WS2 / WS2L,panasonic-nr-c37ws2,energy,年間消費電力量 330kWh/年,2021年省エネ基準達成率105%。,panasonic-ws2,no
panasonic,パナソニック,NR-C37WS2 / WS2L,panasonic-nr-c37ws2,freshness,微凍結パーシャル,解凍不要調理。メーカー公式カタログ・公式仕様表で搭載を確認,panasonic-top-2026|panasonic-ws2|official-panasonic-models,yes
panasonic,パナソニック,NR-C37WS2 / WS2L,panasonic-nr-c37ws2,vegetables,シャキシャキ野菜室,野菜鮮度保持。メーカー公式カタログ・公式仕様表で搭載を確認,panasonic-top-2026|panasonic-ws2|official-panasonic-models,yes
panasonic,パナソニック,NR-C37WS2 / WS2L,panasonic-nr-c37ws2,vegetables,モイスチャーコントロール,湿度・乾燥対策。メーカー公式カタログ・公式仕様表で搭載を確認,panasonic-top-2026|panasonic-ws2|official-panasonic-models,yes
panasonic,パナソニック,NR-C37WS2 / WS2L,panasonic-nr-c37ws2,usability,自動製氷,自動製氷。メーカー公式カタログ・公式仕様表で搭載を確認,panasonic-top-2026|panasonic-ws2|official-panasonic-models,yes
panasonic,パナソニック,NR-C37WS2 / WS2L,panasonic-nr-c37ws2,freshness,ナノイーX,除菌。メーカー公式カタログ・公式仕様表で搭載を確認,panasonic-top-2026|panasonic-ws2|official-panasonic-models,yes
panasonic,パナソニック,NR-C37WS2 / WS2L,panasonic-nr-c37ws2,usability,わけられるん棚,棚の可変性。メーカー公式カタログ・公式仕様表で搭載を確認,panasonic-top-2026|panasonic-ws2|official-panasonic-models,yes
panasonic,パナソニック,NR-C37WS2 / WS2L,panasonic-nr-c37ws2,usability,壁ピタドア,開閉サポート。パナソニック公式カタログの型番別機能一覧で確認,panasonic-top-2026|panasonic-ws2|official-panasonic-models,yes
panasonic,パナソニック,NR-C37WS2 / WS2L,panasonic-nr-c37ws2,energy,エコナビ,省エネ運転。メーカー公式カタログ・公式仕様表で搭載を確認,panasonic-top-2026|panasonic-ws2|official-panasonic-models,yes
panasonic,パナソニック,NR-C37WS2 / WS2L,panasonic-nr-c37ws2,energy,AIエコナビ,AI・生活パターン学習。メーカー公式カタログ・公式仕様表で搭載を確認,panasonic-top-2026|panasonic-ws2|official-panasonic-models,yes
panasonic,パナソニック,NR-C37WS2 / WS2L,panasonic-nr-c37ws2,usability,奥まで見えるフルオープン,野菜室・冷凍室を奥まで引き出して見渡せる。,panasonic-top-2026|panasonic-ws2|official-panasonic-models,yes
panasonic,パナソニック,NR-C37WS2 / WS2L,panasonic-nr-c37ws2,freshness,サクッと切れる微凍結,約-3℃の微凍結で、解凍せずに切り分けやすく保存。,panasonic-top-2026|panasonic-ws2|official-panasonic-models,yes
panasonic,パナソニック,NR-B18C3,panasonic-nr-b18c3,basic,定格内容積 180L,冷蔵室120L、冷凍室60L。,panasonic-b18c3,no
panasonic,パナソニック,NR-B18C3,panasonic-nr-b18c3,basic,外形寸法 497×595×1350mm,据付必要奥行寸法645mm。,panasonic-b18c3,no
panasonic,パナソニック,NR-B18C3,panasonic-nr-b18c3,energy,年間消費電力量 272kWh/年,省エネ基準達成率115%。,panasonic-b18c3,no
panasonic,パナソニック,NR-B18C3,panasonic-nr-b18c3,energy,静音設計 約19dB(A),インバーター制御を搭載。,panasonic-b18c3,no
panasonic,パナソニック,NR-B18C3,panasonic-nr-b18c3,usability,耐熱トップテーブル,耐熱温度100℃、耐荷重30kg。,panasonic-b18c3,no
hitachi,日立,R-GXCC67X,hitachi-r-gxcc67x,basic,定格内容積 670L,本体幅880mm、奥行654mmのまんなか冷凍。,hitachi-gxcc67x,no
hitachi,日立,R-GXCC67X,hitachi-r-gxcc67x,freezing,らくうま！ひろin冷凍プラス,デリシャス冷凍、霜ブロック、3段ケースを組み合わせた冷凍室。,hitachi-gxcc67x,no
hitachi,日立,R-GXCC67X,hitachi-r-gxcc67x,freshness,まるごとチルド・特鮮氷温ルーム,冷蔵室全段のチルド保存と約-1℃の専用ルームを備える。,hitachi-gxcc67x,no
hitachi,日立,R-GXCC67X,hitachi-r-gxcc67x,usability,冷蔵庫カメラ,冷蔵室・冷凍室下段・野菜室をスマホで確認。,hitachi-gxcc67x,no
hitachi,日立,R-GXCC67X,hitachi-r-gxcc67x,energy,年間消費電力量 316kWh/年,2021年省エネ基準達成率107%。,hitachi-gxcc67x,no
hitachi,日立,R-GXCC67X,hitachi-r-gxcc67x,freezing,デリシャス冷凍,急速冷凍。メーカー公式一次資料（公式資料および2026カタログ仕様表）で搭載を確認。,hitachi-2025|hitachi-gxcc67x,yes
hitachi,日立,R-GXCC67X,hitachi-r-gxcc67x,freezing,霜ブロック,霜つき・乾燥抑制。メーカー公式一次資料（公式資料および2026カタログ仕様表）で搭載を確認。,hitachi-2025|hitachi-gxcc67x,yes
hitachi,日立,R-GXCC67X,hitachi-r-gxcc67x,freshness,特鮮氷温ルーム,高鮮度保存機能。メーカー公式一次資料（公式資料および2026カタログ仕様表）で搭載を確認。,hitachi-2025|hitachi-gxcc67x,yes
hitachi,日立,R-GXCC67X,hitachi-r-gxcc67x,vegetables,新鮮スリープ野菜室,野菜鮮度保持。メーカー公式一次資料（公式資料および2026カタログ仕様表）で搭載を確認。,hitachi-2025|hitachi-gxcc67x,yes
hitachi,日立,R-GXCC67X,hitachi-r-gxcc67x,usability,自動製氷,自動製氷。メーカー公式カタログ・公式仕様表で搭載を確認,hitachi-2025|hitachi-gxcc67x,yes
hitachi,日立,R-GXCC67X,hitachi-r-gxcc67x,usability,急速製氷,急速製氷。メーカー公式カタログ・公式仕様表で搭載を確認,hitachi-2025|hitachi-gxcc67x,yes
hitachi,日立,R-GXCC67X,hitachi-r-gxcc67x,usability,製氷おそうじ,給水経路のお手入れ。メーカー公式カタログ・公式仕様表で搭載を確認,hitachi-2025|hitachi-gxcc67x,yes
hitachi,日立,R-GXCC67X,hitachi-r-gxcc67x,freshness,トリプルパワー脱臭,脱臭。メーカー公式カタログ・公式仕様表で搭載を確認,hitachi-2025|hitachi-gxcc67x,yes
hitachi,日立,R-GXCC67X,hitachi-r-gxcc67x,usability,高さかわるん棚／高さかわるポケット,棚の可変性。メーカー公式カタログ・公式仕様表で搭載を確認,hitachi-2025|hitachi-gxcc67x,yes
hitachi,日立,R-GXCC67X,hitachi-r-gxcc67x,usability,電動引き出し,開閉サポート。メーカー公式カタログ・公式仕様表で搭載を確認,hitachi-2025|hitachi-gxcc67x,yes
hitachi,日立,R-GXCC67X,hitachi-r-gxcc67x,usability,ドアアラーム,ドア開放アラーム。メーカー公式カタログ・公式仕様表で搭載を確認,hitachi-2025|hitachi-gxcc67x,yes
hitachi,日立,R-GXCC67X,hitachi-r-gxcc67x,energy,節電モード／独立冷却,省エネ運転。メーカー公式カタログ・公式仕様表で搭載を確認,hitachi-2025|hitachi-gxcc67x,yes
hitachi,日立,R-GXCC67X,hitachi-r-gxcc67x,usability,無線LAN,Wi-Fi。メーカー公式一次資料（公式資料および2026カタログ仕様表）で搭載を確認。,hitachi-2025|hitachi-gxcc67x,yes
hitachi,日立,R-GXCC67X,hitachi-r-gxcc67x,usability,日立冷蔵庫コンシェルジュアプリ,スマートフォン・アプリ連携。メーカー公式一次資料（公式資料および2026カタログ仕様表）で搭載を確認。,hitachi-2025|hitachi-gxcc67x,yes
hitachi,日立,R-GXCC67X,hitachi-r-gxcc67x,usability,冷蔵庫カメラ・アプリ食材管理,AI機能。メーカー公式カタログ・公式仕様表で搭載を確認,hitachi-2025|hitachi-gxcc67x,yes
hitachi,日立,R-GXCC67X,hitachi-r-gxcc67x,freshness,まるごとチルド,冷蔵室全段をチルド温度帯と高い湿度で保存。,hitachi-2025|hitachi-gxcc67x,yes
hitachi,日立,R-GXCC67X,hitachi-r-gxcc67x,freshness,クイック冷却,食品をすばやく冷やす冷蔵室の運転モード。,hitachi-2025|hitachi-gxcc67x,yes
hitachi,日立,R-GXCC67X,hitachi-r-gxcc67x,freezing,大型アルミトレイ,食品の熱を奪いやすいアルミトレイで冷凍を補助。,hitachi-2025|hitachi-gxcc67x,yes
hitachi,日立,R-GXCC67X,hitachi-r-gxcc67x,freezing,3段ケース,冷凍室を3段に分けて整理しやすい構造。,hitachi-2025|hitachi-gxcc67x,yes
hitachi,日立,R-HZC62Y,hitachi-r-hzc62y,basic,定格内容積 617L,本体幅685mm、まんなか冷凍。,hitachi-hzc62y,no
hitachi,日立,R-HZC62Y,hitachi-r-hzc62y,freshness,真空氷温ルーム,約0.8気圧の真空環境と氷温で、酸化を抑えながら保存する専用ルーム。,hitachi-hzc62y,no
hitachi,日立,R-HZC62Y,hitachi-r-hzc62y,freshness,まるごとチルド,冷蔵室の棚をチルド温度帯として使える機能。ドアポケットは対象外。,hitachi-hzc62y,no
hitachi,日立,R-HZC62Y,hitachi-r-hzc62y,freezing,まんなか3段大容量冷凍,デリシャス冷凍・霜ブロックを備える。,hitachi-hzc62y,no
hitachi,日立,R-HZC62Y,hitachi-r-hzc62y,usability,スマートフォン連携,ハピネスアップに対応。無線LAN機能をオンにすると消費電力量が増加。,hitachi-hzc62y,no
hitachi,日立,R-HZC62Y,hitachi-r-hzc62y,freezing,デリシャス冷凍,急速冷凍。メーカー公式カタログ・公式仕様表で搭載を確認,hitachi-2026|hitachi-hzc62y,yes
hitachi,日立,R-HZC62Y,hitachi-r-hzc62y,freezing,霜ブロック,霜つき・乾燥抑制。メーカー公式カタログ・公式仕様表で搭載を確認,hitachi-2026|hitachi-hzc62y,yes
hitachi,日立,R-HZC62Y,hitachi-r-hzc62y,vegetables,新鮮スリープ野菜室,野菜鮮度保持。メーカー公式カタログ・公式仕様表で搭載を確認,hitachi-2026|hitachi-hzc62y,yes
hitachi,日立,R-HZC62Y,hitachi-r-hzc62y,vegetables,高湿度保存,湿度・乾燥対策。メーカー公式カタログ・公式仕様表で搭載を確認,hitachi-2026|hitachi-hzc62y,yes
hitachi,日立,R-HZC62Y,hitachi-r-hzc62y,vegetables,プラチナ触媒でエチレンガスを分解,エチレンガス対策。メーカー公式カタログ・公式仕様表で搭載を確認,hitachi-2026|hitachi-hzc62y,yes
hitachi,日立,R-HZC62Y,hitachi-r-hzc62y,usability,自動製氷,自動製氷。メーカー公式カタログ・公式仕様表で搭載を確認,hitachi-2026|hitachi-hzc62y,yes
hitachi,日立,R-HZC62Y,hitachi-r-hzc62y,usability,急速製氷,急速製氷。メーカー公式カタログ・公式仕様表で搭載を確認,hitachi-2026|hitachi-hzc62y,yes
hitachi,日立,R-HZC62Y,hitachi-r-hzc62y,usability,製氷おそうじ,給水経路のお手入れ。メーカー公式カタログ・公式仕様表で搭載を確認,hitachi-2026|hitachi-hzc62y,yes
hitachi,日立,R-HZC62Y,hitachi-r-hzc62y,freshness,トリプルパワー脱臭,脱臭。メーカー公式カタログ・公式仕様表で搭載を確認,hitachi-2026|hitachi-hzc62y,yes
hitachi,日立,R-HZC62Y,hitachi-r-hzc62y,usability,高さかわるん棚／高さかわるポケット,棚の可変性。メーカー公式カタログ・公式仕様表で搭載を確認,hitachi-2026|hitachi-hzc62y,yes
hitachi,日立,R-HZC62Y,hitachi-r-hzc62y,usability,ドアアラーム,ドア開放アラーム。メーカー公式カタログ・公式仕様表で搭載を確認,hitachi-2026|hitachi-hzc62y,yes
hitachi,日立,R-HZC62Y,hitachi-r-hzc62y,energy,節電モード／独立冷却,省エネ運転。メーカー公式カタログ・公式仕様表で搭載を確認,hitachi-2026|hitachi-hzc62y,yes
hitachi,日立,R-HZC62Y,hitachi-r-hzc62y,energy,冷蔵室独立冷却システム,センサー省エネ。メーカー公式カタログ・公式仕様表で搭載を確認,hitachi-2026|hitachi-hzc62y,yes
hitachi,日立,R-HZC62Y,hitachi-r-hzc62y,usability,無線LAN,Wi-Fi。メーカー公式カタログ・公式仕様表で搭載を確認,hitachi-2026|hitachi-hzc62y,yes
hitachi,日立,R-HZC62Y,hitachi-r-hzc62y,usability,ハピネスアップ,スマートフォン・アプリ連携。メーカー公式カタログ・公式仕様表で搭載を確認,hitachi-2026|hitachi-hzc62y,yes
hitachi,日立,R-HZC62Y,hitachi-r-hzc62y,usability,アプリ運転状況確認,通知・見守り。メーカー公式カタログ・公式仕様表で搭載を確認,hitachi-2026|hitachi-hzc62y,yes
hitachi,日立,R-HZC62Y,hitachi-r-hzc62y,freshness,クイック冷却,食品をすばやく冷やす冷蔵室の運転モード。,hitachi-2026|hitachi-hzc62y,yes
hitachi,日立,R-HZC62Y,hitachi-r-hzc62y,freezing,大型アルミトレイ,食品の熱を奪いやすいアルミトレイで冷凍を補助。,hitachi-2026|hitachi-hzc62y,yes
hitachi,日立,R-HZC62Y,hitachi-r-hzc62y,freezing,3段ケース,冷凍室を3段に分けて整理しやすい構造。,hitachi-2026|hitachi-hzc62y,yes
hitachi,日立,R-H54Y,hitachi-rh54y,basic,定格内容積 540L,本体幅650mm、奥行701mm、高さ1833mm。,official-hitachi-models,no
hitachi,日立,R-H54Y,hitachi-rh54y,energy,年間消費電力量 295kWh/年,2021年省エネ基準達成率100%。,official-hitachi-models,no
hitachi,日立,R-H54Y,hitachi-rh54y,freezing,急速冷凍,急速冷凍。メーカー公式カタログ・公式仕様表で搭載を確認,official-hitachi-models,yes
hitachi,日立,R-H54Y,hitachi-rh54y,freezing,霜ブロック,霜つき・乾燥抑制。メーカー公式カタログ・公式仕様表で搭載を確認,official-hitachi-models,yes
hitachi,日立,R-H54Y,hitachi-rh54y,freshness,特鮮氷温ルーム,高鮮度保存機能。メーカー公式カタログ・公式仕様表で搭載を確認,official-hitachi-models,yes
hitachi,日立,R-H54Y,hitachi-rh54y,vegetables,うるおい野菜室,野菜鮮度保持。メーカー公式カタログ・公式仕様表で搭載を確認,official-hitachi-models,yes
hitachi,日立,R-H54Y,hitachi-rh54y,vegetables,間接冷却,湿度・乾燥対策。メーカー公式カタログ・公式仕様表で搭載を確認,official-hitachi-models,yes
hitachi,日立,R-H54Y,hitachi-rh54y,usability,自動製氷,自動製氷。メーカー公式カタログ・公式仕様表で搭載を確認,official-hitachi-models,yes
hitachi,日立,R-H54Y,hitachi-rh54y,usability,急速製氷,急速製氷。メーカー公式カタログ・公式仕様表で搭載を確認,official-hitachi-models,yes
hitachi,日立,R-H54Y,hitachi-rh54y,usability,製氷おそうじ,給水経路のお手入れ。メーカー公式カタログ・公式仕様表で搭載を確認,official-hitachi-models,yes
hitachi,日立,R-H54Y,hitachi-rh54y,freshness,トリプルパワー脱臭,脱臭。メーカー公式カタログ・公式仕様表で搭載を確認,official-hitachi-models,yes
hitachi,日立,R-H54Y,hitachi-rh54y,usability,高さかわるん棚／高さかわるポケット,棚の可変性。メーカー公式カタログ・公式仕様表で搭載を確認,official-hitachi-models,yes
hitachi,日立,R-H54Y,hitachi-rh54y,usability,ドアアラーム,ドア開放アラーム。メーカー公式カタログ・公式仕様表で搭載を確認,official-hitachi-models,yes
hitachi,日立,R-H54Y,hitachi-rh54y,energy,節電モード／独立冷却,省エネ運転。メーカー公式カタログ・公式仕様表で搭載を確認,official-hitachi-models,yes
hitachi,日立,R-HWC54X,hitachi-rhwc54x,basic,定格内容積 540L,本体幅650mm、奥行701mm、高さ1839mm。,official-hitachi-models,no
hitachi,日立,R-HWC54X,hitachi-rhwc54x,energy,年間消費電力量 263kWh/年,2021年省エネ基準達成率112%。,official-hitachi-models,no
hitachi,日立,R-HWC54X,hitachi-rhwc54x,freezing,デリシャス冷凍／急冷凍,急速冷凍。メーカー公式カタログ・公式仕様表で搭載を確認,official-hitachi-models,yes
hitachi,日立,R-HWC54X,hitachi-rhwc54x,freezing,デリシャス冷凍,高品質冷凍。メーカー公式カタログ・公式仕様表で搭載を確認,official-hitachi-models,yes
hitachi,日立,R-HWC54X,hitachi-rhwc54x,freezing,霜ブロック,霜つき・乾燥抑制。メーカー公式カタログ・公式仕様表で搭載を確認,official-hitachi-models,yes
hitachi,日立,R-HWC54X,hitachi-rhwc54x,freshness,特鮮氷温ルーム,高鮮度保存機能。メーカー公式カタログ・公式仕様表で搭載を確認,official-hitachi-models,yes
hitachi,日立,R-HWC54X,hitachi-rhwc54x,vegetables,新鮮スリープ野菜室,野菜鮮度保持。メーカー公式カタログ・公式仕様表で搭載を確認,official-hitachi-models,yes
hitachi,日立,R-HWC54X,hitachi-rhwc54x,vegetables,高湿度保存,湿度・乾燥対策。メーカー公式カタログ・公式仕様表で搭載を確認,official-hitachi-models,yes
hitachi,日立,R-HWC54X,hitachi-rhwc54x,vegetables,プラチナ触媒でエチレンガスを分解,エチレンガス対策。メーカー公式カタログ・公式仕様表で搭載を確認,official-hitachi-models,yes
hitachi,日立,R-HWC54X,hitachi-rhwc54x,usability,自動製氷,自動製氷。メーカー公式カタログ・公式仕様表で搭載を確認,official-hitachi-models,yes
hitachi,日立,R-HWC54X,hitachi-rhwc54x,usability,急速製氷,急速製氷。メーカー公式カタログ・公式仕様表で搭載を確認,official-hitachi-models,yes
hitachi,日立,R-HWC54X,hitachi-rhwc54x,usability,製氷おそうじ,給水経路のお手入れ。メーカー公式カタログ・公式仕様表で搭載を確認,official-hitachi-models,yes
hitachi,日立,R-HWC54X,hitachi-rhwc54x,freshness,トリプルパワー脱臭,脱臭。メーカー公式カタログ・公式仕様表で搭載を確認,official-hitachi-models,yes
hitachi,日立,R-HWC54X,hitachi-rhwc54x,usability,高さかわるん棚／高さかわるポケット,棚の可変性。メーカー公式カタログ・公式仕様表で搭載を確認,official-hitachi-models,yes
hitachi,日立,R-HWC54X,hitachi-rhwc54x,usability,ドアアラーム,ドア開放アラーム。メーカー公式カタログ・公式仕様表で搭載を確認,official-hitachi-models,yes
hitachi,日立,R-HWC54X,hitachi-rhwc54x,energy,節電モード／独立冷却,省エネ運転。メーカー公式カタログ・公式仕様表で搭載を確認,official-hitachi-models,yes
hitachi,日立,R-HWC54X,hitachi-rhwc54x,energy,冷蔵室独立冷却システム,センサー省エネ。メーカー公式カタログ・公式仕様表で搭載を確認,official-hitachi-models,yes
hitachi,日立,R-HWC54X,hitachi-rhwc54x,usability,無線LAN,Wi-Fi。メーカー公式カタログ・公式仕様表で搭載を確認,official-hitachi-models,yes
hitachi,日立,R-HWC54X,hitachi-rhwc54x,usability,日立冷蔵庫コンシェルジュ／ハピネスアップ,スマートフォン・アプリ連携。メーカー公式カタログ・公式仕様表で搭載を確認,official-hitachi-models,yes
hitachi,日立,R-HWC54X,hitachi-rhwc54x,usability,アプリ運転状況確認,通知・見守り。メーカー公式カタログ・公式仕様表で搭載を確認,official-hitachi-models,yes
hitachi,日立,R-HWC54X,hitachi-rhwc54x,freshness,まるごとチルド,冷蔵室全段をチルド温度帯と高い湿度で保存。,official-hitachi-models,yes
hitachi,日立,R-HWC54X,hitachi-rhwc54x,freshness,クイック冷却,食品をすばやく冷やす冷蔵室の運転モード。,official-hitachi-models,yes
hitachi,日立,R-HWC54X,hitachi-rhwc54x,freezing,大型アルミトレイ,食品の熱を奪いやすいアルミトレイで冷凍を補助。,official-hitachi-models,yes
hitachi,日立,R-HWC54X,hitachi-rhwc54x,freezing,3段ケース,冷凍室を3段に分けて整理しやすい構造。,official-hitachi-models,yes
hitachi,日立,R-HWC54Y,hitachi-r-hwc54y,basic,定格内容積 540L,まんなか冷凍、本体幅650mm。,hitachi-hwc54y,no
hitachi,日立,R-HWC54Y,hitachi-r-hwc54y,freshness,特鮮氷温ルーム,乾燥を抑え、凍らせない約-1℃で肉や魚を保存。,hitachi-hwc54y,no
hitachi,日立,R-HWC54Y,hitachi-r-hwc54y,freshness,まるごとチルド,冷蔵室の棚をチルド温度帯として使用。,hitachi-hwc54y,no
hitachi,日立,R-HWC54Y,hitachi-r-hwc54y,freezing,デリシャス冷凍・霜ブロック,冷凍室下段の3段ケースを活用する冷凍機能。,hitachi-hwc54y,no
hitachi,日立,R-HWC54Y,hitachi-r-hwc54y,energy,年間消費電力量 263kWh/年,2021年省エネ基準達成率112%。,hitachi-hwc54y,no
hitachi,日立,R-HWC54Y,hitachi-r-hwc54y,basic,外形寸法 650×701×1833mm,最小設置奥行寸法701mm、質量109kg。,hitachi-hwc54y,no
hitachi,日立,R-HWC54Y,hitachi-r-hwc54y,freezing,デリシャス冷凍,急速冷凍。メーカー公式カタログ・公式仕様表で搭載を確認,hitachi-2026|hitachi-hwc54y|official-hitachi-models,yes
hitachi,日立,R-HWC54Y,hitachi-r-hwc54y,freezing,霜ブロック,霜つき・乾燥抑制。メーカー公式カタログ・公式仕様表で搭載を確認,hitachi-2026|hitachi-hwc54y|official-hitachi-models,yes
hitachi,日立,R-HWC54Y,hitachi-r-hwc54y,vegetables,新鮮スリープ野菜室,野菜鮮度保持。メーカー公式カタログ・公式仕様表で搭載を確認,hitachi-2026|hitachi-hwc54y|official-hitachi-models,yes
hitachi,日立,R-HWC54Y,hitachi-r-hwc54y,vegetables,高湿度保存,湿度・乾燥対策。メーカー公式カタログ・公式仕様表で搭載を確認,hitachi-2026|hitachi-hwc54y|official-hitachi-models,yes
hitachi,日立,R-HWC54Y,hitachi-r-hwc54y,vegetables,プラチナ触媒でエチレンガスを分解,エチレンガス対策。メーカー公式カタログ・公式仕様表で搭載を確認,hitachi-2026|hitachi-hwc54y|official-hitachi-models,yes
hitachi,日立,R-HWC54Y,hitachi-r-hwc54y,usability,自動製氷,自動製氷。メーカー公式カタログ・公式仕様表で搭載を確認,hitachi-2026|hitachi-hwc54y|official-hitachi-models,yes
hitachi,日立,R-HWC54Y,hitachi-r-hwc54y,usability,急速製氷,急速製氷。メーカー公式カタログ・公式仕様表で搭載を確認,hitachi-2026|hitachi-hwc54y|official-hitachi-models,yes
hitachi,日立,R-HWC54Y,hitachi-r-hwc54y,usability,製氷おそうじ,給水経路のお手入れ。メーカー公式カタログ・公式仕様表で搭載を確認,hitachi-2026|hitachi-hwc54y|official-hitachi-models,yes
hitachi,日立,R-HWC54Y,hitachi-r-hwc54y,freshness,トリプルパワー脱臭,脱臭。メーカー公式カタログ・公式仕様表で搭載を確認,hitachi-2026|hitachi-hwc54y|official-hitachi-models,yes
hitachi,日立,R-HWC54Y,hitachi-r-hwc54y,usability,高さかわるん棚／高さかわるポケット,棚の可変性。メーカー公式カタログ・公式仕様表で搭載を確認,hitachi-2026|hitachi-hwc54y|official-hitachi-models,yes
hitachi,日立,R-HWC54Y,hitachi-r-hwc54y,usability,ドアアラーム,ドア開放アラーム。メーカー公式カタログ・公式仕様表で搭載を確認,hitachi-2026|hitachi-hwc54y|official-hitachi-models,yes
hitachi,日立,R-HWC54Y,hitachi-r-hwc54y,energy,節電モード／独立冷却,省エネ運転。メーカー公式カタログ・公式仕様表で搭載を確認,hitachi-2026|hitachi-hwc54y|official-hitachi-models,yes
hitachi,日立,R-HWC54Y,hitachi-r-hwc54y,energy,冷蔵室独立冷却システム,センサー省エネ。メーカー公式カタログ・公式仕様表で搭載を確認,hitachi-2026|hitachi-hwc54y|official-hitachi-models,yes
hitachi,日立,R-HWC54Y,hitachi-r-hwc54y,usability,無線LAN,Wi-Fi。メーカー公式カタログ・公式仕様表で搭載を確認,hitachi-2026|hitachi-hwc54y|official-hitachi-models,yes
hitachi,日立,R-HWC54Y,hitachi-r-hwc54y,usability,ハピネスアップ,スマートフォン・アプリ連携。メーカー公式カタログ・公式仕様表で搭載を確認,hitachi-2026|hitachi-hwc54y|official-hitachi-models,yes
hitachi,日立,R-HWC54Y,hitachi-r-hwc54y,usability,アプリ運転状況確認,通知・見守り。メーカー公式カタログ・公式仕様表で搭載を確認,hitachi-2026|hitachi-hwc54y|official-hitachi-models,yes
hitachi,日立,R-HWC54Y,hitachi-r-hwc54y,freshness,クイック冷却,食品をすばやく冷やす冷蔵室の運転モード。,hitachi-2026|hitachi-hwc54y|official-hitachi-models,yes
hitachi,日立,R-HWC54Y,hitachi-r-hwc54y,freezing,大型アルミトレイ,食品の熱を奪いやすいアルミトレイで冷凍を補助。,hitachi-2026|hitachi-hwc54y|official-hitachi-models,yes
hitachi,日立,R-HWC54Y,hitachi-r-hwc54y,freezing,3段ケース,冷凍室を3段に分けて整理しやすい構造。,hitachi-2026|hitachi-hwc54y|official-hitachi-models,yes
hitachi,日立,R-HXC54X,hitachi-rhxc54x,basic,定格内容積 540L,本体幅650mm、奥行699mm、高さ1839mm。,official-hitachi-models,no
hitachi,日立,R-HXC54X,hitachi-rhxc54x,energy,年間消費電力量 252kWh/年,2021年省エネ基準達成率117%。,official-hitachi-models,no
hitachi,日立,R-HXC54X,hitachi-rhxc54x,freezing,デリシャス冷凍／急冷凍,急速冷凍。メーカー公式カタログ・公式仕様表で搭載を確認,official-hitachi-models,yes
hitachi,日立,R-HXC54X,hitachi-rhxc54x,freezing,デリシャス冷凍,高品質冷凍。メーカー公式カタログ・公式仕様表で搭載を確認,official-hitachi-models,yes
hitachi,日立,R-HXC54X,hitachi-rhxc54x,freezing,霜ブロック,霜つき・乾燥抑制。メーカー公式カタログ・公式仕様表で搭載を確認,official-hitachi-models,yes
hitachi,日立,R-HXC54X,hitachi-rhxc54x,freshness,特鮮氷温ルーム,高鮮度保存機能。メーカー公式カタログ・公式仕様表で搭載を確認,official-hitachi-models,yes
hitachi,日立,R-HXC54X,hitachi-rhxc54x,vegetables,新鮮スリープ野菜室,野菜鮮度保持。メーカー公式カタログ・公式仕様表で搭載を確認,official-hitachi-models,yes
hitachi,日立,R-HXC54X,hitachi-rhxc54x,vegetables,高湿度保存,湿度・乾燥対策。メーカー公式カタログ・公式仕様表で搭載を確認,official-hitachi-models,yes
hitachi,日立,R-HXC54X,hitachi-rhxc54x,vegetables,プラチナ触媒でエチレンガスを分解,エチレンガス対策。メーカー公式カタログ・公式仕様表で搭載を確認,official-hitachi-models,yes
hitachi,日立,R-HXC54X,hitachi-rhxc54x,usability,自動製氷,自動製氷。メーカー公式カタログ・公式仕様表で搭載を確認,official-hitachi-models,yes
hitachi,日立,R-HXC54X,hitachi-rhxc54x,usability,急速製氷,急速製氷。メーカー公式カタログ・公式仕様表で搭載を確認,official-hitachi-models,yes
hitachi,日立,R-HXC54X,hitachi-rhxc54x,usability,製氷おそうじ,給水経路のお手入れ。メーカー公式カタログ・公式仕様表で搭載を確認,official-hitachi-models,yes
hitachi,日立,R-HXC54X,hitachi-rhxc54x,freshness,トリプルパワー脱臭,脱臭。メーカー公式カタログ・公式仕様表で搭載を確認,official-hitachi-models,yes
hitachi,日立,R-HXC54X,hitachi-rhxc54x,usability,高さかわるん棚／高さかわるポケット,棚の可変性。メーカー公式カタログ・公式仕様表で搭載を確認,official-hitachi-models,yes
hitachi,日立,R-HXC54X,hitachi-rhxc54x,usability,ドアアラーム,ドア開放アラーム。メーカー公式カタログ・公式仕様表で搭載を確認,official-hitachi-models,yes
hitachi,日立,R-HXC54X,hitachi-rhxc54x,energy,節電モード／独立冷却,省エネ運転。メーカー公式カタログ・公式仕様表で搭載を確認,official-hitachi-models,yes
hitachi,日立,R-HXC54X,hitachi-rhxc54x,energy,冷蔵室独立冷却システム,センサー省エネ。メーカー公式カタログ・公式仕様表で搭載を確認,official-hitachi-models,yes
hitachi,日立,R-HXC54X,hitachi-rhxc54x,usability,無線LAN,Wi-Fi。メーカー公式カタログ・公式仕様表で搭載を確認,official-hitachi-models,yes
hitachi,日立,R-HXC54X,hitachi-rhxc54x,usability,日立冷蔵庫コンシェルジュ／ハピネスアップ,スマートフォン・アプリ連携。メーカー公式カタログ・公式仕様表で搭載を確認,official-hitachi-models,yes
hitachi,日立,R-HXC54X,hitachi-rhxc54x,usability,アプリ運転状況確認,通知・見守り。メーカー公式カタログ・公式仕様表で搭載を確認,official-hitachi-models,yes
hitachi,日立,R-HXC54X,hitachi-rhxc54x,freshness,まるごとチルド,冷蔵室全段をチルド温度帯と高い湿度で保存。,official-hitachi-models,yes
hitachi,日立,R-HXC54X,hitachi-rhxc54x,freshness,クイック冷却,食品をすばやく冷やす冷蔵室の運転モード。,official-hitachi-models,yes
hitachi,日立,R-HXC54X,hitachi-rhxc54x,freezing,大型アルミトレイ,食品の熱を奪いやすいアルミトレイで冷凍を補助。,official-hitachi-models,yes
hitachi,日立,R-HXC54X,hitachi-rhxc54x,freezing,3段ケース,冷凍室を3段に分けて整理しやすい構造。,official-hitachi-models,yes
hitachi,日立,R-HXCC54X,hitachi-rhxcc54x,basic,定格内容積 540L,本体幅650mm、奥行699mm、高さ1875mm。,official-hitachi-models,no
hitachi,日立,R-HXCC54X,hitachi-rhxcc54x,energy,年間消費電力量 252kWh/年,2021年省エネ基準達成率117%。,official-hitachi-models,no
hitachi,日立,R-HXCC54X,hitachi-rhxcc54x,freezing,デリシャス冷凍／急冷凍,急速冷凍。メーカー公式カタログ・公式仕様表で搭載を確認,official-hitachi-models,yes
hitachi,日立,R-HXCC54X,hitachi-rhxcc54x,freezing,デリシャス冷凍,高品質冷凍。メーカー公式カタログ・公式仕様表で搭載を確認,official-hitachi-models,yes
hitachi,日立,R-HXCC54X,hitachi-rhxcc54x,freezing,霜ブロック,霜つき・乾燥抑制。メーカー公式カタログ・公式仕様表で搭載を確認,official-hitachi-models,yes
hitachi,日立,R-HXCC54X,hitachi-rhxcc54x,freshness,特鮮氷温ルーム,高鮮度保存機能。メーカー公式カタログ・公式仕様表で搭載を確認,official-hitachi-models,yes
hitachi,日立,R-HXCC54X,hitachi-rhxcc54x,vegetables,新鮮スリープ野菜室,野菜鮮度保持。メーカー公式カタログ・公式仕様表で搭載を確認,official-hitachi-models,yes
hitachi,日立,R-HXCC54X,hitachi-rhxcc54x,vegetables,高湿度保存,湿度・乾燥対策。メーカー公式カタログ・公式仕様表で搭載を確認,official-hitachi-models,yes
hitachi,日立,R-HXCC54X,hitachi-rhxcc54x,vegetables,プラチナ触媒でエチレンガスを分解,エチレンガス対策。メーカー公式カタログ・公式仕様表で搭載を確認,official-hitachi-models,yes
hitachi,日立,R-HXCC54X,hitachi-rhxcc54x,usability,自動製氷,自動製氷。メーカー公式カタログ・公式仕様表で搭載を確認,official-hitachi-models,yes
hitachi,日立,R-HXCC54X,hitachi-rhxcc54x,usability,急速製氷,急速製氷。メーカー公式カタログ・公式仕様表で搭載を確認,official-hitachi-models,yes
hitachi,日立,R-HXCC54X,hitachi-rhxcc54x,usability,製氷おそうじ,給水経路のお手入れ。メーカー公式カタログ・公式仕様表で搭載を確認,official-hitachi-models,yes
hitachi,日立,R-HXCC54X,hitachi-rhxcc54x,freshness,トリプルパワー脱臭,脱臭。メーカー公式カタログ・公式仕様表で搭載を確認,official-hitachi-models,yes
hitachi,日立,R-HXCC54X,hitachi-rhxcc54x,usability,高さかわるん棚／高さかわるポケット,棚の可変性。メーカー公式カタログ・公式仕様表で搭載を確認,official-hitachi-models,yes
hitachi,日立,R-HXCC54X,hitachi-rhxcc54x,usability,電動引き出し,開閉サポート。メーカー公式カタログ・公式仕様表で搭載を確認,official-hitachi-models,yes
hitachi,日立,R-HXCC54X,hitachi-rhxcc54x,usability,ドアアラーム,ドア開放アラーム。メーカー公式カタログ・公式仕様表で搭載を確認,official-hitachi-models,yes
hitachi,日立,R-HXCC54X,hitachi-rhxcc54x,energy,節電モード／独立冷却,省エネ運転。メーカー公式カタログ・公式仕様表で搭載を確認,official-hitachi-models,yes
hitachi,日立,R-HXCC54X,hitachi-rhxcc54x,energy,冷蔵室独立冷却システム,センサー省エネ。メーカー公式カタログ・公式仕様表で搭載を確認,official-hitachi-models,yes
hitachi,日立,R-HXCC54X,hitachi-rhxcc54x,usability,無線LAN,Wi-Fi。メーカー公式カタログ・公式仕様表で搭載を確認,official-hitachi-models,yes
hitachi,日立,R-HXCC54X,hitachi-rhxcc54x,usability,日立冷蔵庫コンシェルジュ／ハピネスアップ,スマートフォン・アプリ連携。メーカー公式カタログ・公式仕様表で搭載を確認,official-hitachi-models,yes
hitachi,日立,R-HXCC54X,hitachi-rhxcc54x,usability,冷蔵庫カメラ,食材管理。メーカー公式カタログ・公式仕様表で搭載を確認,official-hitachi-models,yes
hitachi,日立,R-HXCC54X,hitachi-rhxcc54x,usability,アプリ運転状況確認,通知・見守り。メーカー公式カタログ・公式仕様表で搭載を確認,official-hitachi-models,yes
hitachi,日立,R-HXCC54X,hitachi-rhxcc54x,usability,冷蔵庫カメラ・アプリ食材管理,AI機能。メーカー公式カタログ・公式仕様表で搭載を確認,official-hitachi-models,yes
hitachi,日立,R-HXCC54X,hitachi-rhxcc54x,freshness,まるごとチルド,冷蔵室全段をチルド温度帯と高い湿度で保存。,official-hitachi-models,yes
hitachi,日立,R-HXCC54X,hitachi-rhxcc54x,freshness,クイック冷却,食品をすばやく冷やす冷蔵室の運転モード。,official-hitachi-models,yes
hitachi,日立,R-HXCC54X,hitachi-rhxcc54x,freezing,大型アルミトレイ,食品の熱を奪いやすいアルミトレイで冷凍を補助。,official-hitachi-models,yes
hitachi,日立,R-HXCC54X,hitachi-rhxcc54x,freezing,3段ケース,冷凍室を3段に分けて整理しやすい構造。,official-hitachi-models,yes
hitachi,日立,R-HZC54Y,hitachi-rhzc54y,basic,定格内容積 540L,本体幅650mm、奥行699mm、高さ1873mm。,official-hitachi-models,no
hitachi,日立,R-HZC54Y,hitachi-rhzc54y,energy,年間消費電力量 252kWh/年,2021年省エネ基準達成率117%。,official-hitachi-models,no
hitachi,日立,R-HZC54Y,hitachi-rhzc54y,freezing,デリシャス冷凍／急冷凍,急速冷凍。メーカー公式カタログ・公式仕様表で搭載を確認,official-hitachi-models,yes
hitachi,日立,R-HZC54Y,hitachi-rhzc54y,freezing,デリシャス冷凍,高品質冷凍。メーカー公式カタログ・公式仕様表で搭載を確認,official-hitachi-models,yes
hitachi,日立,R-HZC54Y,hitachi-rhzc54y,freezing,霜ブロック,霜つき・乾燥抑制。メーカー公式カタログ・公式仕様表で搭載を確認,official-hitachi-models,yes
hitachi,日立,R-HZC54Y,hitachi-rhzc54y,freshness,特鮮氷温ルーム,高鮮度保存機能。メーカー公式カタログ・公式仕様表で搭載を確認,official-hitachi-models,yes
hitachi,日立,R-HZC54Y,hitachi-rhzc54y,vegetables,新鮮スリープ野菜室,野菜鮮度保持。メーカー公式カタログ・公式仕様表で搭載を確認,official-hitachi-models,yes
hitachi,日立,R-HZC54Y,hitachi-rhzc54y,vegetables,高湿度保存,湿度・乾燥対策。メーカー公式カタログ・公式仕様表で搭載を確認,official-hitachi-models,yes
hitachi,日立,R-HZC54Y,hitachi-rhzc54y,vegetables,プラチナ触媒でエチレンガスを分解,エチレンガス対策。メーカー公式カタログ・公式仕様表で搭載を確認,official-hitachi-models,yes
hitachi,日立,R-HZC54Y,hitachi-rhzc54y,usability,自動製氷,自動製氷。メーカー公式カタログ・公式仕様表で搭載を確認,official-hitachi-models,yes
hitachi,日立,R-HZC54Y,hitachi-rhzc54y,usability,急速製氷,急速製氷。メーカー公式カタログ・公式仕様表で搭載を確認,official-hitachi-models,yes
hitachi,日立,R-HZC54Y,hitachi-rhzc54y,usability,製氷おそうじ,給水経路のお手入れ。メーカー公式カタログ・公式仕様表で搭載を確認,official-hitachi-models,yes
hitachi,日立,R-HZC54Y,hitachi-rhzc54y,freshness,トリプルパワー脱臭,脱臭。メーカー公式カタログ・公式仕様表で搭載を確認,official-hitachi-models,yes
hitachi,日立,R-HZC54Y,hitachi-rhzc54y,usability,高さかわるん棚／高さかわるポケット,棚の可変性。メーカー公式カタログ・公式仕様表で搭載を確認,official-hitachi-models,yes
hitachi,日立,R-HZC54Y,hitachi-rhzc54y,usability,ドアアラーム,ドア開放アラーム。メーカー公式カタログ・公式仕様表で搭載を確認,official-hitachi-models,yes
hitachi,日立,R-HZC54Y,hitachi-rhzc54y,energy,節電モード／独立冷却,省エネ運転。メーカー公式カタログ・公式仕様表で搭載を確認,official-hitachi-models,yes
hitachi,日立,R-HZC54Y,hitachi-rhzc54y,energy,冷蔵室独立冷却システム,センサー省エネ。メーカー公式カタログ・公式仕様表で搭載を確認,official-hitachi-models,yes
hitachi,日立,R-HZC54Y,hitachi-rhzc54y,usability,無線LAN,Wi-Fi。メーカー公式カタログ・公式仕様表で搭載を確認,official-hitachi-models,yes
hitachi,日立,R-HZC54Y,hitachi-rhzc54y,usability,ハピネスアップ,スマートフォン・アプリ連携。メーカー公式カタログ・公式仕様表で搭載を確認,official-hitachi-models,yes
hitachi,日立,R-HZC54Y,hitachi-rhzc54y,usability,アプリ運転状況確認,通知・見守り。メーカー公式カタログ・公式仕様表で搭載を確認,official-hitachi-models,yes
hitachi,日立,R-HZC54Y,hitachi-rhzc54y,freshness,まるごとチルド,冷蔵室全段をチルド温度帯と高い湿度で保存。,official-hitachi-models,yes
hitachi,日立,R-HZC54Y,hitachi-rhzc54y,freshness,クイック冷却,食品をすばやく冷やす冷蔵室の運転モード。,official-hitachi-models,yes
hitachi,日立,R-HZC54Y,hitachi-rhzc54y,freezing,大型アルミトレイ,食品の熱を奪いやすいアルミトレイで冷凍を補助。,official-hitachi-models,yes
hitachi,日立,R-HZC54Y,hitachi-rhzc54y,freezing,3段ケース,冷凍室を3段に分けて整理しやすい構造。,official-hitachi-models,yes
hitachi,日立,R-VWC50X,hitachi-rvwc50x,basic,定格内容積 500L,本体幅650mm、奥行701mm、高さ1839mm。,official-hitachi-models,no
hitachi,日立,R-VWC50X,hitachi-rvwc50x,energy,年間消費電力量 275kWh/年,2021年省エネ基準達成率101%。,official-hitachi-models,no
hitachi,日立,R-VWC50X,hitachi-rvwc50x,freezing,デリシャス冷凍,急速冷凍。メーカー公式カタログ・公式仕様表で搭載を確認,official-hitachi-models,yes
hitachi,日立,R-VWC50X,hitachi-rvwc50x,freshness,特鮮氷温ルーム,高鮮度保存機能。メーカー公式カタログ・公式仕様表で搭載を確認,official-hitachi-models,yes
hitachi,日立,R-VWC50X,hitachi-rvwc50x,vegetables,新鮮スリープ野菜室,野菜鮮度保持。メーカー公式カタログ・公式仕様表で搭載を確認,official-hitachi-models,yes
hitachi,日立,R-VWC50X,hitachi-rvwc50x,vegetables,プラチナ触媒,エチレンガス対策。メーカー公式カタログ・公式仕様表で搭載を確認,official-hitachi-models,yes
hitachi,日立,R-VWC50X,hitachi-rvwc50x,usability,自動製氷,自動製氷。メーカー公式カタログ・公式仕様表で搭載を確認,official-hitachi-models,yes
hitachi,日立,R-VWC50X,hitachi-rvwc50x,usability,急速製氷,急速製氷。メーカー公式カタログ・公式仕様表で搭載を確認,official-hitachi-models,yes
hitachi,日立,R-VWC50X,hitachi-rvwc50x,usability,製氷おそうじ,給水経路のお手入れ。メーカー公式カタログ・公式仕様表で搭載を確認,official-hitachi-models,yes
hitachi,日立,R-VWC50X,hitachi-rvwc50x,freshness,トリプルパワー脱臭,脱臭。メーカー公式カタログ・公式仕様表で搭載を確認,official-hitachi-models,yes
hitachi,日立,R-VWC50X,hitachi-rvwc50x,usability,高さかわるん棚／ポケット,棚の可変性。メーカー公式カタログ・公式仕様表で搭載を確認,official-hitachi-models,yes
hitachi,日立,R-VWC50X,hitachi-rvwc50x,usability,ドアアラーム,ドア開放アラーム。メーカー公式カタログ・公式仕様表で搭載を確認,official-hitachi-models,yes
hitachi,日立,R-VWC50X,hitachi-rvwc50x,energy,節電モード,省エネ運転。メーカー公式カタログ・公式仕様表で搭載を確認,official-hitachi-models,yes
hitachi,日立,R-VWC50X,hitachi-rvwc50x,usability,無線LAN,Wi-Fi。メーカー公式カタログ・公式仕様表で搭載を確認,official-hitachi-models,yes
hitachi,日立,R-VWC50X,hitachi-rvwc50x,usability,日立冷蔵庫コンシェルジュアプリ,スマートフォン・アプリ連携。メーカー公式カタログ・公式仕様表で搭載を確認,official-hitachi-models,yes
hitachi,日立,R-VWC50X,hitachi-rvwc50x,usability,アプリ運転状況確認,通知・見守り。メーカー公式カタログ・公式仕様表で搭載を確認,official-hitachi-models,yes
hitachi,日立,R-H49X,hitachi-rh49x,basic,定格内容積 485L,本体幅650mm、奥行651mm、高さ1833mm。,official-hitachi-models,no
hitachi,日立,R-H49X,hitachi-rh49x,energy,年間消費電力量 276kWh/年,2021年省エネ基準達成率100%。,official-hitachi-models,no
hitachi,日立,R-H49X,hitachi-rh49x,freezing,急速冷凍,急速冷凍。メーカー公式カタログ・公式仕様表で搭載を確認,official-hitachi-models,yes
hitachi,日立,R-H49X,hitachi-rh49x,freezing,霜ブロック,霜つき・乾燥抑制。メーカー公式カタログ・公式仕様表で搭載を確認,official-hitachi-models,yes
hitachi,日立,R-H49X,hitachi-rh49x,freshness,特鮮氷温ルーム,高鮮度保存機能。メーカー公式カタログ・公式仕様表で搭載を確認,official-hitachi-models,yes
hitachi,日立,R-H49X,hitachi-rh49x,vegetables,うるおい野菜室,野菜鮮度保持。メーカー公式カタログ・公式仕様表で搭載を確認,official-hitachi-models,yes
hitachi,日立,R-H49X,hitachi-rh49x,vegetables,間接冷却,湿度・乾燥対策。メーカー公式カタログ・公式仕様表で搭載を確認,official-hitachi-models,yes
hitachi,日立,R-H49X,hitachi-rh49x,usability,自動製氷,自動製氷。メーカー公式カタログ・公式仕様表で搭載を確認,official-hitachi-models,yes
hitachi,日立,R-H49X,hitachi-rh49x,usability,急速製氷,急速製氷。メーカー公式カタログ・公式仕様表で搭載を確認,official-hitachi-models,yes
hitachi,日立,R-H49X,hitachi-rh49x,usability,製氷おそうじ,給水経路のお手入れ。メーカー公式カタログ・公式仕様表で搭載を確認,official-hitachi-models,yes
hitachi,日立,R-H49X,hitachi-rh49x,freshness,トリプルパワー脱臭,脱臭。メーカー公式カタログ・公式仕様表で搭載を確認,official-hitachi-models,yes
hitachi,日立,R-H49X,hitachi-rh49x,usability,高さかわるん棚／高さかわるポケット,棚の可変性。メーカー公式カタログ・公式仕様表で搭載を確認,official-hitachi-models,yes
hitachi,日立,R-H49X,hitachi-rh49x,usability,ドアアラーム,ドア開放アラーム。メーカー公式カタログ・公式仕様表で搭載を確認,official-hitachi-models,yes
hitachi,日立,R-H49X,hitachi-rh49x,energy,節電モード／独立冷却,省エネ運転。メーカー公式カタログ・公式仕様表で搭載を確認,official-hitachi-models,yes
hitachi,日立,R-H49Y,hitachi-rh49y,basic,定格内容積 485L,本体幅650mm、奥行651mm、高さ1833mm。,official-hitachi-models,no
hitachi,日立,R-H49Y,hitachi-rh49y,energy,年間消費電力量 276kWh/年,2021年省エネ基準達成率100%。,official-hitachi-models,no
hitachi,日立,R-H49Y,hitachi-rh49y,freezing,急速冷凍,急速冷凍。メーカー公式カタログ・公式仕様表で搭載を確認,official-hitachi-models,yes
hitachi,日立,R-H49Y,hitachi-rh49y,freezing,霜ブロック,霜つき・乾燥抑制。メーカー公式カタログ・公式仕様表で搭載を確認,official-hitachi-models,yes
hitachi,日立,R-H49Y,hitachi-rh49y,freshness,特鮮氷温ルーム,高鮮度保存機能。メーカー公式カタログ・公式仕様表で搭載を確認,official-hitachi-models,yes
hitachi,日立,R-H49Y,hitachi-rh49y,vegetables,うるおい野菜室,野菜鮮度保持。メーカー公式カタログ・公式仕様表で搭載を確認,official-hitachi-models,yes
hitachi,日立,R-H49Y,hitachi-rh49y,vegetables,間接冷却,湿度・乾燥対策。メーカー公式カタログ・公式仕様表で搭載を確認,official-hitachi-models,yes
hitachi,日立,R-H49Y,hitachi-rh49y,usability,自動製氷,自動製氷。メーカー公式カタログ・公式仕様表で搭載を確認,official-hitachi-models,yes
hitachi,日立,R-H49Y,hitachi-rh49y,usability,急速製氷,急速製氷。メーカー公式カタログ・公式仕様表で搭載を確認,official-hitachi-models,yes
hitachi,日立,R-H49Y,hitachi-rh49y,usability,製氷おそうじ,給水経路のお手入れ。メーカー公式カタログ・公式仕様表で搭載を確認,official-hitachi-models,yes
hitachi,日立,R-H49Y,hitachi-rh49y,freshness,トリプルパワー脱臭,脱臭。メーカー公式カタログ・公式仕様表で搭載を確認,official-hitachi-models,yes
hitachi,日立,R-H49Y,hitachi-rh49y,usability,高さかわるん棚／高さかわるポケット,棚の可変性。メーカー公式カタログ・公式仕様表で搭載を確認,official-hitachi-models,yes
hitachi,日立,R-H49Y,hitachi-rh49y,usability,ドアアラーム,ドア開放アラーム。メーカー公式カタログ・公式仕様表で搭載を確認,official-hitachi-models,yes
hitachi,日立,R-H49Y,hitachi-rh49y,energy,節電モード／独立冷却,省エネ運転。メーカー公式カタログ・公式仕様表で搭載を確認,official-hitachi-models,yes
hitachi,日立,R-HW49V,hitachi-rhw49v,basic,定格内容積 485L,本体幅650mm、奥行651mm、高さ1833mm。,official-hitachi-models,no
hitachi,日立,R-HW49V,hitachi-rhw49v,energy,年間消費電力量 262kWh/年,2021年省エネ基準達成率105%。,official-hitachi-models,no
hitachi,日立,R-HW49V,hitachi-rhw49v,freezing,デリシャス冷凍,急速冷凍。メーカー公式カタログ・公式仕様表で搭載を確認,official-hitachi-models,yes
hitachi,日立,R-HW49V,hitachi-rhw49v,freshness,特鮮氷温ルーム,高鮮度保存機能。メーカー公式カタログ・公式仕様表で搭載を確認,official-hitachi-models,yes
hitachi,日立,R-HW49V,hitachi-rhw49v,vegetables,新鮮スリープ野菜室,野菜鮮度保持。メーカー公式カタログ・公式仕様表で搭載を確認,official-hitachi-models,yes
hitachi,日立,R-HW49V,hitachi-rhw49v,vegetables,プラチナ触媒,エチレンガス対策。メーカー公式カタログ・公式仕様表で搭載を確認,official-hitachi-models,yes
hitachi,日立,R-HW49V,hitachi-rhw49v,usability,自動製氷,自動製氷。メーカー公式カタログ・公式仕様表で搭載を確認,official-hitachi-models,yes
hitachi,日立,R-HW49V,hitachi-rhw49v,usability,急速製氷,急速製氷。メーカー公式カタログ・公式仕様表で搭載を確認,official-hitachi-models,yes
hitachi,日立,R-HW49V,hitachi-rhw49v,usability,製氷おそうじ,給水経路のお手入れ。メーカー公式カタログ・公式仕様表で搭載を確認,official-hitachi-models,yes
hitachi,日立,R-HW49V,hitachi-rhw49v,freshness,トリプルパワー脱臭,脱臭。メーカー公式カタログ・公式仕様表で搭載を確認,official-hitachi-models,yes
hitachi,日立,R-HW49V,hitachi-rhw49v,usability,高さかわるん棚／高さかわるポケット,棚の可変性。メーカー公式カタログ・公式仕様表で搭載を確認,official-hitachi-models,yes
hitachi,日立,R-HW49V,hitachi-rhw49v,usability,ドアアラーム,ドア開放アラーム。メーカー公式カタログ・公式仕様表で搭載を確認,official-hitachi-models,yes
hitachi,日立,R-HW49V,hitachi-rhw49v,energy,節電モード／独立冷却,省エネ運転。メーカー公式カタログ・公式仕様表で搭載を確認,official-hitachi-models,yes
hitachi,日立,R-HWC49X,hitachi-rhwc49x,basic,定格内容積 485L,本体幅650mm、奥行651mm、高さ1839mm。,official-hitachi-models,no
hitachi,日立,R-HWC49X,hitachi-rhwc49x,energy,年間消費電力量 262kWh/年,2021年省エネ基準達成率105%。,official-hitachi-models,no
hitachi,日立,R-HWC49X,hitachi-rhwc49x,freezing,デリシャス冷凍／急冷凍,急速冷凍。メーカー公式カタログ・公式仕様表で搭載を確認,official-hitachi-models,yes
hitachi,日立,R-HWC49X,hitachi-rhwc49x,freezing,デリシャス冷凍,高品質冷凍。メーカー公式カタログ・公式仕様表で搭載を確認,official-hitachi-models,yes
hitachi,日立,R-HWC49X,hitachi-rhwc49x,freezing,霜ブロック,霜つき・乾燥抑制。メーカー公式カタログ・公式仕様表で搭載を確認,official-hitachi-models,yes
hitachi,日立,R-HWC49X,hitachi-rhwc49x,freshness,特鮮氷温ルーム,高鮮度保存機能。メーカー公式カタログ・公式仕様表で搭載を確認,official-hitachi-models,yes
hitachi,日立,R-HWC49X,hitachi-rhwc49x,vegetables,新鮮スリープ野菜室,野菜鮮度保持。メーカー公式カタログ・公式仕様表で搭載を確認,official-hitachi-models,yes
hitachi,日立,R-HWC49X,hitachi-rhwc49x,vegetables,高湿度保存,湿度・乾燥対策。メーカー公式カタログ・公式仕様表で搭載を確認,official-hitachi-models,yes
hitachi,日立,R-HWC49X,hitachi-rhwc49x,vegetables,プラチナ触媒でエチレンガスを分解,エチレンガス対策。メーカー公式カタログ・公式仕様表で搭載を確認,official-hitachi-models,yes
hitachi,日立,R-HWC49X,hitachi-rhwc49x,usability,自動製氷,自動製氷。メーカー公式カタログ・公式仕様表で搭載を確認,official-hitachi-models,yes
hitachi,日立,R-HWC49X,hitachi-rhwc49x,usability,急速製氷,急速製氷。メーカー公式カタログ・公式仕様表で搭載を確認,official-hitachi-models,yes
hitachi,日立,R-HWC49X,hitachi-rhwc49x,usability,製氷おそうじ,給水経路のお手入れ。メーカー公式カタログ・公式仕様表で搭載を確認,official-hitachi-models,yes
hitachi,日立,R-HWC49X,hitachi-rhwc49x,freshness,トリプルパワー脱臭,脱臭。メーカー公式カタログ・公式仕様表で搭載を確認,official-hitachi-models,yes
hitachi,日立,R-HWC49X,hitachi-rhwc49x,usability,高さかわるん棚／高さかわるポケット,棚の可変性。メーカー公式カタログ・公式仕様表で搭載を確認,official-hitachi-models,yes
hitachi,日立,R-HWC49X,hitachi-rhwc49x,usability,ドアアラーム,ドア開放アラーム。メーカー公式カタログ・公式仕様表で搭載を確認,official-hitachi-models,yes
hitachi,日立,R-HWC49X,hitachi-rhwc49x,energy,節電モード／独立冷却,省エネ運転。メーカー公式カタログ・公式仕様表で搭載を確認,official-hitachi-models,yes
hitachi,日立,R-HWC49X,hitachi-rhwc49x,energy,冷蔵室独立冷却システム,センサー省エネ。メーカー公式カタログ・公式仕様表で搭載を確認,official-hitachi-models,yes
hitachi,日立,R-HWC49X,hitachi-rhwc49x,usability,無線LAN,Wi-Fi。メーカー公式カタログ・公式仕様表で搭載を確認,official-hitachi-models,yes
hitachi,日立,R-HWC49X,hitachi-rhwc49x,usability,日立冷蔵庫コンシェルジュ／ハピネスアップ,スマートフォン・アプリ連携。メーカー公式カタログ・公式仕様表で搭載を確認,official-hitachi-models,yes
hitachi,日立,R-HWC49X,hitachi-rhwc49x,usability,アプリ運転状況確認,通知・見守り。メーカー公式カタログ・公式仕様表で搭載を確認,official-hitachi-models,yes
hitachi,日立,R-HWC49X,hitachi-rhwc49x,freshness,まるごとチルド,冷蔵室全段をチルド温度帯と高い湿度で保存。,official-hitachi-models,yes
hitachi,日立,R-HWC49X,hitachi-rhwc49x,freshness,クイック冷却,食品をすばやく冷やす冷蔵室の運転モード。,official-hitachi-models,yes
hitachi,日立,R-HWC49X,hitachi-rhwc49x,freezing,大型アルミトレイ,食品の熱を奪いやすいアルミトレイで冷凍を補助。,official-hitachi-models,yes
hitachi,日立,R-HWC49X,hitachi-rhwc49x,freezing,3段ケース,冷凍室を3段に分けて整理しやすい構造。,official-hitachi-models,yes
hitachi,日立,R-HWC49Y,hitachi-rhwc49y,basic,定格内容積 485L,本体幅650mm、奥行651mm、高さ1839mm。,official-hitachi-models,no
hitachi,日立,R-HWC49Y,hitachi-rhwc49y,energy,年間消費電力量 262kWh/年,2021年省エネ基準達成率105%。,official-hitachi-models,no
hitachi,日立,R-HWC49Y,hitachi-rhwc49y,freezing,デリシャス冷凍／急冷凍,急速冷凍。メーカー公式カタログ・公式仕様表で搭載を確認,official-hitachi-models,yes
hitachi,日立,R-HWC49Y,hitachi-rhwc49y,freezing,デリシャス冷凍,高品質冷凍。メーカー公式カタログ・公式仕様表で搭載を確認,official-hitachi-models,yes
hitachi,日立,R-HWC49Y,hitachi-rhwc49y,freezing,霜ブロック,霜つき・乾燥抑制。メーカー公式カタログ・公式仕様表で搭載を確認,official-hitachi-models,yes
hitachi,日立,R-HWC49Y,hitachi-rhwc49y,freshness,特鮮氷温ルーム,高鮮度保存機能。メーカー公式カタログ・公式仕様表で搭載を確認,official-hitachi-models,yes
hitachi,日立,R-HWC49Y,hitachi-rhwc49y,vegetables,新鮮スリープ野菜室,野菜鮮度保持。メーカー公式カタログ・公式仕様表で搭載を確認,official-hitachi-models,yes
hitachi,日立,R-HWC49Y,hitachi-rhwc49y,vegetables,高湿度保存,湿度・乾燥対策。メーカー公式カタログ・公式仕様表で搭載を確認,official-hitachi-models,yes
hitachi,日立,R-HWC49Y,hitachi-rhwc49y,vegetables,プラチナ触媒でエチレンガスを分解,エチレンガス対策。メーカー公式カタログ・公式仕様表で搭載を確認,official-hitachi-models,yes
hitachi,日立,R-HWC49Y,hitachi-rhwc49y,usability,自動製氷,自動製氷。メーカー公式カタログ・公式仕様表で搭載を確認,official-hitachi-models,yes
hitachi,日立,R-HWC49Y,hitachi-rhwc49y,usability,急速製氷,急速製氷。メーカー公式カタログ・公式仕様表で搭載を確認,official-hitachi-models,yes
hitachi,日立,R-HWC49Y,hitachi-rhwc49y,usability,製氷おそうじ,給水経路のお手入れ。メーカー公式カタログ・公式仕様表で搭載を確認,official-hitachi-models,yes
hitachi,日立,R-HWC49Y,hitachi-rhwc49y,freshness,トリプルパワー脱臭,脱臭。メーカー公式カタログ・公式仕様表で搭載を確認,official-hitachi-models,yes
hitachi,日立,R-HWC49Y,hitachi-rhwc49y,usability,高さかわるん棚／高さかわるポケット,棚の可変性。メーカー公式カタログ・公式仕様表で搭載を確認,official-hitachi-models,yes
hitachi,日立,R-HWC49Y,hitachi-rhwc49y,usability,ドアアラーム,ドア開放アラーム。メーカー公式カタログ・公式仕様表で搭載を確認,official-hitachi-models,yes
hitachi,日立,R-HWC49Y,hitachi-rhwc49y,energy,節電モード／独立冷却,省エネ運転。メーカー公式カタログ・公式仕様表で搭載を確認,official-hitachi-models,yes
hitachi,日立,R-HWC49Y,hitachi-rhwc49y,energy,冷蔵室独立冷却システム,センサー省エネ。メーカー公式カタログ・公式仕様表で搭載を確認,official-hitachi-models,yes
hitachi,日立,R-HWC49Y,hitachi-rhwc49y,usability,無線LAN,Wi-Fi。メーカー公式カタログ・公式仕様表で搭載を確認,official-hitachi-models,yes
hitachi,日立,R-HWC49Y,hitachi-rhwc49y,usability,日立冷蔵庫コンシェルジュ／ハピネスアップ,スマートフォン・アプリ連携。メーカー公式カタログ・公式仕様表で搭載を確認,official-hitachi-models,yes
hitachi,日立,R-HWC49Y,hitachi-rhwc49y,usability,アプリ運転状況確認,通知・見守り。メーカー公式カタログ・公式仕様表で搭載を確認,official-hitachi-models,yes
hitachi,日立,R-HWC49Y,hitachi-rhwc49y,freshness,まるごとチルド,冷蔵室全段をチルド温度帯と高い湿度で保存。,official-hitachi-models,yes
hitachi,日立,R-HWC49Y,hitachi-rhwc49y,freshness,クイック冷却,食品をすばやく冷やす冷蔵室の運転モード。,official-hitachi-models,yes
hitachi,日立,R-HWC49Y,hitachi-rhwc49y,freezing,大型アルミトレイ,食品の熱を奪いやすいアルミトレイで冷凍を補助。,official-hitachi-models,yes
hitachi,日立,R-HWC49Y,hitachi-rhwc49y,freezing,3段ケース,冷凍室を3段に分けて整理しやすい構造。,official-hitachi-models,yes
hitachi,日立,R-HWS47V,hitachi-rhws47v,basic,定格内容積 470L,本体幅600mm、奥行701mm、高さ1833mm。,official-hitachi-models,no
hitachi,日立,R-HWS47V,hitachi-rhws47v,energy,年間消費電力量 269kWh/年,2021年省エネ基準達成率101%。,official-hitachi-models,no
hitachi,日立,R-HWS47V,hitachi-rhws47v,freezing,デリシャス冷凍／急冷凍,急速冷凍。メーカー公式カタログ・公式仕様表で搭載を確認,official-hitachi-models,yes
hitachi,日立,R-HWS47V,hitachi-rhws47v,freezing,デリシャス冷凍,高品質冷凍。メーカー公式カタログ・公式仕様表で搭載を確認,official-hitachi-models,yes
hitachi,日立,R-HWS47V,hitachi-rhws47v,freezing,霜ブロック,霜つき・乾燥抑制。メーカー公式カタログ・公式仕様表で搭載を確認,official-hitachi-models,yes
hitachi,日立,R-HWS47V,hitachi-rhws47v,freshness,特鮮氷温ルーム,高鮮度保存機能。メーカー公式カタログ・公式仕様表で搭載を確認,official-hitachi-models,yes
hitachi,日立,R-HWS47V,hitachi-rhws47v,vegetables,新鮮スリープ野菜室,野菜鮮度保持。メーカー公式カタログ・公式仕様表で搭載を確認,official-hitachi-models,yes
hitachi,日立,R-HWS47V,hitachi-rhws47v,vegetables,高湿度保存,湿度・乾燥対策。メーカー公式カタログ・公式仕様表で搭載を確認,official-hitachi-models,yes
hitachi,日立,R-HWS47V,hitachi-rhws47v,vegetables,プラチナ触媒でエチレンガスを分解,エチレンガス対策。メーカー公式カタログ・公式仕様表で搭載を確認,official-hitachi-models,yes
hitachi,日立,R-HWS47V,hitachi-rhws47v,usability,自動製氷,自動製氷。メーカー公式カタログ・公式仕様表で搭載を確認,official-hitachi-models,yes
hitachi,日立,R-HWS47V,hitachi-rhws47v,usability,急速製氷,急速製氷。メーカー公式カタログ・公式仕様表で搭載を確認,official-hitachi-models,yes
hitachi,日立,R-HWS47V,hitachi-rhws47v,usability,製氷おそうじ,給水経路のお手入れ。メーカー公式カタログ・公式仕様表で搭載を確認,official-hitachi-models,yes
hitachi,日立,R-HWS47V,hitachi-rhws47v,freshness,トリプルパワー脱臭,脱臭。メーカー公式カタログ・公式仕様表で搭載を確認,official-hitachi-models,yes
hitachi,日立,R-HWS47V,hitachi-rhws47v,usability,高さかわるん棚／高さかわるポケット,棚の可変性。メーカー公式カタログ・公式仕様表で搭載を確認,official-hitachi-models,yes
hitachi,日立,R-HWS47V,hitachi-rhws47v,usability,ドアアラーム,ドア開放アラーム。メーカー公式カタログ・公式仕様表で搭載を確認,official-hitachi-models,yes
hitachi,日立,R-HWS47V,hitachi-rhws47v,energy,節電モード／独立冷却,省エネ運転。メーカー公式カタログ・公式仕様表で搭載を確認,official-hitachi-models,yes
hitachi,日立,R-HWS47V,hitachi-rhws47v,energy,冷蔵室独立冷却システム,センサー省エネ。メーカー公式カタログ・公式仕様表で搭載を確認,official-hitachi-models,yes
hitachi,日立,R-HWS47X,hitachi-rhws47x,basic,定格内容積 470L,本体幅600mm、奥行701mm、高さ1833mm。,official-hitachi-models,no
hitachi,日立,R-HWS47X,hitachi-rhws47x,energy,年間消費電力量 269kWh/年,2021年省エネ基準達成率101%。,official-hitachi-models,no
hitachi,日立,R-HWS47X,hitachi-rhws47x,freezing,デリシャス冷凍／急冷凍,急速冷凍。メーカー公式カタログ・公式仕様表で搭載を確認,official-hitachi-models,yes
hitachi,日立,R-HWS47X,hitachi-rhws47x,freezing,デリシャス冷凍,高品質冷凍。メーカー公式カタログ・公式仕様表で搭載を確認,official-hitachi-models,yes
hitachi,日立,R-HWS47X,hitachi-rhws47x,freezing,霜ブロック,霜つき・乾燥抑制。メーカー公式カタログ・公式仕様表で搭載を確認,official-hitachi-models,yes
hitachi,日立,R-HWS47X,hitachi-rhws47x,freshness,特鮮氷温ルーム,高鮮度保存機能。メーカー公式カタログ・公式仕様表で搭載を確認,official-hitachi-models,yes
hitachi,日立,R-HWS47X,hitachi-rhws47x,vegetables,新鮮スリープ野菜室,野菜鮮度保持。メーカー公式カタログ・公式仕様表で搭載を確認,official-hitachi-models,yes
hitachi,日立,R-HWS47X,hitachi-rhws47x,vegetables,高湿度保存,湿度・乾燥対策。メーカー公式カタログ・公式仕様表で搭載を確認,official-hitachi-models,yes
hitachi,日立,R-HWS47X,hitachi-rhws47x,vegetables,プラチナ触媒でエチレンガスを分解,エチレンガス対策。メーカー公式カタログ・公式仕様表で搭載を確認,official-hitachi-models,yes
hitachi,日立,R-HWS47X,hitachi-rhws47x,usability,自動製氷,自動製氷。メーカー公式カタログ・公式仕様表で搭載を確認,official-hitachi-models,yes
hitachi,日立,R-HWS47X,hitachi-rhws47x,usability,急速製氷,急速製氷。メーカー公式カタログ・公式仕様表で搭載を確認,official-hitachi-models,yes
hitachi,日立,R-HWS47X,hitachi-rhws47x,usability,製氷おそうじ,給水経路のお手入れ。メーカー公式カタログ・公式仕様表で搭載を確認,official-hitachi-models,yes
hitachi,日立,R-HWS47X,hitachi-rhws47x,freshness,トリプルパワー脱臭,脱臭。メーカー公式カタログ・公式仕様表で搭載を確認,official-hitachi-models,yes
hitachi,日立,R-HWS47X,hitachi-rhws47x,usability,高さかわるん棚／高さかわるポケット,棚の可変性。メーカー公式カタログ・公式仕様表で搭載を確認,official-hitachi-models,yes
hitachi,日立,R-HWS47X,hitachi-rhws47x,usability,ドアアラーム,ドア開放アラーム。メーカー公式カタログ・公式仕様表で搭載を確認,official-hitachi-models,yes
hitachi,日立,R-HWS47X,hitachi-rhws47x,energy,節電モード／独立冷却,省エネ運転。メーカー公式カタログ・公式仕様表で搭載を確認,official-hitachi-models,yes
hitachi,日立,R-HWS47X,hitachi-rhws47x,energy,冷蔵室独立冷却システム,センサー省エネ。メーカー公式カタログ・公式仕様表で搭載を確認,official-hitachi-models,yes
hitachi,日立,R-K40T,hitachi-rk40t,basic,定格内容積 401L,本体幅600mm、奥行672mm、高さ1838mm。,official-hitachi-models,no
hitachi,日立,R-K40T,hitachi-rk40t,energy,年間消費電力量 273kWh/年,2021年省エネ基準達成率90%。,official-hitachi-models,no
hitachi,日立,R-K40T,hitachi-rk40t,freezing,急冷凍,急速冷凍。メーカー公式カタログ・公式仕様表で搭載を確認,official-hitachi-models,yes
hitachi,日立,R-K40T,hitachi-rk40t,freshness,氷温ルーム,高鮮度保存機能。メーカー公式カタログ・公式仕様表で搭載を確認,official-hitachi-models,yes
hitachi,日立,R-K40T,hitachi-rk40t,vegetables,新鮮スリープ野菜室,野菜鮮度保持。メーカー公式カタログ・公式仕様表で搭載を確認,official-hitachi-models,yes
hitachi,日立,R-K40T,hitachi-rk40t,vegetables,プラチナ触媒による鮮度保持,湿度・乾燥対策。メーカー公式カタログ・公式仕様表で搭載を確認,official-hitachi-models,yes
hitachi,日立,R-K40T,hitachi-rk40t,vegetables,プラチナ触媒でエチレンガスを分解,エチレンガス対策。メーカー公式カタログ・公式仕様表で搭載を確認,official-hitachi-models,yes
hitachi,日立,R-K40T,hitachi-rk40t,usability,はずして洗える製氷皿,製氷皿取り外し。メーカー公式カタログ・公式仕様表で搭載を確認,official-hitachi-models,yes
hitachi,日立,R-V38V,hitachi-rv38v,basic,定格内容積 375L,本体幅600mm、奥行665mm、高さ1810mm。,official-hitachi-models,no
hitachi,日立,R-V38V,hitachi-rv38v,energy,年間消費電力量 336kWh/年,2021年省エネ基準達成率104%。,official-hitachi-models,no
hitachi,日立,R-V38V,hitachi-rv38v,freezing,急速冷凍,急速冷凍。メーカー公式カタログ・公式仕様表で搭載を確認,official-hitachi-models,yes
hitachi,日立,R-V38V,hitachi-rv38v,freshness,うるおいチルドルーム,高鮮度保存機能。メーカー公式カタログ・公式仕様表で搭載を確認,official-hitachi-models,yes
hitachi,日立,R-V38V,hitachi-rv38v,vegetables,うるおい野菜室,野菜鮮度保持。メーカー公式カタログ・公式仕様表で搭載を確認,official-hitachi-models,yes
hitachi,日立,R-V38V,hitachi-rv38v,vegetables,間接冷却カバー,湿度・乾燥対策。メーカー公式カタログ・公式仕様表で搭載を確認,official-hitachi-models,yes
hitachi,日立,R-V38V,hitachi-rv38v,usability,自動製氷,自動製氷。メーカー公式カタログ・公式仕様表で搭載を確認,official-hitachi-models,yes
hitachi,日立,R-V38V,hitachi-rv38v,usability,急速製氷,急速製氷。メーカー公式カタログ・公式仕様表で搭載を確認,official-hitachi-models,yes
hitachi,日立,R-V38V,hitachi-rv38v,usability,製氷おそうじ,給水経路のお手入れ。メーカー公式カタログ・公式仕様表で搭載を確認,official-hitachi-models,yes
hitachi,日立,R-V38V,hitachi-rv38v,freshness,トリプルパワー脱臭,脱臭。メーカー公式カタログ・公式仕様表で搭載を確認,official-hitachi-models,yes
hitachi,日立,R-V38V,hitachi-rv38v,usability,高さかわるん棚,棚の可変性。メーカー公式カタログ・公式仕様表で搭載を確認,official-hitachi-models,yes
hitachi,日立,R-V38V,hitachi-rv38v,usability,ドアアラーム,ドア開放アラーム。メーカー公式カタログ・公式仕様表で搭載を確認,official-hitachi-models,yes
hitachi,日立,R-V38X,hitachi-rv38x,basic,定格内容積 375L,本体幅600mm、奥行665mm、高さ1810mm。,official-hitachi-models,no
hitachi,日立,R-V38X,hitachi-rv38x,energy,年間消費電力量 336kWh/年,2021年省エネ基準達成率104%。,official-hitachi-models,no
hitachi,日立,R-V38X,hitachi-rv38x,freezing,急速冷凍,急速冷凍。メーカー公式カタログ・公式仕様表で搭載を確認,official-hitachi-models,yes
hitachi,日立,R-V38X,hitachi-rv38x,freshness,うるおいチルドルーム,高鮮度保存機能。メーカー公式カタログ・公式仕様表で搭載を確認,official-hitachi-models,yes
hitachi,日立,R-V38X,hitachi-rv38x,vegetables,うるおい野菜室,野菜鮮度保持。メーカー公式カタログ・公式仕様表で搭載を確認,official-hitachi-models,yes
hitachi,日立,R-V38X,hitachi-rv38x,vegetables,間接冷却カバー,湿度・乾燥対策。メーカー公式カタログ・公式仕様表で搭載を確認,official-hitachi-models,yes
hitachi,日立,R-V38X,hitachi-rv38x,usability,自動製氷,自動製氷。メーカー公式カタログ・公式仕様表で搭載を確認,official-hitachi-models,yes
hitachi,日立,R-V38X,hitachi-rv38x,usability,急速製氷,急速製氷。メーカー公式カタログ・公式仕様表で搭載を確認,official-hitachi-models,yes
hitachi,日立,R-V38X,hitachi-rv38x,usability,製氷おそうじ,給水経路のお手入れ。メーカー公式カタログ・公式仕様表で搭載を確認,official-hitachi-models,yes
hitachi,日立,R-V38X,hitachi-rv38x,freshness,トリプルパワー脱臭,脱臭。メーカー公式カタログ・公式仕様表で搭載を確認,official-hitachi-models,yes
hitachi,日立,R-V38X,hitachi-rv38x,usability,高さかわるん棚,棚の可変性。メーカー公式カタログ・公式仕様表で搭載を確認,official-hitachi-models,yes
hitachi,日立,R-V38X,hitachi-rv38x,usability,ドアアラーム,ドア開放アラーム。メーカー公式カタログ・公式仕様表で搭載を確認,official-hitachi-models,yes
mitsubishi,三菱電機,MR-WZ61N,mitsubishi-mr-wz61n,basic,定格内容積 608L,外形寸法685×738×1833mm。,mitsubishi-wz61n,no
mitsubishi,三菱電機,MR-WZ61N,mitsubishi-mr-wz61n,energy,全室独立おまかせA.I.,生活パターンを学習して部屋別に運転。,mitsubishi-wz61n,no
mitsubishi,三菱電機,MR-WZ61N,mitsubishi-mr-wz61n,freezing,切れちゃう瞬冷凍A.I.,約-7℃で冷凍し、解凍や小分けの手間を抑える。,mitsubishi-wz61n,no
mitsubishi,三菱電機,MR-WZ61N,mitsubishi-mr-wz61n,freshness,ひろびろ氷点下ストッカーD A.I.,約-3℃〜0℃で生のまま保存するフレッシュゾーン。,mitsubishi-wz61n,no
mitsubishi,三菱電機,MR-WZ61N,mitsubishi-mr-wz61n,energy,年間消費電力量 273kWh/年,省エネ基準達成率114%、静音約15dB。,mitsubishi-wz61n,no
mitsubishi,三菱電機,MR-WZ61N,mitsubishi-mr-wz61n,freezing,できちゃうV冷凍+,作り置き・冷凍食品向け。メーカー公式カタログ・公式仕様表で搭載を確認,mitsubishi-lineup|mitsubishi-wz61n,yes
mitsubishi,三菱電機,MR-WZ61N,mitsubishi-mr-wz61n,freezing,霜ガード,霜つき・乾燥抑制。メーカー公式カタログ・公式仕様表で搭載を確認,mitsubishi-lineup|mitsubishi-wz61n,yes
mitsubishi,三菱電機,MR-WZ61N,mitsubishi-mr-wz61n,vegetables,朝どれ野菜室,野菜鮮度保持。メーカー公式カタログ・公式仕様表で搭載を確認,mitsubishi-lineup|mitsubishi-wz61n,yes
mitsubishi,三菱電機,MR-WZ61N,mitsubishi-mr-wz61n,vegetables,うるおい冷却／3色LED,湿度・乾燥対策。メーカー公式カタログ・公式仕様表で搭載を確認,mitsubishi-lineup|mitsubishi-wz61n,yes
mitsubishi,三菱電機,MR-WZ61N,mitsubishi-mr-wz61n,usability,ダイレクト給水式自動製氷,自動製氷。メーカー公式カタログ・公式仕様表で搭載を確認,mitsubishi-lineup|mitsubishi-wz61n,yes
mitsubishi,三菱電機,MR-WZ61N,mitsubishi-mr-wz61n,usability,まるごとクリーン清氷,給水経路のお手入れ。メーカー公式カタログ・公式仕様表で搭載を確認,mitsubishi-lineup|mitsubishi-wz61n,yes
mitsubishi,三菱電機,MR-WZ61N,mitsubishi-mr-wz61n,freshness,フレッシュエアフィルター,脱臭。メーカー公式カタログ・公式仕様表で搭載を確認,mitsubishi-lineup|mitsubishi-wz61n,yes
mitsubishi,三菱電機,MR-WZ61N,mitsubishi-mr-wz61n,freshness,まるごとクリーン清氷・洗える埋めちゃっタンク,製氷系のお手入れ。三菱電機公式カタログの型番別機能一覧で確認,mitsubishi-lineup|mitsubishi-wz61n,yes
mitsubishi,三菱電機,MR-WZ61N,mitsubishi-mr-wz61n,usability,棚高さ調整,棚の可変性。メーカー公式カタログ・公式仕様表で搭載を確認,mitsubishi-lineup|mitsubishi-wz61n,yes
mitsubishi,三菱電機,MR-WZ61N,mitsubishi-mr-wz61n,usability,オートクローザー,開閉サポート。メーカー公式カタログ・公式仕様表で搭載を確認,mitsubishi-lineup|mitsubishi-wz61n,yes
mitsubishi,三菱電機,MR-WZ61N,mitsubishi-mr-wz61n,energy,部屋別おまかせエコ／アイストップEco,省エネ運転。メーカー公式カタログ・公式仕様表で搭載を確認,mitsubishi-lineup|mitsubishi-wz61n,yes
mitsubishi,三菱電機,MR-WZ61N,mitsubishi-mr-wz61n,energy,16個のセンサーによる部屋別運転,センサー省エネ。メーカー公式カタログ・公式仕様表で搭載を確認,mitsubishi-lineup|mitsubishi-wz61n,yes
mitsubishi,三菱電機,MR-WZ61N,mitsubishi-mr-wz61n,usability,無線LAN,Wi-Fi。三菱電機公式『つながるアプリ』対象機種一覧で確認,mitsubishi-lineup|mitsubishi-wz61n,yes
mitsubishi,三菱電機,MR-WZ61N,mitsubishi-mr-wz61n,usability,三菱冷蔵庫アプリ,スマートフォン・アプリ連携。三菱電機公式『つながるアプリ』対象機種一覧で確認,mitsubishi-lineup|mitsubishi-wz61n,yes
mitsubishi,三菱電機,MR-WZ61N,mitsubishi-mr-wz61n,usability,アプリ運転状況確認,通知・見守り。三菱電機公式『つながるアプリ』対象機種一覧で確認,mitsubishi-lineup|mitsubishi-wz61n,yes
mitsubishi,三菱電機,MR-WZ61N,mitsubishi-mr-wz61n,usability,洗える埋めちゃっタンク,給水タンクを庫内に埋め込んだ、お手入れ可能な製氷給水構造。,mitsubishi-lineup|mitsubishi-wz61n,yes
mitsubishi,三菱電機,MR-MZ60N,mitsubishi-mr-mz60n,basic,定格内容積 602L,外形寸法685×738×1833mm。,mitsubishi-mz60n,no
mitsubishi,三菱電機,MR-MZ60N,mitsubishi-mr-mz60n,vegetables,真ん中朝どれ野菜室,野菜室を中央に配置し、出し入れのしやすさと鮮度保持を両立。,mitsubishi-mz60n,no
mitsubishi,三菱電機,MR-MZ60N,mitsubishi-mr-mz60n,freezing,切れちゃう瞬冷凍A.I.,解凍せず必要な分を使いやすい約-7℃の冷凍。,mitsubishi-mz60n,no
mitsubishi,三菱電機,MR-MZ60N,mitsubishi-mr-mz60n,energy,全室独立おまかせA.I.,部屋別に温度や扉開閉を見て運転。,mitsubishi-mz60n,no
mitsubishi,三菱電機,MR-MZ60N,mitsubishi-mr-mz60n,energy,年間消費電力量 286kWh/年,省エネ基準達成率108%、静音約15dB。,mitsubishi-mz60n,no
mitsubishi,三菱電機,MR-MZ60N,mitsubishi-mr-mz60n,freezing,できちゃうV冷凍+,作り置き・冷凍食品向け。メーカー公式カタログ・公式仕様表で搭載を確認,mitsubishi-lineup|mitsubishi-mz60n,yes
mitsubishi,三菱電機,MR-MZ60N,mitsubishi-mr-mz60n,freezing,霜ガード,霜つき・乾燥抑制。メーカー公式カタログ・公式仕様表で搭載を確認,mitsubishi-lineup|mitsubishi-mz60n,yes
mitsubishi,三菱電機,MR-MZ60N,mitsubishi-mr-mz60n,freshness,ひろびろ氷点下ストッカーD A.I.,高鮮度保存機能。メーカー公式カタログ・公式仕様表で搭載を確認,mitsubishi-lineup|mitsubishi-mz60n,yes
mitsubishi,三菱電機,MR-MZ60N,mitsubishi-mr-mz60n,vegetables,うるおい冷却／3色LED,湿度・乾燥対策。メーカー公式カタログ・公式仕様表で搭載を確認,mitsubishi-lineup|mitsubishi-mz60n,yes
mitsubishi,三菱電機,MR-MZ60N,mitsubishi-mr-mz60n,usability,ダイレクト給水式自動製氷,自動製氷。メーカー公式カタログ・公式仕様表で搭載を確認,mitsubishi-lineup|mitsubishi-mz60n,yes
mitsubishi,三菱電機,MR-MZ60N,mitsubishi-mr-mz60n,usability,まるごとクリーン清氷,給水経路のお手入れ。メーカー公式カタログ・公式仕様表で搭載を確認,mitsubishi-lineup|mitsubishi-mz60n,yes
mitsubishi,三菱電機,MR-MZ60N,mitsubishi-mr-mz60n,freshness,フレッシュエアフィルター,脱臭。メーカー公式カタログ・公式仕様表で搭載を確認,mitsubishi-lineup|mitsubishi-mz60n,yes
mitsubishi,三菱電機,MR-MZ60N,mitsubishi-mr-mz60n,freshness,まるごとクリーン清氷・洗える埋めちゃっタンク,製氷系のお手入れ。三菱電機公式カタログの型番別機能一覧で確認,mitsubishi-lineup|mitsubishi-mz60n,yes
mitsubishi,三菱電機,MR-MZ60N,mitsubishi-mr-mz60n,usability,棚高さ調整,棚の可変性。メーカー公式カタログ・公式仕様表で搭載を確認,mitsubishi-lineup|mitsubishi-mz60n,yes
mitsubishi,三菱電機,MR-MZ60N,mitsubishi-mr-mz60n,usability,オートクローザー,開閉サポート。メーカー公式カタログ・公式仕様表で搭載を確認,mitsubishi-lineup|mitsubishi-mz60n,yes
mitsubishi,三菱電機,MR-MZ60N,mitsubishi-mr-mz60n,energy,部屋別おまかせエコ／アイストップEco,省エネ運転。メーカー公式カタログ・公式仕様表で搭載を確認,mitsubishi-lineup|mitsubishi-mz60n,yes
mitsubishi,三菱電機,MR-MZ60N,mitsubishi-mr-mz60n,energy,16個のセンサーによる部屋別運転,センサー省エネ。メーカー公式カタログ・公式仕様表で搭載を確認,mitsubishi-lineup|mitsubishi-mz60n,yes
mitsubishi,三菱電機,MR-MZ60N,mitsubishi-mr-mz60n,usability,無線LAN,Wi-Fi。三菱電機公式『つながるアプリ』対象機種一覧で確認,mitsubishi-lineup|mitsubishi-mz60n,yes
mitsubishi,三菱電機,MR-MZ60N,mitsubishi-mr-mz60n,usability,三菱冷蔵庫アプリ,スマートフォン・アプリ連携。三菱電機公式『つながるアプリ』対象機種一覧で確認,mitsubishi-lineup|mitsubishi-mz60n,yes
mitsubishi,三菱電機,MR-MZ60N,mitsubishi-mr-mz60n,usability,アプリ運転状況確認,通知・見守り。三菱電機公式『つながるアプリ』対象機種一覧で確認,mitsubishi-lineup|mitsubishi-mz60n,yes
mitsubishi,三菱電機,MR-MZ60N,mitsubishi-mr-mz60n,usability,洗える埋めちゃっタンク,給水タンクを庫内に埋め込んだ、お手入れ可能な製氷給水構造。,mitsubishi-lineup|mitsubishi-mz60n,yes
mitsubishi,三菱電機,MR-JW55N,mitsubishi-mrjw55n,basic,定格内容積 547L,本体幅650mm、奥行699mm、高さ1833mm。,official-mitsubishi-models,no
mitsubishi,三菱電機,MR-JW55N,mitsubishi-mrjw55n,energy,年間消費電力量 293kWh/年,2021年省エネ基準達成率100%。,official-mitsubishi-models,no
mitsubishi,三菱電機,MR-JW55N,mitsubishi-mrjw55n,freezing,切れちゃう瞬冷凍A.I.,急速冷凍。メーカー公式カタログ・公式仕様表で搭載を確認,official-mitsubishi-models,yes
mitsubishi,三菱電機,MR-JW55N,mitsubishi-mrjw55n,freezing,できちゃうV冷凍+,作り置き・冷凍食品向け。メーカー公式カタログ・公式仕様表で搭載を確認,official-mitsubishi-models,yes
mitsubishi,三菱電機,MR-JW55N,mitsubishi-mrjw55n,freezing,霜ガード,霜つき・乾燥抑制。メーカー公式カタログ・公式仕様表で搭載を確認,official-mitsubishi-models,yes
mitsubishi,三菱電機,MR-JW55N,mitsubishi-mrjw55n,freshness,氷点下ストッカーD A.I.,高鮮度保存機能。メーカー公式カタログ・公式仕様表で搭載を確認,official-mitsubishi-models,yes
mitsubishi,三菱電機,MR-JW55N,mitsubishi-mrjw55n,vegetables,朝どれ野菜室,野菜鮮度保持。メーカー公式カタログ・公式仕様表で搭載を確認,official-mitsubishi-models,yes
mitsubishi,三菱電機,MR-JW55N,mitsubishi-mrjw55n,vegetables,うるおい冷却／3色LED,湿度・乾燥対策。メーカー公式カタログ・公式仕様表で搭載を確認,official-mitsubishi-models,yes
mitsubishi,三菱電機,MR-JW55N,mitsubishi-mrjw55n,usability,ダイレクト給水式自動製氷,自動製氷。メーカー公式カタログ・公式仕様表で搭載を確認,official-mitsubishi-models,yes
mitsubishi,三菱電機,MR-JW55N,mitsubishi-mrjw55n,usability,まるごとクリーン清氷,給水経路のお手入れ。メーカー公式カタログ・公式仕様表で搭載を確認,official-mitsubishi-models,yes
mitsubishi,三菱電機,MR-JW55N,mitsubishi-mrjw55n,freshness,フレッシュエアフィルター,脱臭。メーカー公式カタログ・公式仕様表で搭載を確認,official-mitsubishi-models,yes
mitsubishi,三菱電機,MR-JW55N,mitsubishi-mrjw55n,freshness,まるごとクリーン清氷・洗える埋めちゃっタンク,製氷系のお手入れ。三菱電機公式カタログの型番別機能一覧で確認,official-mitsubishi-models,yes
mitsubishi,三菱電機,MR-JW55N,mitsubishi-mrjw55n,usability,棚高さ調整,棚の可変性。メーカー公式カタログ・公式仕様表で搭載を確認,official-mitsubishi-models,yes
mitsubishi,三菱電機,MR-JW55N,mitsubishi-mrjw55n,usability,オートクローザー,開閉サポート。メーカー公式カタログ・公式仕様表で搭載を確認,official-mitsubishi-models,yes
mitsubishi,三菱電機,MR-JW55N,mitsubishi-mrjw55n,energy,部屋別おまかせエコ／アイストップEco,省エネ運転。メーカー公式カタログ・公式仕様表で搭載を確認,official-mitsubishi-models,yes
mitsubishi,三菱電機,MR-JW55N,mitsubishi-mrjw55n,energy,全室独立おまかせA.I.,AI・生活パターン学習。メーカー公式カタログ・公式仕様表で搭載を確認,official-mitsubishi-models,yes
mitsubishi,三菱電機,MR-JW55N,mitsubishi-mrjw55n,energy,16個のセンサーによる部屋別運転,センサー省エネ。メーカー公式カタログ・公式仕様表で搭載を確認,official-mitsubishi-models,yes
mitsubishi,三菱電機,MR-JW55N,mitsubishi-mrjw55n,usability,洗える埋めちゃっタンク,給水タンクを庫内に埋め込んだ、お手入れ可能な製氷給水構造。,official-mitsubishi-models,yes
mitsubishi,三菱電機,MR-WZ55J,mitsubishi-mrwz55j,basic,定格内容積 547L,本体幅650mm、奥行699mm、高さ1833mm。,official-mitsubishi-models,no
mitsubishi,三菱電機,MR-WZ55J,mitsubishi-mrwz55j,energy,年間消費電力量 266kWh/年,メーカー公式仕様値。,official-mitsubishi-models,no
mitsubishi,三菱電機,MR-WZ55J,mitsubishi-mrwz55j,freezing,切れちゃう瞬冷凍A.I.,急速冷凍。メーカー公式カタログ・公式仕様表で搭載を確認,official-mitsubishi-models,yes
mitsubishi,三菱電機,MR-WZ55J,mitsubishi-mrwz55j,freezing,できちゃうV冷凍+,作り置き・冷凍食品向け。メーカー公式カタログ・公式仕様表で搭載を確認,official-mitsubishi-models,yes
mitsubishi,三菱電機,MR-WZ55J,mitsubishi-mrwz55j,freezing,霜ガード,霜つき・乾燥抑制。メーカー公式カタログ・公式仕様表で搭載を確認,official-mitsubishi-models,yes
mitsubishi,三菱電機,MR-WZ55J,mitsubishi-mrwz55j,freshness,氷点下ストッカーD A.I.,高鮮度保存機能。メーカー公式カタログ・公式仕様表で搭載を確認,official-mitsubishi-models,yes
mitsubishi,三菱電機,MR-WZ55J,mitsubishi-mrwz55j,vegetables,朝どれ野菜室,野菜鮮度保持。メーカー公式カタログ・公式仕様表で搭載を確認,official-mitsubishi-models,yes
mitsubishi,三菱電機,MR-WZ55J,mitsubishi-mrwz55j,vegetables,うるおい冷却／3色LED,湿度・乾燥対策。メーカー公式カタログ・公式仕様表で搭載を確認,official-mitsubishi-models,yes
mitsubishi,三菱電機,MR-WZ55J,mitsubishi-mrwz55j,usability,ダイレクト給水式自動製氷,自動製氷。メーカー公式カタログ・公式仕様表で搭載を確認,official-mitsubishi-models,yes
mitsubishi,三菱電機,MR-WZ55J,mitsubishi-mrwz55j,usability,まるごとクリーン清氷,給水経路のお手入れ。メーカー公式カタログ・公式仕様表で搭載を確認,official-mitsubishi-models,yes
mitsubishi,三菱電機,MR-WZ55J,mitsubishi-mrwz55j,freshness,フレッシュエアフィルター,脱臭。メーカー公式カタログ・公式仕様表で搭載を確認,official-mitsubishi-models,yes
mitsubishi,三菱電機,MR-WZ55J,mitsubishi-mrwz55j,freshness,まるごとクリーン清氷・洗える埋めちゃっタンク,製氷系のお手入れ。三菱電機公式カタログの型番別機能一覧で確認,official-mitsubishi-models,yes
mitsubishi,三菱電機,MR-WZ55J,mitsubishi-mrwz55j,usability,棚高さ調整,棚の可変性。メーカー公式カタログ・公式仕様表で搭載を確認,official-mitsubishi-models,yes
mitsubishi,三菱電機,MR-WZ55J,mitsubishi-mrwz55j,usability,オートクローザー,開閉サポート。メーカー公式カタログ・公式仕様表で搭載を確認,official-mitsubishi-models,yes
mitsubishi,三菱電機,MR-WZ55J,mitsubishi-mrwz55j,energy,部屋別おまかせエコ／アイストップEco,省エネ運転。メーカー公式カタログ・公式仕様表で搭載を確認,official-mitsubishi-models,yes
mitsubishi,三菱電機,MR-WZ55J,mitsubishi-mrwz55j,energy,全室独立おまかせA.I.,AI・生活パターン学習。メーカー公式カタログ・公式仕様表で搭載を確認,official-mitsubishi-models,yes
mitsubishi,三菱電機,MR-WZ55J,mitsubishi-mrwz55j,energy,16個のセンサーによる部屋別運転,センサー省エネ。メーカー公式カタログ・公式仕様表で搭載を確認,official-mitsubishi-models,yes
mitsubishi,三菱電機,MR-WZ55J,mitsubishi-mrwz55j,usability,無線LAN,Wi-Fi。メーカー公式カタログ・公式仕様表で搭載を確認,official-mitsubishi-models,yes
mitsubishi,三菱電機,MR-WZ55J,mitsubishi-mrwz55j,usability,三菱冷蔵庫アプリ,スマートフォン・アプリ連携。メーカー公式カタログ・公式仕様表で搭載を確認,official-mitsubishi-models,yes
mitsubishi,三菱電機,MR-WZ55J,mitsubishi-mrwz55j,usability,アプリ運転状況確認,通知・見守り。メーカー公式カタログ・公式仕様表で搭載を確認,official-mitsubishi-models,yes
mitsubishi,三菱電機,MR-WZ55J,mitsubishi-mrwz55j,usability,洗える埋めちゃっタンク,給水タンクを庫内に埋め込んだ、お手入れ可能な製氷給水構造。,official-mitsubishi-models,yes
mitsubishi,三菱電機,MR-WZ55M,mitsubishi-mrwz55m,basic,定格内容積 547L,本体幅650mm、奥行699mm、高さ1833mm。,official-mitsubishi-models,no
mitsubishi,三菱電機,MR-WZ55M,mitsubishi-mrwz55m,energy,年間消費電力量 266kWh/年,2021年省エネ基準達成率110%。,official-mitsubishi-models,no
mitsubishi,三菱電機,MR-WZ55M,mitsubishi-mrwz55m,freezing,切れちゃう瞬冷凍A.I.,急速冷凍。メーカー公式カタログ・公式仕様表で搭載を確認,official-mitsubishi-models,yes
mitsubishi,三菱電機,MR-WZ55M,mitsubishi-mrwz55m,freezing,できちゃうV冷凍+,作り置き・冷凍食品向け。メーカー公式カタログ・公式仕様表で搭載を確認,official-mitsubishi-models,yes
mitsubishi,三菱電機,MR-WZ55M,mitsubishi-mrwz55m,freezing,霜ガード,霜つき・乾燥抑制。メーカー公式カタログ・公式仕様表で搭載を確認,official-mitsubishi-models,yes
mitsubishi,三菱電機,MR-WZ55M,mitsubishi-mrwz55m,freshness,氷点下ストッカーD A.I.,高鮮度保存機能。メーカー公式カタログ・公式仕様表で搭載を確認,official-mitsubishi-models,yes
mitsubishi,三菱電機,MR-WZ55M,mitsubishi-mrwz55m,vegetables,朝どれ野菜室,野菜鮮度保持。メーカー公式カタログ・公式仕様表で搭載を確認,official-mitsubishi-models,yes
mitsubishi,三菱電機,MR-WZ55M,mitsubishi-mrwz55m,vegetables,うるおい冷却／3色LED,湿度・乾燥対策。メーカー公式カタログ・公式仕様表で搭載を確認,official-mitsubishi-models,yes
mitsubishi,三菱電機,MR-WZ55M,mitsubishi-mrwz55m,usability,ダイレクト給水式自動製氷,自動製氷。メーカー公式カタログ・公式仕様表で搭載を確認,official-mitsubishi-models,yes
mitsubishi,三菱電機,MR-WZ55M,mitsubishi-mrwz55m,usability,まるごとクリーン清氷,給水経路のお手入れ。メーカー公式カタログ・公式仕様表で搭載を確認,official-mitsubishi-models,yes
mitsubishi,三菱電機,MR-WZ55M,mitsubishi-mrwz55m,freshness,フレッシュエアフィルター,脱臭。メーカー公式カタログ・公式仕様表で搭載を確認,official-mitsubishi-models,yes
mitsubishi,三菱電機,MR-WZ55M,mitsubishi-mrwz55m,freshness,まるごとクリーン清氷・洗える埋めちゃっタンク,製氷系のお手入れ。三菱電機公式カタログの型番別機能一覧で確認,official-mitsubishi-models,yes
mitsubishi,三菱電機,MR-WZ55M,mitsubishi-mrwz55m,usability,棚高さ調整,棚の可変性。メーカー公式カタログ・公式仕様表で搭載を確認,official-mitsubishi-models,yes
mitsubishi,三菱電機,MR-WZ55M,mitsubishi-mrwz55m,usability,オートクローザー,開閉サポート。メーカー公式カタログ・公式仕様表で搭載を確認,official-mitsubishi-models,yes
mitsubishi,三菱電機,MR-WZ55M,mitsubishi-mrwz55m,energy,部屋別おまかせエコ／アイストップEco,省エネ運転。メーカー公式カタログ・公式仕様表で搭載を確認,official-mitsubishi-models,yes
mitsubishi,三菱電機,MR-WZ55M,mitsubishi-mrwz55m,energy,全室独立おまかせA.I.,AI・生活パターン学習。メーカー公式カタログ・公式仕様表で搭載を確認,official-mitsubishi-models,yes
mitsubishi,三菱電機,MR-WZ55M,mitsubishi-mrwz55m,energy,16個のセンサーによる部屋別運転,センサー省エネ。メーカー公式カタログ・公式仕様表で搭載を確認,official-mitsubishi-models,yes
mitsubishi,三菱電機,MR-WZ55M,mitsubishi-mrwz55m,usability,無線LAN,Wi-Fi。三菱電機公式『つながるアプリ』対象機種一覧で確認,official-mitsubishi-models,yes
mitsubishi,三菱電機,MR-WZ55M,mitsubishi-mrwz55m,usability,三菱冷蔵庫アプリ,スマートフォン・アプリ連携。三菱電機公式『つながるアプリ』対象機種一覧で確認,official-mitsubishi-models,yes
mitsubishi,三菱電機,MR-WZ55M,mitsubishi-mrwz55m,usability,アプリ運転状況確認,通知・見守り。三菱電機公式『つながるアプリ』対象機種一覧で確認,official-mitsubishi-models,yes
mitsubishi,三菱電機,MR-WZ55M,mitsubishi-mrwz55m,usability,洗える埋めちゃっタンク,給水タンクを庫内に埋め込んだ、お手入れ可能な製氷給水構造。,official-mitsubishi-models,yes
mitsubishi,三菱電機,MR-WZ55N,mitsubishi-mrwz55n,basic,定格内容積 547L,本体幅650mm、奥行699mm、高さ1833mm。,official-mitsubishi-models,no
mitsubishi,三菱電機,MR-WZ55N,mitsubishi-mrwz55n,energy,年間消費電力量 266kWh/年,2021年省エネ基準達成率110%。,official-mitsubishi-models,no
mitsubishi,三菱電機,MR-WZ55N,mitsubishi-mrwz55n,freezing,切れちゃう瞬冷凍A.I.,急速冷凍。メーカー公式カタログ・公式仕様表で搭載を確認,official-mitsubishi-models,yes
mitsubishi,三菱電機,MR-WZ55N,mitsubishi-mrwz55n,freezing,できちゃうV冷凍+,作り置き・冷凍食品向け。メーカー公式カタログ・公式仕様表で搭載を確認,official-mitsubishi-models,yes
mitsubishi,三菱電機,MR-WZ55N,mitsubishi-mrwz55n,freezing,霜ガード,霜つき・乾燥抑制。メーカー公式カタログ・公式仕様表で搭載を確認,official-mitsubishi-models,yes
mitsubishi,三菱電機,MR-WZ55N,mitsubishi-mrwz55n,freshness,氷点下ストッカーD A.I.,高鮮度保存機能。メーカー公式カタログ・公式仕様表で搭載を確認,official-mitsubishi-models,yes
mitsubishi,三菱電機,MR-WZ55N,mitsubishi-mrwz55n,vegetables,朝どれ野菜室,野菜鮮度保持。メーカー公式カタログ・公式仕様表で搭載を確認,official-mitsubishi-models,yes
mitsubishi,三菱電機,MR-WZ55N,mitsubishi-mrwz55n,vegetables,うるおい冷却／3色LED,湿度・乾燥対策。メーカー公式カタログ・公式仕様表で搭載を確認,official-mitsubishi-models,yes
mitsubishi,三菱電機,MR-WZ55N,mitsubishi-mrwz55n,usability,ダイレクト給水式自動製氷,自動製氷。メーカー公式カタログ・公式仕様表で搭載を確認,official-mitsubishi-models,yes
mitsubishi,三菱電機,MR-WZ55N,mitsubishi-mrwz55n,usability,まるごとクリーン清氷,給水経路のお手入れ。メーカー公式カタログ・公式仕様表で搭載を確認,official-mitsubishi-models,yes
mitsubishi,三菱電機,MR-WZ55N,mitsubishi-mrwz55n,freshness,フレッシュエアフィルター,脱臭。メーカー公式カタログ・公式仕様表で搭載を確認,official-mitsubishi-models,yes
mitsubishi,三菱電機,MR-WZ55N,mitsubishi-mrwz55n,freshness,まるごとクリーン清氷・洗える埋めちゃっタンク,製氷系のお手入れ。三菱電機公式カタログの型番別機能一覧で確認,official-mitsubishi-models,yes
mitsubishi,三菱電機,MR-WZ55N,mitsubishi-mrwz55n,usability,棚高さ調整,棚の可変性。メーカー公式カタログ・公式仕様表で搭載を確認,official-mitsubishi-models,yes
mitsubishi,三菱電機,MR-WZ55N,mitsubishi-mrwz55n,usability,オートクローザー,開閉サポート。メーカー公式カタログ・公式仕様表で搭載を確認,official-mitsubishi-models,yes
mitsubishi,三菱電機,MR-WZ55N,mitsubishi-mrwz55n,energy,部屋別おまかせエコ／アイストップEco,省エネ運転。メーカー公式カタログ・公式仕様表で搭載を確認,official-mitsubishi-models,yes
mitsubishi,三菱電機,MR-WZ55N,mitsubishi-mrwz55n,energy,全室独立おまかせA.I.,AI・生活パターン学習。メーカー公式カタログ・公式仕様表で搭載を確認,official-mitsubishi-models,yes
mitsubishi,三菱電機,MR-WZ55N,mitsubishi-mrwz55n,energy,16個のセンサーによる部屋別運転,センサー省エネ。メーカー公式カタログ・公式仕様表で搭載を確認,official-mitsubishi-models,yes
mitsubishi,三菱電機,MR-WZ55N,mitsubishi-mrwz55n,usability,無線LAN,Wi-Fi。三菱電機公式『つながるアプリ』対象機種一覧で確認,official-mitsubishi-models,yes
mitsubishi,三菱電機,MR-WZ55N,mitsubishi-mrwz55n,usability,三菱冷蔵庫アプリ,スマートフォン・アプリ連携。三菱電機公式『つながるアプリ』対象機種一覧で確認,official-mitsubishi-models,yes
mitsubishi,三菱電機,MR-WZ55N,mitsubishi-mrwz55n,usability,アプリ運転状況確認,通知・見守り。三菱電機公式『つながるアプリ』対象機種一覧で確認,official-mitsubishi-models,yes
mitsubishi,三菱電機,MR-WZ55N,mitsubishi-mrwz55n,usability,洗える埋めちゃっタンク,給水タンクを庫内に埋め込んだ、お手入れ可能な製氷給水構造。,official-mitsubishi-models,yes
mitsubishi,三菱電機,MR-JM54N,mitsubishi-mrjm54n,basic,定格内容積 540L,本体幅650mm、奥行699mm、高さ1833mm。,official-mitsubishi-models,no
mitsubishi,三菱電機,MR-JM54N,mitsubishi-mrjm54n,energy,年間消費電力量 288kWh/年,2021年省エネ基準達成率100%。,official-mitsubishi-models,no
mitsubishi,三菱電機,MR-JM54N,mitsubishi-mrjm54n,freezing,切れちゃう瞬冷凍A.I.,急速冷凍。メーカー公式カタログ・公式仕様表で搭載を確認,official-mitsubishi-models,yes
mitsubishi,三菱電機,MR-JM54N,mitsubishi-mrjm54n,freezing,できちゃうV冷凍+,作り置き・冷凍食品向け。メーカー公式カタログ・公式仕様表で搭載を確認,official-mitsubishi-models,yes
mitsubishi,三菱電機,MR-JM54N,mitsubishi-mrjm54n,freezing,霜ガード,霜つき・乾燥抑制。メーカー公式カタログ・公式仕様表で搭載を確認,official-mitsubishi-models,yes
mitsubishi,三菱電機,MR-JM54N,mitsubishi-mrjm54n,freshness,氷点下ストッカーD A.I.,高鮮度保存機能。メーカー公式カタログ・公式仕様表で搭載を確認,official-mitsubishi-models,yes
mitsubishi,三菱電機,MR-JM54N,mitsubishi-mrjm54n,vegetables,朝どれ野菜室,野菜鮮度保持。メーカー公式カタログ・公式仕様表で搭載を確認,official-mitsubishi-models,yes
mitsubishi,三菱電機,MR-JM54N,mitsubishi-mrjm54n,vegetables,うるおい冷却／3色LED,湿度・乾燥対策。メーカー公式カタログ・公式仕様表で搭載を確認,official-mitsubishi-models,yes
mitsubishi,三菱電機,MR-JM54N,mitsubishi-mrjm54n,usability,ダイレクト給水式自動製氷,自動製氷。メーカー公式カタログ・公式仕様表で搭載を確認,official-mitsubishi-models,yes
mitsubishi,三菱電機,MR-JM54N,mitsubishi-mrjm54n,usability,まるごとクリーン清氷,給水経路のお手入れ。メーカー公式カタログ・公式仕様表で搭載を確認,official-mitsubishi-models,yes
mitsubishi,三菱電機,MR-JM54N,mitsubishi-mrjm54n,freshness,フレッシュエアフィルター,脱臭。メーカー公式カタログ・公式仕様表で搭載を確認,official-mitsubishi-models,yes
mitsubishi,三菱電機,MR-JM54N,mitsubishi-mrjm54n,freshness,まるごとクリーン清氷・洗える埋めちゃっタンク,製氷系のお手入れ。三菱電機公式カタログの型番別機能一覧で確認,official-mitsubishi-models,yes
mitsubishi,三菱電機,MR-JM54N,mitsubishi-mrjm54n,usability,棚高さ調整,棚の可変性。メーカー公式カタログ・公式仕様表で搭載を確認,official-mitsubishi-models,yes
mitsubishi,三菱電機,MR-JM54N,mitsubishi-mrjm54n,usability,オートクローザー,開閉サポート。メーカー公式カタログ・公式仕様表で搭載を確認,official-mitsubishi-models,yes
mitsubishi,三菱電機,MR-JM54N,mitsubishi-mrjm54n,energy,部屋別おまかせエコ／アイストップEco,省エネ運転。メーカー公式カタログ・公式仕様表で搭載を確認,official-mitsubishi-models,yes
mitsubishi,三菱電機,MR-JM54N,mitsubishi-mrjm54n,energy,全室独立おまかせA.I.,AI・生活パターン学習。メーカー公式カタログ・公式仕様表で搭載を確認,official-mitsubishi-models,yes
mitsubishi,三菱電機,MR-JM54N,mitsubishi-mrjm54n,energy,16個のセンサーによる部屋別運転,センサー省エネ。メーカー公式カタログ・公式仕様表で搭載を確認,official-mitsubishi-models,yes
mitsubishi,三菱電機,MR-JM54N,mitsubishi-mrjm54n,usability,洗える埋めちゃっタンク,給水タンクを庫内に埋め込んだ、お手入れ可能な製氷給水構造。,official-mitsubishi-models,yes
mitsubishi,三菱電機,MR-MZ54M,mitsubishi-mrmz54m,basic,定格内容積 540L,本体幅650mm、奥行699mm、高さ1833mm。,official-mitsubishi-models,no
mitsubishi,三菱電機,MR-MZ54M,mitsubishi-mrmz54m,energy,年間消費電力量 276kWh/年,2021年省エネ基準達成率104%。,official-mitsubishi-models,no
mitsubishi,三菱電機,MR-MZ54M,mitsubishi-mrmz54m,freezing,切れちゃう瞬冷凍A.I.,急速冷凍。メーカー公式カタログ・公式仕様表で搭載を確認,official-mitsubishi-models,yes
mitsubishi,三菱電機,MR-MZ54M,mitsubishi-mrmz54m,freezing,できちゃうV冷凍+,作り置き・冷凍食品向け。メーカー公式カタログ・公式仕様表で搭載を確認,official-mitsubishi-models,yes
mitsubishi,三菱電機,MR-MZ54M,mitsubishi-mrmz54m,freezing,霜ガード,霜つき・乾燥抑制。メーカー公式カタログ・公式仕様表で搭載を確認,official-mitsubishi-models,yes
mitsubishi,三菱電機,MR-MZ54M,mitsubishi-mrmz54m,freshness,氷点下ストッカーD A.I.,高鮮度保存機能。メーカー公式カタログ・公式仕様表で搭載を確認,official-mitsubishi-models,yes
mitsubishi,三菱電機,MR-MZ54M,mitsubishi-mrmz54m,vegetables,朝どれ野菜室,野菜鮮度保持。メーカー公式カタログ・公式仕様表で搭載を確認,official-mitsubishi-models,yes
mitsubishi,三菱電機,MR-MZ54M,mitsubishi-mrmz54m,vegetables,うるおい冷却／3色LED,湿度・乾燥対策。メーカー公式カタログ・公式仕様表で搭載を確認,official-mitsubishi-models,yes
mitsubishi,三菱電機,MR-MZ54M,mitsubishi-mrmz54m,usability,ダイレクト給水式自動製氷,自動製氷。メーカー公式カタログ・公式仕様表で搭載を確認,official-mitsubishi-models,yes
mitsubishi,三菱電機,MR-MZ54M,mitsubishi-mrmz54m,usability,まるごとクリーン清氷,給水経路のお手入れ。メーカー公式カタログ・公式仕様表で搭載を確認,official-mitsubishi-models,yes
mitsubishi,三菱電機,MR-MZ54M,mitsubishi-mrmz54m,freshness,フレッシュエアフィルター,脱臭。メーカー公式カタログ・公式仕様表で搭載を確認,official-mitsubishi-models,yes
mitsubishi,三菱電機,MR-MZ54M,mitsubishi-mrmz54m,freshness,まるごとクリーン清氷・洗える埋めちゃっタンク,製氷系のお手入れ。三菱電機公式カタログの型番別機能一覧で確認,official-mitsubishi-models,yes
mitsubishi,三菱電機,MR-MZ54M,mitsubishi-mrmz54m,usability,棚高さ調整,棚の可変性。メーカー公式カタログ・公式仕様表で搭載を確認,official-mitsubishi-models,yes
mitsubishi,三菱電機,MR-MZ54M,mitsubishi-mrmz54m,usability,オートクローザー,開閉サポート。メーカー公式カタログ・公式仕様表で搭載を確認,official-mitsubishi-models,yes
mitsubishi,三菱電機,MR-MZ54M,mitsubishi-mrmz54m,energy,部屋別おまかせエコ／アイストップEco,省エネ運転。メーカー公式カタログ・公式仕様表で搭載を確認,official-mitsubishi-models,yes
mitsubishi,三菱電機,MR-MZ54M,mitsubishi-mrmz54m,energy,全室独立おまかせA.I.,AI・生活パターン学習。メーカー公式カタログ・公式仕様表で搭載を確認,official-mitsubishi-models,yes
mitsubishi,三菱電機,MR-MZ54M,mitsubishi-mrmz54m,energy,16個のセンサーによる部屋別運転,センサー省エネ。メーカー公式カタログ・公式仕様表で搭載を確認,official-mitsubishi-models,yes
mitsubishi,三菱電機,MR-MZ54M,mitsubishi-mrmz54m,usability,無線LAN,Wi-Fi。三菱電機公式『つながるアプリ』対象機種一覧で確認,official-mitsubishi-models,yes
mitsubishi,三菱電機,MR-MZ54M,mitsubishi-mrmz54m,usability,三菱冷蔵庫アプリ,スマートフォン・アプリ連携。三菱電機公式『つながるアプリ』対象機種一覧で確認,official-mitsubishi-models,yes
mitsubishi,三菱電機,MR-MZ54M,mitsubishi-mrmz54m,usability,アプリ運転状況確認,通知・見守り。三菱電機公式『つながるアプリ』対象機種一覧で確認,official-mitsubishi-models,yes
mitsubishi,三菱電機,MR-MZ54M,mitsubishi-mrmz54m,usability,洗える埋めちゃっタンク,給水タンクを庫内に埋め込んだ、お手入れ可能な製氷給水構造。,official-mitsubishi-models,yes
mitsubishi,三菱電機,MR-MZ54N,mitsubishi-mrmz54n,basic,定格内容積 540L,本体幅650mm、奥行699mm、高さ1833mm。,official-mitsubishi-models,no
mitsubishi,三菱電機,MR-MZ54N,mitsubishi-mrmz54n,energy,年間消費電力量 274kWh/年,2021年省エネ基準達成率105%。,official-mitsubishi-models,no
mitsubishi,三菱電機,MR-MZ54N,mitsubishi-mrmz54n,freezing,切れちゃう瞬冷凍A.I.,急速冷凍。メーカー公式カタログ・公式仕様表で搭載を確認,official-mitsubishi-models,yes
mitsubishi,三菱電機,MR-MZ54N,mitsubishi-mrmz54n,freezing,できちゃうV冷凍+,作り置き・冷凍食品向け。メーカー公式カタログ・公式仕様表で搭載を確認,official-mitsubishi-models,yes
mitsubishi,三菱電機,MR-MZ54N,mitsubishi-mrmz54n,freezing,霜ガード,霜つき・乾燥抑制。メーカー公式カタログ・公式仕様表で搭載を確認,official-mitsubishi-models,yes
mitsubishi,三菱電機,MR-MZ54N,mitsubishi-mrmz54n,freshness,氷点下ストッカーD A.I.,高鮮度保存機能。メーカー公式カタログ・公式仕様表で搭載を確認,official-mitsubishi-models,yes
mitsubishi,三菱電機,MR-MZ54N,mitsubishi-mrmz54n,vegetables,朝どれ野菜室,野菜鮮度保持。メーカー公式カタログ・公式仕様表で搭載を確認,official-mitsubishi-models,yes
mitsubishi,三菱電機,MR-MZ54N,mitsubishi-mrmz54n,vegetables,うるおい冷却／3色LED,湿度・乾燥対策。メーカー公式カタログ・公式仕様表で搭載を確認,official-mitsubishi-models,yes
mitsubishi,三菱電機,MR-MZ54N,mitsubishi-mrmz54n,usability,ダイレクト給水式自動製氷,自動製氷。メーカー公式カタログ・公式仕様表で搭載を確認,official-mitsubishi-models,yes
mitsubishi,三菱電機,MR-MZ54N,mitsubishi-mrmz54n,usability,まるごとクリーン清氷,給水経路のお手入れ。メーカー公式カタログ・公式仕様表で搭載を確認,official-mitsubishi-models,yes
mitsubishi,三菱電機,MR-MZ54N,mitsubishi-mrmz54n,freshness,フレッシュエアフィルター,脱臭。メーカー公式カタログ・公式仕様表で搭載を確認,official-mitsubishi-models,yes
mitsubishi,三菱電機,MR-MZ54N,mitsubishi-mrmz54n,freshness,まるごとクリーン清氷・洗える埋めちゃっタンク,製氷系のお手入れ。三菱電機公式カタログの型番別機能一覧で確認,official-mitsubishi-models,yes
mitsubishi,三菱電機,MR-MZ54N,mitsubishi-mrmz54n,usability,棚高さ調整,棚の可変性。メーカー公式カタログ・公式仕様表で搭載を確認,official-mitsubishi-models,yes
mitsubishi,三菱電機,MR-MZ54N,mitsubishi-mrmz54n,usability,オートクローザー,開閉サポート。メーカー公式カタログ・公式仕様表で搭載を確認,official-mitsubishi-models,yes
mitsubishi,三菱電機,MR-MZ54N,mitsubishi-mrmz54n,energy,部屋別おまかせエコ／アイストップEco,省エネ運転。メーカー公式カタログ・公式仕様表で搭載を確認,official-mitsubishi-models,yes
mitsubishi,三菱電機,MR-MZ54N,mitsubishi-mrmz54n,energy,全室独立おまかせA.I.,AI・生活パターン学習。メーカー公式カタログ・公式仕様表で搭載を確認,official-mitsubishi-models,yes
mitsubishi,三菱電機,MR-MZ54N,mitsubishi-mrmz54n,energy,16個のセンサーによる部屋別運転,センサー省エネ。メーカー公式カタログ・公式仕様表で搭載を確認,official-mitsubishi-models,yes
mitsubishi,三菱電機,MR-MZ54N,mitsubishi-mrmz54n,usability,無線LAN,Wi-Fi。三菱電機公式『つながるアプリ』対象機種一覧で確認,official-mitsubishi-models,yes
mitsubishi,三菱電機,MR-MZ54N,mitsubishi-mrmz54n,usability,三菱冷蔵庫アプリ,スマートフォン・アプリ連携。三菱電機公式『つながるアプリ』対象機種一覧で確認,official-mitsubishi-models,yes
mitsubishi,三菱電機,MR-MZ54N,mitsubishi-mrmz54n,usability,アプリ運転状況確認,通知・見守り。三菱電機公式『つながるアプリ』対象機種一覧で確認,official-mitsubishi-models,yes
mitsubishi,三菱電機,MR-MZ54N,mitsubishi-mrmz54n,usability,洗える埋めちゃっタンク,給水タンクを庫内に埋め込んだ、お手入れ可能な製氷給水構造。,official-mitsubishi-models,yes
mitsubishi,三菱電機,MR-JW50M,mitsubishi-mrjw50m,basic,定格内容積 495L,本体幅650mm、奥行650mm、高さ1833mm。,official-mitsubishi-models,no
mitsubishi,三菱電機,MR-JW50M,mitsubishi-mrjw50m,energy,年間消費電力量 276kWh/年,2021年省エネ基準達成率100%。,official-mitsubishi-models,no
mitsubishi,三菱電機,MR-JW50M,mitsubishi-mrjw50m,freezing,切れちゃう瞬冷凍A.I.,急速冷凍。メーカー公式カタログ・公式仕様表で搭載を確認,official-mitsubishi-models,yes
mitsubishi,三菱電機,MR-JW50M,mitsubishi-mrjw50m,freezing,できちゃうV冷凍+,作り置き・冷凍食品向け。メーカー公式カタログ・公式仕様表で搭載を確認,official-mitsubishi-models,yes
mitsubishi,三菱電機,MR-JW50M,mitsubishi-mrjw50m,freezing,霜ガード,霜つき・乾燥抑制。メーカー公式カタログ・公式仕様表で搭載を確認,official-mitsubishi-models,yes
mitsubishi,三菱電機,MR-JW50M,mitsubishi-mrjw50m,freshness,氷点下ストッカーD A.I.,高鮮度保存機能。メーカー公式カタログ・公式仕様表で搭載を確認,official-mitsubishi-models,yes
mitsubishi,三菱電機,MR-JW50M,mitsubishi-mrjw50m,vegetables,朝どれ野菜室,野菜鮮度保持。メーカー公式カタログ・公式仕様表で搭載を確認,official-mitsubishi-models,yes
mitsubishi,三菱電機,MR-JW50M,mitsubishi-mrjw50m,vegetables,うるおい冷却／3色LED,湿度・乾燥対策。メーカー公式カタログ・公式仕様表で搭載を確認,official-mitsubishi-models,yes
mitsubishi,三菱電機,MR-JW50M,mitsubishi-mrjw50m,usability,ダイレクト給水式自動製氷,自動製氷。メーカー公式カタログ・公式仕様表で搭載を確認,official-mitsubishi-models,yes
mitsubishi,三菱電機,MR-JW50M,mitsubishi-mrjw50m,usability,まるごとクリーン清氷,給水経路のお手入れ。メーカー公式カタログ・公式仕様表で搭載を確認,official-mitsubishi-models,yes
mitsubishi,三菱電機,MR-JW50M,mitsubishi-mrjw50m,freshness,フレッシュエアフィルター,脱臭。メーカー公式カタログ・公式仕様表で搭載を確認,official-mitsubishi-models,yes
mitsubishi,三菱電機,MR-JW50M,mitsubishi-mrjw50m,freshness,まるごとクリーン清氷・洗える埋めちゃっタンク,製氷系のお手入れ。三菱電機公式カタログの型番別機能一覧で確認,official-mitsubishi-models,yes
mitsubishi,三菱電機,MR-JW50M,mitsubishi-mrjw50m,usability,棚高さ調整,棚の可変性。メーカー公式カタログ・公式仕様表で搭載を確認,official-mitsubishi-models,yes
mitsubishi,三菱電機,MR-JW50M,mitsubishi-mrjw50m,usability,オートクローザー,開閉サポート。メーカー公式カタログ・公式仕様表で搭載を確認,official-mitsubishi-models,yes
mitsubishi,三菱電機,MR-JW50M,mitsubishi-mrjw50m,energy,部屋別おまかせエコ／アイストップEco,省エネ運転。メーカー公式カタログ・公式仕様表で搭載を確認,official-mitsubishi-models,yes
mitsubishi,三菱電機,MR-JW50M,mitsubishi-mrjw50m,energy,全室独立おまかせA.I.,AI・生活パターン学習。メーカー公式カタログ・公式仕様表で搭載を確認,official-mitsubishi-models,yes
mitsubishi,三菱電機,MR-JW50M,mitsubishi-mrjw50m,energy,16個のセンサーによる部屋別運転,センサー省エネ。メーカー公式カタログ・公式仕様表で搭載を確認,official-mitsubishi-models,yes
mitsubishi,三菱電機,MR-JW50M,mitsubishi-mrjw50m,usability,洗える埋めちゃっタンク,給水タンクを庫内に埋め込んだ、お手入れ可能な製氷給水構造。,official-mitsubishi-models,yes
mitsubishi,三菱電機,MR-JW50N,mitsubishi-mrjw50n,basic,定格内容積 495L,本体幅650mm、奥行650mm、高さ1833mm。,official-mitsubishi-models,no
mitsubishi,三菱電機,MR-JW50N,mitsubishi-mrjw50n,energy,年間消費電力量 276kWh/年,2021年省エネ基準達成率100%。,official-mitsubishi-models,no
mitsubishi,三菱電機,MR-JW50N,mitsubishi-mrjw50n,freezing,切れちゃう瞬冷凍A.I.,急速冷凍。メーカー公式カタログ・公式仕様表で搭載を確認,official-mitsubishi-models,yes
mitsubishi,三菱電機,MR-JW50N,mitsubishi-mrjw50n,freezing,できちゃうV冷凍+,作り置き・冷凍食品向け。メーカー公式カタログ・公式仕様表で搭載を確認,official-mitsubishi-models,yes
mitsubishi,三菱電機,MR-JW50N,mitsubishi-mrjw50n,freezing,霜ガード,霜つき・乾燥抑制。メーカー公式カタログ・公式仕様表で搭載を確認,official-mitsubishi-models,yes
mitsubishi,三菱電機,MR-JW50N,mitsubishi-mrjw50n,freshness,氷点下ストッカーD A.I.,高鮮度保存機能。メーカー公式カタログ・公式仕様表で搭載を確認,official-mitsubishi-models,yes
mitsubishi,三菱電機,MR-JW50N,mitsubishi-mrjw50n,vegetables,朝どれ野菜室,野菜鮮度保持。メーカー公式カタログ・公式仕様表で搭載を確認,official-mitsubishi-models,yes
mitsubishi,三菱電機,MR-JW50N,mitsubishi-mrjw50n,vegetables,うるおい冷却／3色LED,湿度・乾燥対策。メーカー公式カタログ・公式仕様表で搭載を確認,official-mitsubishi-models,yes
mitsubishi,三菱電機,MR-JW50N,mitsubishi-mrjw50n,usability,ダイレクト給水式自動製氷,自動製氷。メーカー公式カタログ・公式仕様表で搭載を確認,official-mitsubishi-models,yes
mitsubishi,三菱電機,MR-JW50N,mitsubishi-mrjw50n,usability,まるごとクリーン清氷,給水経路のお手入れ。メーカー公式カタログ・公式仕様表で搭載を確認,official-mitsubishi-models,yes
mitsubishi,三菱電機,MR-JW50N,mitsubishi-mrjw50n,freshness,フレッシュエアフィルター,脱臭。メーカー公式カタログ・公式仕様表で搭載を確認,official-mitsubishi-models,yes
mitsubishi,三菱電機,MR-JW50N,mitsubishi-mrjw50n,freshness,まるごとクリーン清氷・洗える埋めちゃっタンク,製氷系のお手入れ。三菱電機公式カタログの型番別機能一覧で確認,official-mitsubishi-models,yes
mitsubishi,三菱電機,MR-JW50N,mitsubishi-mrjw50n,usability,棚高さ調整,棚の可変性。メーカー公式カタログ・公式仕様表で搭載を確認,official-mitsubishi-models,yes
mitsubishi,三菱電機,MR-JW50N,mitsubishi-mrjw50n,usability,オートクローザー,開閉サポート。メーカー公式カタログ・公式仕様表で搭載を確認,official-mitsubishi-models,yes
mitsubishi,三菱電機,MR-JW50N,mitsubishi-mrjw50n,energy,部屋別おまかせエコ／アイストップEco,省エネ運転。メーカー公式カタログ・公式仕様表で搭載を確認,official-mitsubishi-models,yes
mitsubishi,三菱電機,MR-JW50N,mitsubishi-mrjw50n,energy,全室独立おまかせA.I.,AI・生活パターン学習。メーカー公式カタログ・公式仕様表で搭載を確認,official-mitsubishi-models,yes
mitsubishi,三菱電機,MR-JW50N,mitsubishi-mrjw50n,energy,16個のセンサーによる部屋別運転,センサー省エネ。メーカー公式カタログ・公式仕様表で搭載を確認,official-mitsubishi-models,yes
mitsubishi,三菱電機,MR-JW50N,mitsubishi-mrjw50n,usability,洗える埋めちゃっタンク,給水タンクを庫内に埋め込んだ、お手入れ可能な製氷給水構造。,official-mitsubishi-models,yes
mitsubishi,三菱電機,MR-WZ50M,mitsubishi-mrwz50m,basic,定格内容積 495L,本体幅650mm、奥行650mm、高さ1833mm。,official-mitsubishi-models,no
mitsubishi,三菱電機,MR-WZ50M,mitsubishi-mrwz50m,energy,年間消費電力量 263kWh/年,2021年省エネ基準達成率104%。,official-mitsubishi-models,no
mitsubishi,三菱電機,MR-WZ50M,mitsubishi-mrwz50m,freezing,切れちゃう瞬冷凍A.I.,急速冷凍。メーカー公式カタログ・公式仕様表で搭載を確認,official-mitsubishi-models,yes
mitsubishi,三菱電機,MR-WZ50M,mitsubishi-mrwz50m,freezing,できちゃうV冷凍+,作り置き・冷凍食品向け。メーカー公式カタログ・公式仕様表で搭載を確認,official-mitsubishi-models,yes
mitsubishi,三菱電機,MR-WZ50M,mitsubishi-mrwz50m,freezing,霜ガード,霜つき・乾燥抑制。メーカー公式カタログ・公式仕様表で搭載を確認,official-mitsubishi-models,yes
mitsubishi,三菱電機,MR-WZ50M,mitsubishi-mrwz50m,freshness,氷点下ストッカーD A.I.,高鮮度保存機能。メーカー公式カタログ・公式仕様表で搭載を確認,official-mitsubishi-models,yes
mitsubishi,三菱電機,MR-WZ50M,mitsubishi-mrwz50m,vegetables,朝どれ野菜室,野菜鮮度保持。メーカー公式カタログ・公式仕様表で搭載を確認,official-mitsubishi-models,yes
mitsubishi,三菱電機,MR-WZ50M,mitsubishi-mrwz50m,vegetables,うるおい冷却／3色LED,湿度・乾燥対策。メーカー公式カタログ・公式仕様表で搭載を確認,official-mitsubishi-models,yes
mitsubishi,三菱電機,MR-WZ50M,mitsubishi-mrwz50m,usability,ダイレクト給水式自動製氷,自動製氷。メーカー公式カタログ・公式仕様表で搭載を確認,official-mitsubishi-models,yes
mitsubishi,三菱電機,MR-WZ50M,mitsubishi-mrwz50m,usability,まるごとクリーン清氷,給水経路のお手入れ。メーカー公式カタログ・公式仕様表で搭載を確認,official-mitsubishi-models,yes
mitsubishi,三菱電機,MR-WZ50M,mitsubishi-mrwz50m,freshness,フレッシュエアフィルター,脱臭。メーカー公式カタログ・公式仕様表で搭載を確認,official-mitsubishi-models,yes
mitsubishi,三菱電機,MR-WZ50M,mitsubishi-mrwz50m,freshness,まるごとクリーン清氷・洗える埋めちゃっタンク,製氷系のお手入れ。三菱電機公式カタログの型番別機能一覧で確認,official-mitsubishi-models,yes
mitsubishi,三菱電機,MR-WZ50M,mitsubishi-mrwz50m,usability,棚高さ調整,棚の可変性。メーカー公式カタログ・公式仕様表で搭載を確認,official-mitsubishi-models,yes
mitsubishi,三菱電機,MR-WZ50M,mitsubishi-mrwz50m,usability,オートクローザー,開閉サポート。メーカー公式カタログ・公式仕様表で搭載を確認,official-mitsubishi-models,yes
mitsubishi,三菱電機,MR-WZ50M,mitsubishi-mrwz50m,energy,部屋別おまかせエコ／アイストップEco,省エネ運転。メーカー公式カタログ・公式仕様表で搭載を確認,official-mitsubishi-models,yes
mitsubishi,三菱電機,MR-WZ50M,mitsubishi-mrwz50m,energy,全室独立おまかせA.I.,AI・生活パターン学習。メーカー公式カタログ・公式仕様表で搭載を確認,official-mitsubishi-models,yes
mitsubishi,三菱電機,MR-WZ50M,mitsubishi-mrwz50m,energy,16個のセンサーによる部屋別運転,センサー省エネ。メーカー公式カタログ・公式仕様表で搭載を確認,official-mitsubishi-models,yes
mitsubishi,三菱電機,MR-WZ50M,mitsubishi-mrwz50m,usability,無線LAN,Wi-Fi。三菱電機公式『つながるアプリ』対象機種一覧で確認,official-mitsubishi-models,yes
mitsubishi,三菱電機,MR-WZ50M,mitsubishi-mrwz50m,usability,三菱冷蔵庫アプリ,スマートフォン・アプリ連携。三菱電機公式『つながるアプリ』対象機種一覧で確認,official-mitsubishi-models,yes
mitsubishi,三菱電機,MR-WZ50M,mitsubishi-mrwz50m,usability,アプリ運転状況確認,通知・見守り。三菱電機公式『つながるアプリ』対象機種一覧で確認,official-mitsubishi-models,yes
mitsubishi,三菱電機,MR-WZ50M,mitsubishi-mrwz50m,usability,洗える埋めちゃっタンク,給水タンクを庫内に埋め込んだ、お手入れ可能な製氷給水構造。,official-mitsubishi-models,yes
mitsubishi,三菱電機,MR-WZ50N,mitsubishi-mr-wz50n,basic,定格内容積 495L,外形寸法650×650×1833mm。,mitsubishi-wz50n,no
mitsubishi,三菱電機,MR-WZ50N,mitsubishi-mr-wz50n,freezing,切れちゃう瞬冷凍A.I.,必要な分だけ使いやすい約-7℃の冷凍。,mitsubishi-wz50n,no
mitsubishi,三菱電機,MR-WZ50N,mitsubishi-mr-wz50n,freshness,ひろびろ氷点下ストッカーD A.I.,肉・魚を凍らせず保存するフレッシュゾーン。,mitsubishi-wz50n,no
mitsubishi,三菱電機,MR-WZ50N,mitsubishi-mr-wz50n,vegetables,朝どれ野菜室,野菜のうるおいを保って保存。,mitsubishi-wz50n,no
mitsubishi,三菱電機,MR-WZ50N,mitsubishi-mr-wz50n,energy,年間消費電力量 262kWh/年,省エネ基準達成率105%、静音約15dB。,mitsubishi-wz50n,no
mitsubishi,三菱電機,MR-WZ50N,mitsubishi-mr-wz50n,freezing,できちゃうV冷凍+,作り置き・冷凍食品向け。メーカー公式カタログ・公式仕様表で搭載を確認,mitsubishi-lineup|mitsubishi-wz50n|official-mitsubishi-models,yes
mitsubishi,三菱電機,MR-WZ50N,mitsubishi-mr-wz50n,freezing,霜ガード,霜つき・乾燥抑制。メーカー公式カタログ・公式仕様表で搭載を確認,mitsubishi-lineup|mitsubishi-wz50n|official-mitsubishi-models,yes
mitsubishi,三菱電機,MR-WZ50N,mitsubishi-mr-wz50n,vegetables,うるおい冷却／3色LED,湿度・乾燥対策。メーカー公式カタログ・公式仕様表で搭載を確認,mitsubishi-lineup|mitsubishi-wz50n|official-mitsubishi-models,yes
mitsubishi,三菱電機,MR-WZ50N,mitsubishi-mr-wz50n,usability,自動製氷,自動製氷。メーカー公式カタログ・公式仕様表で搭載を確認,mitsubishi-lineup|mitsubishi-wz50n|official-mitsubishi-models,yes
mitsubishi,三菱電機,MR-WZ50N,mitsubishi-mr-wz50n,usability,まるごとクリーン清氷,給水経路のお手入れ。メーカー公式カタログ・公式仕様表で搭載を確認,mitsubishi-lineup|mitsubishi-wz50n|official-mitsubishi-models,yes
mitsubishi,三菱電機,MR-WZ50N,mitsubishi-mr-wz50n,freshness,フレッシュエアフィルター,脱臭。メーカー公式カタログ・公式仕様表で搭載を確認,mitsubishi-lineup|mitsubishi-wz50n|official-mitsubishi-models,yes
mitsubishi,三菱電機,MR-WZ50N,mitsubishi-mr-wz50n,freshness,まるごとクリーン清氷・洗える埋めちゃっタンク,製氷系のお手入れ。三菱電機公式カタログの型番別機能一覧で確認,mitsubishi-lineup|mitsubishi-wz50n|official-mitsubishi-models,yes
mitsubishi,三菱電機,MR-WZ50N,mitsubishi-mr-wz50n,usability,棚高さ調整,棚の可変性。メーカー公式カタログ・公式仕様表で搭載を確認,mitsubishi-lineup|mitsubishi-wz50n|official-mitsubishi-models,yes
mitsubishi,三菱電機,MR-WZ50N,mitsubishi-mr-wz50n,usability,オートクローザー,開閉サポート。メーカー公式カタログ・公式仕様表で搭載を確認,mitsubishi-lineup|mitsubishi-wz50n|official-mitsubishi-models,yes
mitsubishi,三菱電機,MR-WZ50N,mitsubishi-mr-wz50n,energy,部屋別おまかせエコ／アイストップEco,省エネ運転。メーカー公式カタログ・公式仕様表で搭載を確認,mitsubishi-lineup|mitsubishi-wz50n|official-mitsubishi-models,yes
mitsubishi,三菱電機,MR-WZ50N,mitsubishi-mr-wz50n,energy,全室独立おまかせA.I.,AI・生活パターン学習。メーカー公式カタログ・公式仕様表で搭載を確認,mitsubishi-lineup|mitsubishi-wz50n|official-mitsubishi-models,yes
mitsubishi,三菱電機,MR-WZ50N,mitsubishi-mr-wz50n,energy,16個のセンサーによる部屋別運転,センサー省エネ。メーカー公式カタログ・公式仕様表で搭載を確認,mitsubishi-lineup|mitsubishi-wz50n|official-mitsubishi-models,yes
mitsubishi,三菱電機,MR-WZ50N,mitsubishi-mr-wz50n,usability,無線LAN,Wi-Fi。三菱電機公式『つながるアプリ』対象機種一覧で確認,mitsubishi-lineup|mitsubishi-wz50n|official-mitsubishi-models,yes
mitsubishi,三菱電機,MR-WZ50N,mitsubishi-mr-wz50n,usability,三菱冷蔵庫アプリ,スマートフォン・アプリ連携。三菱電機公式『つながるアプリ』対象機種一覧で確認,mitsubishi-lineup|mitsubishi-wz50n|official-mitsubishi-models,yes
mitsubishi,三菱電機,MR-WZ50N,mitsubishi-mr-wz50n,usability,アプリ運転状況確認,通知・見守り。三菱電機公式『つながるアプリ』対象機種一覧で確認,mitsubishi-lineup|mitsubishi-wz50n|official-mitsubishi-models,yes
mitsubishi,三菱電機,MR-WZ50N,mitsubishi-mr-wz50n,usability,洗える埋めちゃっタンク,給水タンクを庫内に埋め込んだ、お手入れ可能な製氷給水構造。,mitsubishi-lineup|mitsubishi-wz50n|official-mitsubishi-models,yes
mitsubishi,三菱電機,MR-JM49N,mitsubishi-mrjm49n,basic,定格内容積 485L,本体幅650mm、奥行650mm、高さ1833mm。,official-mitsubishi-models,no
mitsubishi,三菱電機,MR-JM49N,mitsubishi-mrjm49n,energy,年間消費電力量 269kWh/年,2021年省エネ基準達成率100%。,official-mitsubishi-models,no
mitsubishi,三菱電機,MR-JM49N,mitsubishi-mrjm49n,freezing,切れちゃう瞬冷凍A.I.,急速冷凍。メーカー公式カタログ・公式仕様表で搭載を確認,official-mitsubishi-models,yes
mitsubishi,三菱電機,MR-JM49N,mitsubishi-mrjm49n,freezing,できちゃうV冷凍+,作り置き・冷凍食品向け。メーカー公式カタログ・公式仕様表で搭載を確認,official-mitsubishi-models,yes
mitsubishi,三菱電機,MR-JM49N,mitsubishi-mrjm49n,freezing,霜ガード,霜つき・乾燥抑制。メーカー公式カタログ・公式仕様表で搭載を確認,official-mitsubishi-models,yes
mitsubishi,三菱電機,MR-JM49N,mitsubishi-mrjm49n,freshness,氷点下ストッカーD A.I.,高鮮度保存機能。メーカー公式カタログ・公式仕様表で搭載を確認,official-mitsubishi-models,yes
mitsubishi,三菱電機,MR-JM49N,mitsubishi-mrjm49n,vegetables,朝どれ野菜室,野菜鮮度保持。メーカー公式カタログ・公式仕様表で搭載を確認,official-mitsubishi-models,yes
mitsubishi,三菱電機,MR-JM49N,mitsubishi-mrjm49n,vegetables,うるおい冷却／3色LED,湿度・乾燥対策。メーカー公式カタログ・公式仕様表で搭載を確認,official-mitsubishi-models,yes
mitsubishi,三菱電機,MR-JM49N,mitsubishi-mrjm49n,usability,ダイレクト給水式自動製氷,自動製氷。メーカー公式カタログ・公式仕様表で搭載を確認,official-mitsubishi-models,yes
mitsubishi,三菱電機,MR-JM49N,mitsubishi-mrjm49n,usability,まるごとクリーン清氷,給水経路のお手入れ。メーカー公式カタログ・公式仕様表で搭載を確認,official-mitsubishi-models,yes
mitsubishi,三菱電機,MR-JM49N,mitsubishi-mrjm49n,freshness,フレッシュエアフィルター,脱臭。メーカー公式カタログ・公式仕様表で搭載を確認,official-mitsubishi-models,yes
mitsubishi,三菱電機,MR-JM49N,mitsubishi-mrjm49n,freshness,まるごとクリーン清氷・洗える埋めちゃっタンク,製氷系のお手入れ。三菱電機公式カタログの型番別機能一覧で確認,official-mitsubishi-models,yes
mitsubishi,三菱電機,MR-JM49N,mitsubishi-mrjm49n,usability,棚高さ調整,棚の可変性。メーカー公式カタログ・公式仕様表で搭載を確認,official-mitsubishi-models,yes
mitsubishi,三菱電機,MR-JM49N,mitsubishi-mrjm49n,usability,オートクローザー,開閉サポート。メーカー公式カタログ・公式仕様表で搭載を確認,official-mitsubishi-models,yes
mitsubishi,三菱電機,MR-JM49N,mitsubishi-mrjm49n,energy,部屋別おまかせエコ／アイストップEco,省エネ運転。メーカー公式カタログ・公式仕様表で搭載を確認,official-mitsubishi-models,yes
mitsubishi,三菱電機,MR-JM49N,mitsubishi-mrjm49n,energy,全室独立おまかせA.I.,AI・生活パターン学習。メーカー公式カタログ・公式仕様表で搭載を確認,official-mitsubishi-models,yes
mitsubishi,三菱電機,MR-JM49N,mitsubishi-mrjm49n,energy,16個のセンサーによる部屋別運転,センサー省エネ。メーカー公式カタログ・公式仕様表で搭載を確認,official-mitsubishi-models,yes
mitsubishi,三菱電機,MR-JM49N,mitsubishi-mrjm49n,usability,洗える埋めちゃっタンク,給水タンクを庫内に埋め込んだ、お手入れ可能な製氷給水構造。,official-mitsubishi-models,yes
mitsubishi,三菱電機,MR-MZ49M,mitsubishi-mrmz49m,basic,定格内容積 485L,本体幅650mm、奥行650mm、高さ1833mm。,official-mitsubishi-models,no
mitsubishi,三菱電機,MR-MZ49M,mitsubishi-mrmz49m,energy,年間消費電力量 269kWh/年,2021年省エネ基準達成率100%。,official-mitsubishi-models,no
mitsubishi,三菱電機,MR-MZ49M,mitsubishi-mrmz49m,freezing,切れちゃう瞬冷凍A.I.,急速冷凍。メーカー公式カタログ・公式仕様表で搭載を確認,official-mitsubishi-models,yes
mitsubishi,三菱電機,MR-MZ49M,mitsubishi-mrmz49m,freezing,できちゃうV冷凍+,作り置き・冷凍食品向け。メーカー公式カタログ・公式仕様表で搭載を確認,official-mitsubishi-models,yes
mitsubishi,三菱電機,MR-MZ49M,mitsubishi-mrmz49m,freezing,霜ガード,霜つき・乾燥抑制。メーカー公式カタログ・公式仕様表で搭載を確認,official-mitsubishi-models,yes
mitsubishi,三菱電機,MR-MZ49M,mitsubishi-mrmz49m,freshness,氷点下ストッカーD A.I.,高鮮度保存機能。メーカー公式カタログ・公式仕様表で搭載を確認,official-mitsubishi-models,yes
mitsubishi,三菱電機,MR-MZ49M,mitsubishi-mrmz49m,vegetables,朝どれ野菜室,野菜鮮度保持。メーカー公式カタログ・公式仕様表で搭載を確認,official-mitsubishi-models,yes
mitsubishi,三菱電機,MR-MZ49M,mitsubishi-mrmz49m,vegetables,うるおい冷却／3色LED,湿度・乾燥対策。メーカー公式カタログ・公式仕様表で搭載を確認,official-mitsubishi-models,yes
mitsubishi,三菱電機,MR-MZ49M,mitsubishi-mrmz49m,usability,ダイレクト給水式自動製氷,自動製氷。メーカー公式カタログ・公式仕様表で搭載を確認,official-mitsubishi-models,yes
mitsubishi,三菱電機,MR-MZ49M,mitsubishi-mrmz49m,usability,まるごとクリーン清氷,給水経路のお手入れ。メーカー公式カタログ・公式仕様表で搭載を確認,official-mitsubishi-models,yes
mitsubishi,三菱電機,MR-MZ49M,mitsubishi-mrmz49m,freshness,フレッシュエアフィルター,脱臭。メーカー公式カタログ・公式仕様表で搭載を確認,official-mitsubishi-models,yes
mitsubishi,三菱電機,MR-MZ49M,mitsubishi-mrmz49m,freshness,まるごとクリーン清氷・洗える埋めちゃっタンク,製氷系のお手入れ。三菱電機公式カタログの型番別機能一覧で確認,official-mitsubishi-models,yes
mitsubishi,三菱電機,MR-MZ49M,mitsubishi-mrmz49m,usability,棚高さ調整,棚の可変性。メーカー公式カタログ・公式仕様表で搭載を確認,official-mitsubishi-models,yes
mitsubishi,三菱電機,MR-MZ49M,mitsubishi-mrmz49m,usability,オートクローザー,開閉サポート。メーカー公式カタログ・公式仕様表で搭載を確認,official-mitsubishi-models,yes
mitsubishi,三菱電機,MR-MZ49M,mitsubishi-mrmz49m,energy,部屋別おまかせエコ／アイストップEco,省エネ運転。メーカー公式カタログ・公式仕様表で搭載を確認,official-mitsubishi-models,yes
mitsubishi,三菱電機,MR-MZ49M,mitsubishi-mrmz49m,energy,全室独立おまかせA.I.,AI・生活パターン学習。メーカー公式カタログ・公式仕様表で搭載を確認,official-mitsubishi-models,yes
mitsubishi,三菱電機,MR-MZ49M,mitsubishi-mrmz49m,energy,16個のセンサーによる部屋別運転,センサー省エネ。メーカー公式カタログ・公式仕様表で搭載を確認,official-mitsubishi-models,yes
mitsubishi,三菱電機,MR-MZ49M,mitsubishi-mrmz49m,usability,無線LAN,Wi-Fi。三菱電機公式『つながるアプリ』対象機種一覧で確認,official-mitsubishi-models,yes
mitsubishi,三菱電機,MR-MZ49M,mitsubishi-mrmz49m,usability,三菱冷蔵庫アプリ,スマートフォン・アプリ連携。三菱電機公式『つながるアプリ』対象機種一覧で確認,official-mitsubishi-models,yes
mitsubishi,三菱電機,MR-MZ49M,mitsubishi-mrmz49m,usability,アプリ運転状況確認,通知・見守り。三菱電機公式『つながるアプリ』対象機種一覧で確認,official-mitsubishi-models,yes
mitsubishi,三菱電機,MR-MZ49M,mitsubishi-mrmz49m,usability,洗える埋めちゃっタンク,給水タンクを庫内に埋め込んだ、お手入れ可能な製氷給水構造。,official-mitsubishi-models,yes
mitsubishi,三菱電機,MR-MZ49N,mitsubishi-mrmz49n,basic,定格内容積 485L,本体幅650mm、奥行650mm、高さ1833mm。,official-mitsubishi-models,no
mitsubishi,三菱電機,MR-MZ49N,mitsubishi-mrmz49n,energy,年間消費電力量 269kWh/年,2021年省エネ基準達成率100%。,official-mitsubishi-models,no
mitsubishi,三菱電機,MR-MZ49N,mitsubishi-mrmz49n,freezing,切れちゃう瞬冷凍A.I.,急速冷凍。メーカー公式カタログ・公式仕様表で搭載を確認,official-mitsubishi-models,yes
mitsubishi,三菱電機,MR-MZ49N,mitsubishi-mrmz49n,freezing,できちゃうV冷凍+,作り置き・冷凍食品向け。メーカー公式カタログ・公式仕様表で搭載を確認,official-mitsubishi-models,yes
mitsubishi,三菱電機,MR-MZ49N,mitsubishi-mrmz49n,freezing,霜ガード,霜つき・乾燥抑制。メーカー公式カタログ・公式仕様表で搭載を確認,official-mitsubishi-models,yes
mitsubishi,三菱電機,MR-MZ49N,mitsubishi-mrmz49n,freshness,氷点下ストッカーD A.I.,高鮮度保存機能。メーカー公式カタログ・公式仕様表で搭載を確認,official-mitsubishi-models,yes
mitsubishi,三菱電機,MR-MZ49N,mitsubishi-mrmz49n,vegetables,朝どれ野菜室,野菜鮮度保持。メーカー公式カタログ・公式仕様表で搭載を確認,official-mitsubishi-models,yes
mitsubishi,三菱電機,MR-MZ49N,mitsubishi-mrmz49n,vegetables,うるおい冷却／3色LED,湿度・乾燥対策。メーカー公式カタログ・公式仕様表で搭載を確認,official-mitsubishi-models,yes
mitsubishi,三菱電機,MR-MZ49N,mitsubishi-mrmz49n,usability,ダイレクト給水式自動製氷,自動製氷。メーカー公式カタログ・公式仕様表で搭載を確認,official-mitsubishi-models,yes
mitsubishi,三菱電機,MR-MZ49N,mitsubishi-mrmz49n,usability,まるごとクリーン清氷,給水経路のお手入れ。メーカー公式カタログ・公式仕様表で搭載を確認,official-mitsubishi-models,yes
mitsubishi,三菱電機,MR-MZ49N,mitsubishi-mrmz49n,freshness,フレッシュエアフィルター,脱臭。メーカー公式カタログ・公式仕様表で搭載を確認,official-mitsubishi-models,yes
mitsubishi,三菱電機,MR-MZ49N,mitsubishi-mrmz49n,freshness,まるごとクリーン清氷・洗える埋めちゃっタンク,製氷系のお手入れ。三菱電機公式カタログの型番別機能一覧で確認,official-mitsubishi-models,yes
mitsubishi,三菱電機,MR-MZ49N,mitsubishi-mrmz49n,usability,棚高さ調整,棚の可変性。メーカー公式カタログ・公式仕様表で搭載を確認,official-mitsubishi-models,yes
mitsubishi,三菱電機,MR-MZ49N,mitsubishi-mrmz49n,usability,オートクローザー,開閉サポート。メーカー公式カタログ・公式仕様表で搭載を確認,official-mitsubishi-models,yes
mitsubishi,三菱電機,MR-MZ49N,mitsubishi-mrmz49n,energy,部屋別おまかせエコ／アイストップEco,省エネ運転。メーカー公式カタログ・公式仕様表で搭載を確認,official-mitsubishi-models,yes
mitsubishi,三菱電機,MR-MZ49N,mitsubishi-mrmz49n,energy,全室独立おまかせA.I.,AI・生活パターン学習。メーカー公式カタログ・公式仕様表で搭載を確認,official-mitsubishi-models,yes
mitsubishi,三菱電機,MR-MZ49N,mitsubishi-mrmz49n,energy,16個のセンサーによる部屋別運転,センサー省エネ。メーカー公式カタログ・公式仕様表で搭載を確認,official-mitsubishi-models,yes
mitsubishi,三菱電機,MR-MZ49N,mitsubishi-mrmz49n,usability,無線LAN,Wi-Fi。三菱電機公式『つながるアプリ』対象機種一覧で確認,official-mitsubishi-models,yes
mitsubishi,三菱電機,MR-MZ49N,mitsubishi-mrmz49n,usability,三菱冷蔵庫アプリ,スマートフォン・アプリ連携。三菱電機公式『つながるアプリ』対象機種一覧で確認,official-mitsubishi-models,yes
mitsubishi,三菱電機,MR-MZ49N,mitsubishi-mrmz49n,usability,アプリ運転状況確認,通知・見守り。三菱電機公式『つながるアプリ』対象機種一覧で確認,official-mitsubishi-models,yes
mitsubishi,三菱電機,MR-MZ49N,mitsubishi-mrmz49n,usability,洗える埋めちゃっタンク,給水タンクを庫内に埋め込んだ、お手入れ可能な製氷給水構造。,official-mitsubishi-models,yes
mitsubishi,三菱電機,MR-WXD47LM,mitsubishi-mrwxd47lm,basic,定格内容積 470L,本体幅650mm、奥行699mm、高さ1696mm。,official-mitsubishi-models,no
mitsubishi,三菱電機,MR-WXD47LM,mitsubishi-mrwxd47lm,energy,年間消費電力量 260kWh/年,2021年省エネ基準達成率103%。,official-mitsubishi-models,no
mitsubishi,三菱電機,MR-WXD47LM,mitsubishi-mrwxd47lm,freezing,切れちゃう瞬冷凍A.I.,急速冷凍。メーカー公式カタログ・公式仕様表で搭載を確認,official-mitsubishi-models,yes
mitsubishi,三菱電機,MR-WXD47LM,mitsubishi-mrwxd47lm,freezing,できちゃうV冷凍+,作り置き・冷凍食品向け。メーカー公式カタログ・公式仕様表で搭載を確認,official-mitsubishi-models,yes
mitsubishi,三菱電機,MR-WXD47LM,mitsubishi-mrwxd47lm,freezing,霜ガード,霜つき・乾燥抑制。メーカー公式カタログ・公式仕様表で搭載を確認,official-mitsubishi-models,yes
mitsubishi,三菱電機,MR-WXD47LM,mitsubishi-mrwxd47lm,freshness,氷点下ストッカーD A.I.,高鮮度保存機能。メーカー公式カタログ・公式仕様表で搭載を確認,official-mitsubishi-models,yes
mitsubishi,三菱電機,MR-WXD47LM,mitsubishi-mrwxd47lm,vegetables,朝どれ野菜室,野菜鮮度保持。メーカー公式カタログ・公式仕様表で搭載を確認,official-mitsubishi-models,yes
mitsubishi,三菱電機,MR-WXD47LM,mitsubishi-mrwxd47lm,vegetables,うるおい冷却／3色LED,湿度・乾燥対策。メーカー公式カタログ・公式仕様表で搭載を確認,official-mitsubishi-models,yes
mitsubishi,三菱電機,MR-WXD47LM,mitsubishi-mrwxd47lm,usability,ダイレクト給水式自動製氷,自動製氷。メーカー公式カタログ・公式仕様表で搭載を確認,official-mitsubishi-models,yes
mitsubishi,三菱電機,MR-WXD47LM,mitsubishi-mrwxd47lm,usability,まるごとクリーン清氷,給水経路のお手入れ。メーカー公式カタログ・公式仕様表で搭載を確認,official-mitsubishi-models,yes
mitsubishi,三菱電機,MR-WXD47LM,mitsubishi-mrwxd47lm,freshness,フレッシュエアフィルター,脱臭。メーカー公式カタログ・公式仕様表で搭載を確認,official-mitsubishi-models,yes
mitsubishi,三菱電機,MR-WXD47LM,mitsubishi-mrwxd47lm,freshness,まるごとクリーン清氷・給水タンク,製氷系のお手入れ。三菱電機公式カタログの型番別機能一覧で確認,official-mitsubishi-models,yes
mitsubishi,三菱電機,MR-WXD47LM,mitsubishi-mrwxd47lm,usability,棚高さ調整,棚の可変性。メーカー公式カタログ・公式仕様表で搭載を確認,official-mitsubishi-models,yes
mitsubishi,三菱電機,MR-WXD47LM,mitsubishi-mrwxd47lm,energy,部屋別おまかせエコ／アイストップEco,省エネ運転。メーカー公式カタログ・公式仕様表で搭載を確認,official-mitsubishi-models,yes
mitsubishi,三菱電機,MR-WXD47LM,mitsubishi-mrwxd47lm,energy,全室独立おまかせA.I.,AI・生活パターン学習。メーカー公式カタログ・公式仕様表で搭載を確認,official-mitsubishi-models,yes
mitsubishi,三菱電機,MR-WXD47LM,mitsubishi-mrwxd47lm,energy,16個のセンサーによる部屋別運転,センサー省エネ。メーカー公式カタログ・公式仕様表で搭載を確認,official-mitsubishi-models,yes
mitsubishi,三菱電機,MR-WXD47LM,mitsubishi-mrwxd47lm,usability,無線LAN,Wi-Fi。三菱電機公式『つながるアプリ』対象機種一覧で確認,official-mitsubishi-models,yes
mitsubishi,三菱電機,MR-WXD47LM,mitsubishi-mrwxd47lm,usability,三菱冷蔵庫アプリ,スマートフォン・アプリ連携。三菱電機公式『つながるアプリ』対象機種一覧で確認,official-mitsubishi-models,yes
mitsubishi,三菱電機,MR-WXD47LM,mitsubishi-mrwxd47lm,usability,アプリ運転状況確認,通知・見守り。三菱電機公式『つながるアプリ』対象機種一覧で確認,official-mitsubishi-models,yes
mitsubishi,三菱電機,MR-WXD47LN,mitsubishi-mrwxd47ln,basic,定格内容積 470L,本体幅650mm、奥行699mm、高さ1696mm。,official-mitsubishi-models,no
mitsubishi,三菱電機,MR-WXD47LN,mitsubishi-mrwxd47ln,energy,年間消費電力量 256kWh/年,2021年省エネ基準達成率105%。,official-mitsubishi-models,no
mitsubishi,三菱電機,MR-WXD47LN,mitsubishi-mrwxd47ln,freezing,切れちゃう瞬冷凍A.I.,急速冷凍。メーカー公式カタログ・公式仕様表で搭載を確認,official-mitsubishi-models,yes
mitsubishi,三菱電機,MR-WXD47LN,mitsubishi-mrwxd47ln,freezing,できちゃうV冷凍+,作り置き・冷凍食品向け。メーカー公式カタログ・公式仕様表で搭載を確認,official-mitsubishi-models,yes
mitsubishi,三菱電機,MR-WXD47LN,mitsubishi-mrwxd47ln,freezing,霜ガード,霜つき・乾燥抑制。メーカー公式カタログ・公式仕様表で搭載を確認,official-mitsubishi-models,yes
mitsubishi,三菱電機,MR-WXD47LN,mitsubishi-mrwxd47ln,freshness,氷点下ストッカーD A.I.,高鮮度保存機能。メーカー公式カタログ・公式仕様表で搭載を確認,official-mitsubishi-models,yes
mitsubishi,三菱電機,MR-WXD47LN,mitsubishi-mrwxd47ln,vegetables,朝どれ野菜室,野菜鮮度保持。メーカー公式カタログ・公式仕様表で搭載を確認,official-mitsubishi-models,yes
mitsubishi,三菱電機,MR-WXD47LN,mitsubishi-mrwxd47ln,vegetables,うるおい冷却／3色LED,湿度・乾燥対策。メーカー公式カタログ・公式仕様表で搭載を確認,official-mitsubishi-models,yes
mitsubishi,三菱電機,MR-WXD47LN,mitsubishi-mrwxd47ln,usability,ダイレクト給水式自動製氷,自動製氷。メーカー公式カタログ・公式仕様表で搭載を確認,official-mitsubishi-models,yes
mitsubishi,三菱電機,MR-WXD47LN,mitsubishi-mrwxd47ln,usability,まるごとクリーン清氷,給水経路のお手入れ。メーカー公式カタログ・公式仕様表で搭載を確認,official-mitsubishi-models,yes
mitsubishi,三菱電機,MR-WXD47LN,mitsubishi-mrwxd47ln,freshness,フレッシュエアフィルター,脱臭。メーカー公式カタログ・公式仕様表で搭載を確認,official-mitsubishi-models,yes
mitsubishi,三菱電機,MR-WXD47LN,mitsubishi-mrwxd47ln,freshness,まるごとクリーン清氷・給水タンク,製氷系のお手入れ。三菱電機公式カタログの型番別機能一覧で確認,official-mitsubishi-models,yes
mitsubishi,三菱電機,MR-WXD47LN,mitsubishi-mrwxd47ln,usability,棚高さ調整,棚の可変性。メーカー公式カタログ・公式仕様表で搭載を確認,official-mitsubishi-models,yes
mitsubishi,三菱電機,MR-WXD47LN,mitsubishi-mrwxd47ln,energy,部屋別おまかせエコ／アイストップEco,省エネ運転。メーカー公式カタログ・公式仕様表で搭載を確認,official-mitsubishi-models,yes
mitsubishi,三菱電機,MR-WXD47LN,mitsubishi-mrwxd47ln,energy,全室独立おまかせA.I.,AI・生活パターン学習。メーカー公式カタログ・公式仕様表で搭載を確認,official-mitsubishi-models,yes
mitsubishi,三菱電機,MR-WXD47LN,mitsubishi-mrwxd47ln,energy,16個のセンサーによる部屋別運転,センサー省エネ。メーカー公式カタログ・公式仕様表で搭載を確認,official-mitsubishi-models,yes
mitsubishi,三菱電機,MR-WXD47LN,mitsubishi-mrwxd47ln,usability,無線LAN,Wi-Fi。三菱電機公式『つながるアプリ』対象機種一覧で確認,official-mitsubishi-models,yes
mitsubishi,三菱電機,MR-WXD47LN,mitsubishi-mrwxd47ln,usability,三菱冷蔵庫アプリ,スマートフォン・アプリ連携。三菱電機公式『つながるアプリ』対象機種一覧で確認,official-mitsubishi-models,yes
mitsubishi,三菱電機,MR-WXD47LN,mitsubishi-mrwxd47ln,usability,アプリ運転状況確認,通知・見守り。三菱電機公式『つながるアプリ』対象機種一覧で確認,official-mitsubishi-models,yes
mitsubishi,三菱電機,MR-BD46K,mitsubishi-mrbd46k,basic,定格内容積 455L,本体幅600mm、奥行699mm、高さ1821mm。,official-mitsubishi-models,no
mitsubishi,三菱電機,MR-BD46K,mitsubishi-mrbd46k,energy,年間消費電力量 245kWh/年,2021年省エネ基準達成率107%。,official-mitsubishi-models,no
mitsubishi,三菱電機,MR-BD46K,mitsubishi-mrbd46k,freezing,切れちゃう瞬冷凍A.I.,急速冷凍。メーカー公式カタログ・公式仕様表で搭載を確認,official-mitsubishi-models,yes
mitsubishi,三菱電機,MR-BD46K,mitsubishi-mrbd46k,freezing,できちゃうV冷凍+,作り置き・冷凍食品向け。メーカー公式カタログ・公式仕様表で搭載を確認,official-mitsubishi-models,yes
mitsubishi,三菱電機,MR-BD46K,mitsubishi-mrbd46k,freezing,霜ガード,霜つき・乾燥抑制。メーカー公式カタログ・公式仕様表で搭載を確認,official-mitsubishi-models,yes
mitsubishi,三菱電機,MR-BD46K,mitsubishi-mrbd46k,freshness,氷点下ストッカーD A.I.,高鮮度保存機能。三菱電機公式の型番別製品仕様で確認,official-mitsubishi-models,yes
mitsubishi,三菱電機,MR-BD46K,mitsubishi-mrbd46k,vegetables,朝どれ野菜室,野菜鮮度保持。メーカー公式カタログ・公式仕様表で搭載を確認,official-mitsubishi-models,yes
mitsubishi,三菱電機,MR-BD46K,mitsubishi-mrbd46k,vegetables,うるおい冷却／3色LED,湿度・乾燥対策。メーカー公式カタログ・公式仕様表で搭載を確認,official-mitsubishi-models,yes
mitsubishi,三菱電機,MR-BD46K,mitsubishi-mrbd46k,usability,ダイレクト給水式自動製氷,自動製氷。メーカー公式カタログ・公式仕様表で搭載を確認,official-mitsubishi-models,yes
mitsubishi,三菱電機,MR-BD46K,mitsubishi-mrbd46k,usability,まるごとクリーン清氷,給水経路のお手入れ。メーカー公式カタログ・公式仕様表で搭載を確認,official-mitsubishi-models,yes
mitsubishi,三菱電機,MR-BD46K,mitsubishi-mrbd46k,freshness,フレッシュエアフィルター,脱臭。メーカー公式カタログ・公式仕様表で搭載を確認,official-mitsubishi-models,yes
mitsubishi,三菱電機,MR-BD46K,mitsubishi-mrbd46k,freshness,まるごとクリーン清氷・給水タンク,製氷系のお手入れ。三菱電機公式カタログの型番別機能一覧で確認,official-mitsubishi-models,yes
mitsubishi,三菱電機,MR-BD46K,mitsubishi-mrbd46k,usability,棚高さ調整,棚の可変性。メーカー公式カタログ・公式仕様表で搭載を確認,official-mitsubishi-models,yes
mitsubishi,三菱電機,MR-BD46K,mitsubishi-mrbd46k,energy,部屋別おまかせエコ／アイストップEco,省エネ運転。メーカー公式カタログ・公式仕様表で搭載を確認,official-mitsubishi-models,yes
mitsubishi,三菱電機,MR-BD46K,mitsubishi-mrbd46k,energy,全室独立おまかせA.I.,AI・生活パターン学習。メーカー公式カタログ・公式仕様表で搭載を確認,official-mitsubishi-models,yes
mitsubishi,三菱電機,MR-BD46K,mitsubishi-mrbd46k,energy,16個のセンサーによる部屋別運転,センサー省エネ。メーカー公式カタログ・公式仕様表で搭載を確認,official-mitsubishi-models,yes
mitsubishi,三菱電機,MR-BD46K,mitsubishi-mrbd46k,usability,無線LAN,Wi-Fi。三菱電機公式『つながるアプリ』対象機種一覧で確認,official-mitsubishi-models,yes
mitsubishi,三菱電機,MR-BD46K,mitsubishi-mrbd46k,usability,三菱冷蔵庫アプリ,スマートフォン・アプリ連携。三菱電機公式『つながるアプリ』対象機種一覧で確認,official-mitsubishi-models,yes
mitsubishi,三菱電機,MR-BD46K,mitsubishi-mrbd46k,usability,アプリ運転状況確認,通知・見守り。三菱電機公式『つながるアプリ』対象機種一覧で確認,official-mitsubishi-models,yes
mitsubishi,三菱電機,MR-BD46M,mitsubishi-mrbd46m,basic,定格内容積 455L,本体幅600mm、奥行699mm、高さ1821mm。,official-mitsubishi-models,no
mitsubishi,三菱電機,MR-BD46M,mitsubishi-mrbd46m,energy,年間消費電力量 250kWh/年,2021年省エネ基準達成率105%。,official-mitsubishi-models,no
mitsubishi,三菱電機,MR-BD46M,mitsubishi-mrbd46m,freezing,切れちゃう瞬冷凍A.I.,急速冷凍。メーカー公式カタログ・公式仕様表で搭載を確認,official-mitsubishi-models,yes
mitsubishi,三菱電機,MR-BD46M,mitsubishi-mrbd46m,freezing,できちゃうV冷凍+,作り置き・冷凍食品向け。メーカー公式カタログ・公式仕様表で搭載を確認,official-mitsubishi-models,yes
mitsubishi,三菱電機,MR-BD46M,mitsubishi-mrbd46m,freezing,霜ガード,霜つき・乾燥抑制。メーカー公式カタログ・公式仕様表で搭載を確認,official-mitsubishi-models,yes
mitsubishi,三菱電機,MR-BD46M,mitsubishi-mrbd46m,freshness,氷点下ストッカーD A.I.,高鮮度保存機能。三菱電機公式の型番別製品仕様で確認,official-mitsubishi-models,yes
mitsubishi,三菱電機,MR-BD46M,mitsubishi-mrbd46m,vegetables,朝どれ野菜室,野菜鮮度保持。メーカー公式カタログ・公式仕様表で搭載を確認,official-mitsubishi-models,yes
mitsubishi,三菱電機,MR-BD46M,mitsubishi-mrbd46m,vegetables,うるおい冷却／3色LED,湿度・乾燥対策。メーカー公式カタログ・公式仕様表で搭載を確認,official-mitsubishi-models,yes
mitsubishi,三菱電機,MR-BD46M,mitsubishi-mrbd46m,usability,ダイレクト給水式自動製氷,自動製氷。メーカー公式カタログ・公式仕様表で搭載を確認,official-mitsubishi-models,yes
mitsubishi,三菱電機,MR-BD46M,mitsubishi-mrbd46m,usability,まるごとクリーン清氷,給水経路のお手入れ。メーカー公式カタログ・公式仕様表で搭載を確認,official-mitsubishi-models,yes
mitsubishi,三菱電機,MR-BD46M,mitsubishi-mrbd46m,freshness,フレッシュエアフィルター,脱臭。メーカー公式カタログ・公式仕様表で搭載を確認,official-mitsubishi-models,yes
mitsubishi,三菱電機,MR-BD46M,mitsubishi-mrbd46m,freshness,まるごとクリーン清氷・給水タンク,製氷系のお手入れ。三菱電機公式カタログの型番別機能一覧で確認,official-mitsubishi-models,yes
mitsubishi,三菱電機,MR-BD46M,mitsubishi-mrbd46m,usability,棚高さ調整,棚の可変性。メーカー公式カタログ・公式仕様表で搭載を確認,official-mitsubishi-models,yes
mitsubishi,三菱電機,MR-BD46M,mitsubishi-mrbd46m,energy,部屋別おまかせエコ／アイストップEco,省エネ運転。メーカー公式カタログ・公式仕様表で搭載を確認,official-mitsubishi-models,yes
mitsubishi,三菱電機,MR-BD46M,mitsubishi-mrbd46m,energy,全室独立おまかせA.I.,AI・生活パターン学習。メーカー公式カタログ・公式仕様表で搭載を確認,official-mitsubishi-models,yes
mitsubishi,三菱電機,MR-BD46M,mitsubishi-mrbd46m,energy,16個のセンサーによる部屋別運転,センサー省エネ。メーカー公式カタログ・公式仕様表で搭載を確認,official-mitsubishi-models,yes
mitsubishi,三菱電機,MR-BD46M,mitsubishi-mrbd46m,usability,無線LAN,Wi-Fi。三菱電機公式『つながるアプリ』対象機種一覧で確認,official-mitsubishi-models,yes
mitsubishi,三菱電機,MR-BD46M,mitsubishi-mrbd46m,usability,三菱冷蔵庫アプリ,スマートフォン・アプリ連携。三菱電機公式『つながるアプリ』対象機種一覧で確認,official-mitsubishi-models,yes
mitsubishi,三菱電機,MR-BD46M,mitsubishi-mrbd46m,usability,アプリ運転状況確認,通知・見守り。三菱電機公式『つながるアプリ』対象機種一覧で確認,official-mitsubishi-models,yes
mitsubishi,三菱電機,MR-BD46N,mitsubishi-mrbd46n,basic,定格内容積 455L,本体幅600mm、奥行699mm、高さ1821mm。,official-mitsubishi-models,no
mitsubishi,三菱電機,MR-BD46N,mitsubishi-mrbd46n,energy,年間消費電力量 250kWh/年,2021年省エネ基準達成率105%。,official-mitsubishi-models,no
mitsubishi,三菱電機,MR-BD46N,mitsubishi-mrbd46n,freezing,切れちゃう瞬冷凍A.I.,急速冷凍。メーカー公式カタログ・公式仕様表で搭載を確認,official-mitsubishi-models,yes
mitsubishi,三菱電機,MR-BD46N,mitsubishi-mrbd46n,freezing,できちゃうV冷凍+,作り置き・冷凍食品向け。メーカー公式カタログ・公式仕様表で搭載を確認,official-mitsubishi-models,yes
mitsubishi,三菱電機,MR-BD46N,mitsubishi-mrbd46n,freezing,霜ガード,霜つき・乾燥抑制。メーカー公式カタログ・公式仕様表で搭載を確認,official-mitsubishi-models,yes
mitsubishi,三菱電機,MR-BD46N,mitsubishi-mrbd46n,freshness,氷点下ストッカーD A.I.,高鮮度保存機能。三菱電機公式の型番別製品仕様で確認,official-mitsubishi-models,yes
mitsubishi,三菱電機,MR-BD46N,mitsubishi-mrbd46n,vegetables,朝どれ野菜室,野菜鮮度保持。メーカー公式カタログ・公式仕様表で搭載を確認,official-mitsubishi-models,yes
mitsubishi,三菱電機,MR-BD46N,mitsubishi-mrbd46n,vegetables,うるおい冷却／3色LED,湿度・乾燥対策。メーカー公式カタログ・公式仕様表で搭載を確認,official-mitsubishi-models,yes
mitsubishi,三菱電機,MR-BD46N,mitsubishi-mrbd46n,usability,ダイレクト給水式自動製氷,自動製氷。メーカー公式カタログ・公式仕様表で搭載を確認,official-mitsubishi-models,yes
mitsubishi,三菱電機,MR-BD46N,mitsubishi-mrbd46n,usability,まるごとクリーン清氷,給水経路のお手入れ。メーカー公式カタログ・公式仕様表で搭載を確認,official-mitsubishi-models,yes
mitsubishi,三菱電機,MR-BD46N,mitsubishi-mrbd46n,freshness,フレッシュエアフィルター,脱臭。メーカー公式カタログ・公式仕様表で搭載を確認,official-mitsubishi-models,yes
mitsubishi,三菱電機,MR-BD46N,mitsubishi-mrbd46n,freshness,まるごとクリーン清氷・給水タンク,製氷系のお手入れ。三菱電機公式カタログの型番別機能一覧で確認,official-mitsubishi-models,yes
mitsubishi,三菱電機,MR-BD46N,mitsubishi-mrbd46n,usability,棚高さ調整,棚の可変性。メーカー公式カタログ・公式仕様表で搭載を確認,official-mitsubishi-models,yes
mitsubishi,三菱電機,MR-BD46N,mitsubishi-mrbd46n,energy,部屋別おまかせエコ／アイストップEco,省エネ運転。メーカー公式カタログ・公式仕様表で搭載を確認,official-mitsubishi-models,yes
mitsubishi,三菱電機,MR-BD46N,mitsubishi-mrbd46n,energy,全室独立おまかせA.I.,AI・生活パターン学習。メーカー公式カタログ・公式仕様表で搭載を確認,official-mitsubishi-models,yes
mitsubishi,三菱電機,MR-BD46N,mitsubishi-mrbd46n,energy,16個のセンサーによる部屋別運転,センサー省エネ。メーカー公式カタログ・公式仕様表で搭載を確認,official-mitsubishi-models,yes
mitsubishi,三菱電機,MR-BD46N,mitsubishi-mrbd46n,usability,無線LAN,Wi-Fi。三菱電機公式『つながるアプリ』対象機種一覧で確認,official-mitsubishi-models,yes
mitsubishi,三菱電機,MR-BD46N,mitsubishi-mrbd46n,usability,三菱冷蔵庫アプリ,スマートフォン・アプリ連携。三菱電機公式『つながるアプリ』対象機種一覧で確認,official-mitsubishi-models,yes
mitsubishi,三菱電機,MR-BD46N,mitsubishi-mrbd46n,usability,アプリ運転状況確認,通知・見守り。三菱電機公式『つながるアプリ』対象機種一覧で確認,official-mitsubishi-models,yes
mitsubishi,三菱電機,MR-MB45G,mitsubishi-mrmb45g,basic,定格内容積 451L,本体幅600mm、奥行699mm、高さ1826mm。,official-mitsubishi-models,no
mitsubishi,三菱電機,MR-MB45G,mitsubishi-mrmb45g,energy,年間消費電力量 255kWh/年,メーカー公式仕様値。,official-mitsubishi-models,no
mitsubishi,三菱電機,MR-MB45G,mitsubishi-mrmb45g,freezing,切れちゃう瞬冷凍A.I.,急速冷凍。メーカー公式カタログ・公式仕様表で搭載を確認,official-mitsubishi-models,yes
mitsubishi,三菱電機,MR-MB45G,mitsubishi-mrmb45g,freezing,できちゃうV冷凍+,作り置き・冷凍食品向け。メーカー公式カタログ・公式仕様表で搭載を確認,official-mitsubishi-models,yes
mitsubishi,三菱電機,MR-MB45G,mitsubishi-mrmb45g,freezing,霜ガード,霜つき・乾燥抑制。メーカー公式カタログ・公式仕様表で搭載を確認,official-mitsubishi-models,yes
mitsubishi,三菱電機,MR-MB45G,mitsubishi-mrmb45g,freshness,氷点下ストッカーD A.I.,高鮮度保存機能。メーカー公式カタログ・公式仕様表で搭載を確認,official-mitsubishi-models,yes
mitsubishi,三菱電機,MR-MB45G,mitsubishi-mrmb45g,vegetables,朝どれ野菜室,野菜鮮度保持。メーカー公式カタログ・公式仕様表で搭載を確認,official-mitsubishi-models,yes
mitsubishi,三菱電機,MR-MB45G,mitsubishi-mrmb45g,vegetables,うるおい冷却／3色LED,湿度・乾燥対策。メーカー公式カタログ・公式仕様表で搭載を確認,official-mitsubishi-models,yes
mitsubishi,三菱電機,MR-MB45G,mitsubishi-mrmb45g,usability,ダイレクト給水式自動製氷,自動製氷。メーカー公式カタログ・公式仕様表で搭載を確認,official-mitsubishi-models,yes
mitsubishi,三菱電機,MR-MB45G,mitsubishi-mrmb45g,usability,まるごとクリーン清氷,給水経路のお手入れ。メーカー公式カタログ・公式仕様表で搭載を確認,official-mitsubishi-models,yes
mitsubishi,三菱電機,MR-MB45G,mitsubishi-mrmb45g,freshness,フレッシュエアフィルター,脱臭。メーカー公式カタログ・公式仕様表で搭載を確認,official-mitsubishi-models,yes
mitsubishi,三菱電機,MR-MB45G,mitsubishi-mrmb45g,freshness,まるごとクリーン清氷・洗える給水タンク,製氷系のお手入れ。メーカー公式カタログ・公式仕様表で搭載を確認,official-mitsubishi-models,yes
mitsubishi,三菱電機,MR-MB45G,mitsubishi-mrmb45g,usability,棚高さ調整,棚の可変性。メーカー公式カタログ・公式仕様表で搭載を確認,official-mitsubishi-models,yes
mitsubishi,三菱電機,MR-MB45G,mitsubishi-mrmb45g,energy,部屋別おまかせエコ／アイストップEco,省エネ運転。メーカー公式カタログ・公式仕様表で搭載を確認,official-mitsubishi-models,yes
mitsubishi,三菱電機,MR-MB45G,mitsubishi-mrmb45g,energy,全室独立おまかせA.I.,AI・生活パターン学習。メーカー公式カタログ・公式仕様表で搭載を確認,official-mitsubishi-models,yes
mitsubishi,三菱電機,MR-MB45G,mitsubishi-mrmb45g,energy,16個のセンサーによる部屋別運転,センサー省エネ。メーカー公式カタログ・公式仕様表で搭載を確認,official-mitsubishi-models,yes
mitsubishi,三菱電機,MR-MD45K,mitsubishi-mrmd45k,basic,定格内容積 451L,本体幅600mm、奥行699mm、高さ1826mm。,official-mitsubishi-models,no
mitsubishi,三菱電機,MR-MD45K,mitsubishi-mrmd45k,energy,年間消費電力量 275kWh/年,2021年省エネ基準達成率108%。,official-mitsubishi-models,no
mitsubishi,三菱電機,MR-MD45K,mitsubishi-mrmd45k,freezing,切れちゃう瞬冷凍A.I.,急速冷凍。メーカー公式カタログ・公式仕様表で搭載を確認,official-mitsubishi-models,yes
mitsubishi,三菱電機,MR-MD45K,mitsubishi-mrmd45k,freezing,できちゃうV冷凍+,作り置き・冷凍食品向け。メーカー公式カタログ・公式仕様表で搭載を確認,official-mitsubishi-models,yes
mitsubishi,三菱電機,MR-MD45K,mitsubishi-mrmd45k,freezing,霜ガード,霜つき・乾燥抑制。メーカー公式カタログ・公式仕様表で搭載を確認,official-mitsubishi-models,yes
mitsubishi,三菱電機,MR-MD45K,mitsubishi-mrmd45k,freshness,氷点下ストッカーD A.I.,高鮮度保存機能。メーカー公式カタログ・公式仕様表で搭載を確認,official-mitsubishi-models,yes
mitsubishi,三菱電機,MR-MD45K,mitsubishi-mrmd45k,vegetables,朝どれ野菜室,野菜鮮度保持。メーカー公式カタログ・公式仕様表で搭載を確認,official-mitsubishi-models,yes
mitsubishi,三菱電機,MR-MD45K,mitsubishi-mrmd45k,vegetables,うるおい冷却／3色LED,湿度・乾燥対策。メーカー公式カタログ・公式仕様表で搭載を確認,official-mitsubishi-models,yes
mitsubishi,三菱電機,MR-MD45K,mitsubishi-mrmd45k,usability,ダイレクト給水式自動製氷,自動製氷。メーカー公式カタログ・公式仕様表で搭載を確認,official-mitsubishi-models,yes
mitsubishi,三菱電機,MR-MD45K,mitsubishi-mrmd45k,usability,まるごとクリーン清氷,給水経路のお手入れ。メーカー公式カタログ・公式仕様表で搭載を確認,official-mitsubishi-models,yes
mitsubishi,三菱電機,MR-MD45K,mitsubishi-mrmd45k,freshness,フレッシュエアフィルター,脱臭。メーカー公式カタログ・公式仕様表で搭載を確認,official-mitsubishi-models,yes
mitsubishi,三菱電機,MR-MD45K,mitsubishi-mrmd45k,freshness,まるごとクリーン清氷・給水タンク,製氷系のお手入れ。三菱電機公式カタログの型番別機能一覧で確認,official-mitsubishi-models,yes
mitsubishi,三菱電機,MR-MD45K,mitsubishi-mrmd45k,usability,棚高さ調整,棚の可変性。メーカー公式カタログ・公式仕様表で搭載を確認,official-mitsubishi-models,yes
mitsubishi,三菱電機,MR-MD45K,mitsubishi-mrmd45k,energy,部屋別おまかせエコ／アイストップEco,省エネ運転。メーカー公式カタログ・公式仕様表で搭載を確認,official-mitsubishi-models,yes
mitsubishi,三菱電機,MR-MD45K,mitsubishi-mrmd45k,energy,全室独立おまかせA.I.,AI・生活パターン学習。メーカー公式カタログ・公式仕様表で搭載を確認,official-mitsubishi-models,yes
mitsubishi,三菱電機,MR-MD45K,mitsubishi-mrmd45k,energy,16個のセンサーによる部屋別運転,センサー省エネ。メーカー公式カタログ・公式仕様表で搭載を確認,official-mitsubishi-models,yes
mitsubishi,三菱電機,MR-MD45K,mitsubishi-mrmd45k,usability,無線LAN,Wi-Fi。三菱電機公式『つながるアプリ』対象機種一覧で確認,official-mitsubishi-models,yes
mitsubishi,三菱電機,MR-MD45K,mitsubishi-mrmd45k,usability,三菱冷蔵庫アプリ,スマートフォン・アプリ連携。三菱電機公式『つながるアプリ』対象機種一覧で確認,official-mitsubishi-models,yes
mitsubishi,三菱電機,MR-MD45K,mitsubishi-mrmd45k,usability,アプリ運転状況確認,通知・見守り。三菱電機公式『つながるアプリ』対象機種一覧で確認,official-mitsubishi-models,yes
mitsubishi,三菱電機,MR-MD45M,mitsubishi-mrmd45m,basic,定格内容積 451L,本体幅600mm、奥行699mm、高さ1826mm。,official-mitsubishi-models,no
mitsubishi,三菱電機,MR-MD45M,mitsubishi-mrmd45m,energy,年間消費電力量 251kWh/年,2021年省エネ基準達成率103%。,official-mitsubishi-models,no
mitsubishi,三菱電機,MR-MD45M,mitsubishi-mrmd45m,freezing,切れちゃう瞬冷凍A.I.,急速冷凍。メーカー公式カタログ・公式仕様表で搭載を確認,official-mitsubishi-models,yes
mitsubishi,三菱電機,MR-MD45M,mitsubishi-mrmd45m,freezing,できちゃうV冷凍+,作り置き・冷凍食品向け。メーカー公式カタログ・公式仕様表で搭載を確認,official-mitsubishi-models,yes
mitsubishi,三菱電機,MR-MD45M,mitsubishi-mrmd45m,freezing,霜ガード,霜つき・乾燥抑制。メーカー公式カタログ・公式仕様表で搭載を確認,official-mitsubishi-models,yes
mitsubishi,三菱電機,MR-MD45M,mitsubishi-mrmd45m,freshness,氷点下ストッカーD A.I.,高鮮度保存機能。メーカー公式カタログ・公式仕様表で搭載を確認,official-mitsubishi-models,yes
mitsubishi,三菱電機,MR-MD45M,mitsubishi-mrmd45m,vegetables,朝どれ野菜室,野菜鮮度保持。メーカー公式カタログ・公式仕様表で搭載を確認,official-mitsubishi-models,yes
mitsubishi,三菱電機,MR-MD45M,mitsubishi-mrmd45m,vegetables,うるおい冷却／3色LED,湿度・乾燥対策。メーカー公式カタログ・公式仕様表で搭載を確認,official-mitsubishi-models,yes
mitsubishi,三菱電機,MR-MD45M,mitsubishi-mrmd45m,usability,ダイレクト給水式自動製氷,自動製氷。メーカー公式カタログ・公式仕様表で搭載を確認,official-mitsubishi-models,yes
mitsubishi,三菱電機,MR-MD45M,mitsubishi-mrmd45m,usability,まるごとクリーン清氷,給水経路のお手入れ。メーカー公式カタログ・公式仕様表で搭載を確認,official-mitsubishi-models,yes
mitsubishi,三菱電機,MR-MD45M,mitsubishi-mrmd45m,freshness,フレッシュエアフィルター,脱臭。メーカー公式カタログ・公式仕様表で搭載を確認,official-mitsubishi-models,yes
mitsubishi,三菱電機,MR-MD45M,mitsubishi-mrmd45m,freshness,まるごとクリーン清氷・給水タンク,製氷系のお手入れ。三菱電機公式カタログの型番別機能一覧で確認,official-mitsubishi-models,yes
mitsubishi,三菱電機,MR-MD45M,mitsubishi-mrmd45m,usability,棚高さ調整,棚の可変性。メーカー公式カタログ・公式仕様表で搭載を確認,official-mitsubishi-models,yes
mitsubishi,三菱電機,MR-MD45M,mitsubishi-mrmd45m,energy,部屋別おまかせエコ／アイストップEco,省エネ運転。メーカー公式カタログ・公式仕様表で搭載を確認,official-mitsubishi-models,yes
mitsubishi,三菱電機,MR-MD45M,mitsubishi-mrmd45m,energy,全室独立おまかせA.I.,AI・生活パターン学習。メーカー公式カタログ・公式仕様表で搭載を確認,official-mitsubishi-models,yes
mitsubishi,三菱電機,MR-MD45M,mitsubishi-mrmd45m,energy,16個のセンサーによる部屋別運転,センサー省エネ。メーカー公式カタログ・公式仕様表で搭載を確認,official-mitsubishi-models,yes
mitsubishi,三菱電機,MR-MD45M,mitsubishi-mrmd45m,usability,無線LAN,Wi-Fi。三菱電機公式『つながるアプリ』対象機種一覧で確認,official-mitsubishi-models,yes
mitsubishi,三菱電機,MR-MD45M,mitsubishi-mrmd45m,usability,三菱冷蔵庫アプリ,スマートフォン・アプリ連携。三菱電機公式『つながるアプリ』対象機種一覧で確認,official-mitsubishi-models,yes
mitsubishi,三菱電機,MR-MD45M,mitsubishi-mrmd45m,usability,アプリ運転状況確認,通知・見守り。三菱電機公式『つながるアプリ』対象機種一覧で確認,official-mitsubishi-models,yes
mitsubishi,三菱電機,MR-MD45N,mitsubishi-mrmd45n,basic,定格内容積 451L,本体幅600mm、奥行699mm、高さ1826mm。,official-mitsubishi-models,no
mitsubishi,三菱電機,MR-MD45N,mitsubishi-mrmd45n,energy,年間消費電力量 251kWh/年,2021年省エネ基準達成率103%。,official-mitsubishi-models,no
mitsubishi,三菱電機,MR-MD45N,mitsubishi-mrmd45n,freezing,切れちゃう瞬冷凍A.I.,急速冷凍。メーカー公式カタログ・公式仕様表で搭載を確認,official-mitsubishi-models,yes
mitsubishi,三菱電機,MR-MD45N,mitsubishi-mrmd45n,freezing,できちゃうV冷凍+,作り置き・冷凍食品向け。メーカー公式カタログ・公式仕様表で搭載を確認,official-mitsubishi-models,yes
mitsubishi,三菱電機,MR-MD45N,mitsubishi-mrmd45n,freezing,霜ガード,霜つき・乾燥抑制。メーカー公式カタログ・公式仕様表で搭載を確認,official-mitsubishi-models,yes
mitsubishi,三菱電機,MR-MD45N,mitsubishi-mrmd45n,freshness,氷点下ストッカーD A.I.,高鮮度保存機能。メーカー公式カタログ・公式仕様表で搭載を確認,official-mitsubishi-models,yes
mitsubishi,三菱電機,MR-MD45N,mitsubishi-mrmd45n,vegetables,朝どれ野菜室,野菜鮮度保持。メーカー公式カタログ・公式仕様表で搭載を確認,official-mitsubishi-models,yes
mitsubishi,三菱電機,MR-MD45N,mitsubishi-mrmd45n,vegetables,うるおい冷却／3色LED,湿度・乾燥対策。メーカー公式カタログ・公式仕様表で搭載を確認,official-mitsubishi-models,yes
mitsubishi,三菱電機,MR-MD45N,mitsubishi-mrmd45n,usability,ダイレクト給水式自動製氷,自動製氷。メーカー公式カタログ・公式仕様表で搭載を確認,official-mitsubishi-models,yes
mitsubishi,三菱電機,MR-MD45N,mitsubishi-mrmd45n,usability,まるごとクリーン清氷,給水経路のお手入れ。メーカー公式カタログ・公式仕様表で搭載を確認,official-mitsubishi-models,yes
mitsubishi,三菱電機,MR-MD45N,mitsubishi-mrmd45n,freshness,フレッシュエアフィルター,脱臭。メーカー公式カタログ・公式仕様表で搭載を確認,official-mitsubishi-models,yes
mitsubishi,三菱電機,MR-MD45N,mitsubishi-mrmd45n,freshness,まるごとクリーン清氷・給水タンク,製氷系のお手入れ。三菱電機公式カタログの型番別機能一覧で確認,official-mitsubishi-models,yes
mitsubishi,三菱電機,MR-MD45N,mitsubishi-mrmd45n,usability,棚高さ調整,棚の可変性。メーカー公式カタログ・公式仕様表で搭載を確認,official-mitsubishi-models,yes
mitsubishi,三菱電機,MR-MD45N,mitsubishi-mrmd45n,energy,部屋別おまかせエコ／アイストップEco,省エネ運転。メーカー公式カタログ・公式仕様表で搭載を確認,official-mitsubishi-models,yes
mitsubishi,三菱電機,MR-MD45N,mitsubishi-mrmd45n,energy,全室独立おまかせA.I.,AI・生活パターン学習。メーカー公式カタログ・公式仕様表で搭載を確認,official-mitsubishi-models,yes
mitsubishi,三菱電機,MR-MD45N,mitsubishi-mrmd45n,energy,16個のセンサーによる部屋別運転,センサー省エネ。メーカー公式カタログ・公式仕様表で搭載を確認,official-mitsubishi-models,yes
mitsubishi,三菱電機,MR-MD45N,mitsubishi-mrmd45n,usability,無線LAN,Wi-Fi。三菱電機公式『つながるアプリ』対象機種一覧で確認,official-mitsubishi-models,yes
mitsubishi,三菱電機,MR-MD45N,mitsubishi-mrmd45n,usability,三菱冷蔵庫アプリ,スマートフォン・アプリ連携。三菱電機公式『つながるアプリ』対象機種一覧で確認,official-mitsubishi-models,yes
mitsubishi,三菱電機,MR-MD45N,mitsubishi-mrmd45n,usability,アプリ運転状況確認,通知・見守り。三菱電機公式『つながるアプリ』対象機種一覧で確認,official-mitsubishi-models,yes
mitsubishi,三菱電機,MR-N40M,mitsubishi-mrn40m,basic,定格内容積 403L,本体幅600mm、奥行699mm、高さ1820mm。,official-mitsubishi-models,no
mitsubishi,三菱電機,MR-N40M,mitsubishi-mrn40m,energy,年間消費電力量 325kWh/年,2021年省エネ基準達成率75%。,official-mitsubishi-models,no
mitsubishi,三菱電機,MR-N40M,mitsubishi-mrn40m,freezing,急速冷凍,急速冷凍。メーカー公式カタログ・公式仕様表で搭載を確認,official-mitsubishi-models,yes
mitsubishi,三菱電機,MR-N40M,mitsubishi-mrn40m,freshness,氷点下ストッカーD／ワイドチルド,高鮮度保存機能。メーカー公式カタログ・公式仕様表で搭載を確認,official-mitsubishi-models,yes
mitsubishi,三菱電機,MR-N40M,mitsubishi-mrn40m,vegetables,野菜室,野菜鮮度保持。メーカー公式カタログ・公式仕様表で搭載を確認,official-mitsubishi-models,yes
mitsubishi,三菱電機,MR-N40M,mitsubishi-mrn40m,usability,ダイレクト給水式自動製氷,自動製氷。メーカー公式カタログ・公式仕様表で搭載を確認,official-mitsubishi-models,yes
mitsubishi,三菱電機,MR-N40M,mitsubishi-mrn40m,freshness,フレッシュエアフィルター,脱臭。メーカー公式カタログ・公式仕様表で搭載を確認,official-mitsubishi-models,yes
mitsubishi,三菱電機,MR-N40M,mitsubishi-mrn40m,usability,棚高さ調整,棚の可変性。メーカー公式カタログ・公式仕様表で搭載を確認,official-mitsubishi-models,yes
mitsubishi,三菱電機,MR-CX37J,mitsubishi-mrcx37j,basic,定格内容積 365L,本体幅600mm、奥行656mm、高さ1820mm。,official-mitsubishi-models,no
mitsubishi,三菱電機,MR-CX37J,mitsubishi-mrcx37j,energy,年間消費電力量 335kWh/年,2021年省エネ基準達成率104%。,official-mitsubishi-models,no
mitsubishi,三菱電機,MR-CX37J,mitsubishi-mrcx37j,freezing,急速冷凍,急速冷凍。メーカー公式カタログ・公式仕様表で搭載を確認,official-mitsubishi-models,yes
mitsubishi,三菱電機,MR-CX37J,mitsubishi-mrcx37j,freshness,氷点下ストッカーD／ワイドチルド,高鮮度保存機能。メーカー公式カタログ・公式仕様表で搭載を確認,official-mitsubishi-models,yes
mitsubishi,三菱電機,MR-CX37J,mitsubishi-mrcx37j,vegetables,野菜室,野菜鮮度保持。メーカー公式カタログ・公式仕様表で搭載を確認,official-mitsubishi-models,yes
mitsubishi,三菱電機,MR-CX37J,mitsubishi-mrcx37j,usability,ダイレクト給水式自動製氷,自動製氷。メーカー公式カタログ・公式仕様表で搭載を確認,official-mitsubishi-models,yes
mitsubishi,三菱電機,MR-CX37J,mitsubishi-mrcx37j,freshness,フレッシュエアフィルター,脱臭。メーカー公式カタログ・公式仕様表で搭載を確認,official-mitsubishi-models,yes
mitsubishi,三菱電機,MR-CX37J,mitsubishi-mrcx37j,usability,棚高さ調整,棚の可変性。メーカー公式カタログ・公式仕様表で搭載を確認,official-mitsubishi-models,yes
mitsubishi,三菱電機,MR-CX37M,mitsubishi-mrcx37m,basic,定格内容積 365L,本体幅600mm、奥行656mm、高さ1820mm。,official-mitsubishi-models,no
mitsubishi,三菱電機,MR-CX37M,mitsubishi-mrcx37m,energy,年間消費電力量 335kWh/年,2021年省エネ基準達成率104%。,official-mitsubishi-models,no
mitsubishi,三菱電機,MR-CX37M,mitsubishi-mrcx37m,freezing,急速冷凍,急速冷凍。メーカー公式カタログ・公式仕様表で搭載を確認,official-mitsubishi-models,yes
mitsubishi,三菱電機,MR-CX37M,mitsubishi-mrcx37m,freshness,氷点下ストッカーD／ワイドチルド,高鮮度保存機能。メーカー公式カタログ・公式仕様表で搭載を確認,official-mitsubishi-models,yes
mitsubishi,三菱電機,MR-CX37M,mitsubishi-mrcx37m,vegetables,野菜室,野菜鮮度保持。メーカー公式カタログ・公式仕様表で搭載を確認,official-mitsubishi-models,yes
mitsubishi,三菱電機,MR-CX37M,mitsubishi-mrcx37m,usability,ダイレクト給水式自動製氷,自動製氷。メーカー公式カタログ・公式仕様表で搭載を確認,official-mitsubishi-models,yes
mitsubishi,三菱電機,MR-CX37M,mitsubishi-mrcx37m,freshness,フレッシュエアフィルター,脱臭。メーカー公式カタログ・公式仕様表で搭載を確認,official-mitsubishi-models,yes
mitsubishi,三菱電機,MR-CX37M,mitsubishi-mrcx37m,usability,棚高さ調整,棚の可変性。メーカー公式カタログ・公式仕様表で搭載を確認,official-mitsubishi-models,yes
toshiba,東芝,GR-A640XFS,toshiba-gr-a640xfs,basic,定格内容積 643L,外形寸法685×745×1855mm、6ドア。,toshiba-a640xfs,no
toshiba,東芝,GR-A640XFS,toshiba-gr-a640xfs,vegetables,もっと潤う摘みたて野菜室,野菜のうるおいを保って保存する真ん中野菜室。,toshiba-a640xfs,no
toshiba,東芝,GR-A640XFS,toshiba-gr-a640xfs,freshness,Deliチルド／氷結晶チルド,保存する食品に合わせて使い分けるチルド機能。,toshiba-a640xfs,no
toshiba,東芝,GR-A640XFS,toshiba-gr-a640xfs,freezing,3段冷凍室,食材を見やすく整理する大容量冷凍室。,toshiba-a640xfs,no
toshiba,東芝,GR-A640XFS,toshiba-gr-a640xfs,usability,IoLIFE対応,アプリで運転状況や食材管理をサポート。,toshiba-a640xfs,no
toshiba,東芝,GR-A640XFS,toshiba-gr-a640xfs,energy,年間消費電力量 296kWh/年,JIS C 9801-3:2015による表示。,toshiba-a640xfs,no
toshiba,東芝,GR-A640XFS,toshiba-gr-a640xfs,freezing,おいしさ密封急冷凍,急速冷凍。メーカー公式カタログ・公式仕様表で搭載を確認,toshiba-a640xfs,yes
toshiba,東芝,GR-A640XFS,toshiba-gr-a640xfs,freezing,おいしさ持続上質冷凍,高品質冷凍。メーカー公式カタログ・公式仕様表で搭載を確認,toshiba-a640xfs,yes
toshiba,東芝,GR-A640XFS,toshiba-gr-a640xfs,freezing,パラパラ冷凍,作り置き・冷凍食品向け。メーカー公式カタログ・公式仕様表で搭載を確認,toshiba-a640xfs,yes
toshiba,東芝,GR-A640XFS,toshiba-gr-a640xfs,freezing,上質冷凍,霜つき・乾燥抑制。メーカー公式カタログ・公式仕様表で搭載を確認,toshiba-a640xfs,yes
toshiba,東芝,GR-A640XFS,toshiba-gr-a640xfs,freshness,解凍モード,解凍不要調理。メーカー公式カタログ・公式仕様表で搭載を確認,toshiba-a640xfs,yes
toshiba,東芝,GR-A640XFS,toshiba-gr-a640xfs,vegetables,ミストチャージユニット,湿度・乾燥対策。メーカー公式カタログ・公式仕様表で搭載を確認,toshiba-a640xfs,yes
toshiba,東芝,GR-A640XFS,toshiba-gr-a640xfs,vegetables,エチレン分解,エチレンガス対策。メーカー公式一次資料（3–10、15、24）で搭載を確認。,toshiba-a640xfs,yes
toshiba,東芝,GR-A640XFS,toshiba-gr-a640xfs,usability,自動製氷,自動製氷。メーカー公式カタログ・公式仕様表で搭載を確認,toshiba-a640xfs,yes
toshiba,東芝,GR-A640XFS,toshiba-gr-a640xfs,usability,抗菌製氷皿,製氷皿取り外し。メーカー公式一次資料（3–10、15、24）で搭載を確認。,toshiba-a640xfs,yes
toshiba,東芝,GR-A640XFS,toshiba-gr-a640xfs,usability,給水経路洗浄,給水経路のお手入れ。メーカー公式一次資料（3–10、15、24）で搭載を確認。,toshiba-a640xfs,yes
toshiba,東芝,GR-A640XFS,toshiba-gr-a640xfs,freshness,Ag+マルチバイオ脱臭,脱臭。メーカー公式カタログ・公式仕様表で搭載を確認,toshiba-a640xfs,yes
toshiba,東芝,GR-A640XFS,toshiba-gr-a640xfs,freshness,きれいループ,除菌。メーカー公式カタログ・公式仕様表で搭載を確認,toshiba-a640xfs,yes
toshiba,東芝,GR-A640XFS,toshiba-gr-a640xfs,usability,フリードアポケット,棚の可変性。メーカー公式カタログ・公式仕様表で搭載を確認,toshiba-a640xfs,yes
toshiba,東芝,GR-A640XFS,toshiba-gr-a640xfs,usability,タッチオープン,開閉サポート。メーカー公式カタログ・公式仕様表で搭載を確認,toshiba-a640xfs,yes
toshiba,東芝,GR-A640XFS,toshiba-gr-a640xfs,energy,かってにエコ／とってもエコ,省エネ運転。メーカー公式カタログ・公式仕様表で搭載を確認,toshiba-a640xfs,yes
toshiba,東芝,GR-A640XFS,toshiba-gr-a640xfs,energy,自動節電センサー,センサー省エネ。メーカー公式カタログ・公式仕様表で搭載を確認,toshiba-a640xfs,yes
toshiba,東芝,GR-A640XFS,toshiba-gr-a640xfs,usability,無線LAN,Wi-Fi。メーカー公式カタログ・公式仕様表で搭載を確認,toshiba-a640xfs,yes
toshiba,東芝,GR-A640XFS,toshiba-gr-a640xfs,usability,IoLIFE,スマートフォン・アプリ連携。メーカー公式カタログ・公式仕様表で搭載を確認,toshiba-a640xfs,yes
toshiba,東芝,GR-A640XFS,toshiba-gr-a640xfs,usability,食材管理,食材管理。メーカー公式一次資料（3–10、15、24）で搭載を確認。,toshiba-a640xfs,yes
toshiba,東芝,GR-A640XFS,toshiba-gr-a640xfs,usability,IoLIFE通知・遠隔確認,通知・見守り。メーカー公式カタログ・公式仕様表で搭載を確認,toshiba-a640xfs,yes
toshiba,東芝,GR-Y640XFS,toshiba-gr-y640xfs,basic,定格内容積 643L,冷蔵室332L、野菜室129L、冷凍室160L、製氷室22L。,toshiba-y640xfs,no
toshiba,東芝,GR-Y640XFS,toshiba-gr-y640xfs,basic,外形寸法 685×745×1855mm,据付必要奥行寸法748mm、質量135kg。,toshiba-y640xfs,no
toshiba,東芝,GR-Y640XFS,toshiba-gr-y640xfs,freshness,3WAYチルド,食品に合わせてチルドのモードを選べる。,toshiba-y640xfs,no
toshiba,東芝,GR-Y640XFS,toshiba-gr-y640xfs,vegetables,もっと潤う摘みたて野菜室,うるおいを重視した真ん中野菜室。,toshiba-y640xfs,no
toshiba,東芝,GR-Y640XFS,toshiba-gr-y640xfs,energy,年間消費電力量 296kWh/年,JIS C 9801-3:2015による表示。,toshiba-y640xfs,no
toshiba,東芝,GR-Y640XFS,toshiba-gr-y640xfs,freezing,おいしさ密封急冷凍,急速冷凍。メーカー公式カタログ・公式仕様表で搭載を確認,toshiba-y640xfs,yes
toshiba,東芝,GR-Y640XFS,toshiba-gr-y640xfs,freezing,おいしさ持続上質冷凍,高品質冷凍。メーカー公式カタログ・公式仕様表で搭載を確認,toshiba-y640xfs,yes
toshiba,東芝,GR-Y640XFS,toshiba-gr-y640xfs,freezing,上質冷凍,霜つき・乾燥抑制。メーカー公式カタログ・公式仕様表で搭載を確認,toshiba-y640xfs,yes
toshiba,東芝,GR-Y640XFS,toshiba-gr-y640xfs,freshness,氷結晶チルド・解凍モード,解凍不要調理。メーカー公式カタログ・公式仕様表で搭載を確認,toshiba-y640xfs,yes
toshiba,東芝,GR-Y640XFS,toshiba-gr-y640xfs,vegetables,ミストチャージユニット,湿度・乾燥対策。メーカー公式カタログ・公式仕様表で搭載を確認,toshiba-y640xfs,yes
toshiba,東芝,GR-Y640XFS,toshiba-gr-y640xfs,usability,自動製氷,自動製氷。メーカー公式カタログ・公式仕様表で搭載を確認,toshiba-y640xfs,yes
toshiba,東芝,GR-Y640XFS,toshiba-gr-y640xfs,freshness,Ag+マルチバイオ脱臭,脱臭。メーカー公式カタログ・公式仕様表で搭載を確認,toshiba-y640xfs,yes
toshiba,東芝,GR-Y640XFS,toshiba-gr-y640xfs,freshness,W-UV除菌,除菌。メーカー公式カタログ・公式仕様表で搭載を確認,toshiba-y640xfs,yes
toshiba,東芝,GR-Y640XFS,toshiba-gr-y640xfs,freshness,Ag+マルチバイオ,抗菌加工。メーカー公式カタログ・公式仕様表で搭載を確認,toshiba-y640xfs,yes
toshiba,東芝,GR-Y640XFS,toshiba-gr-y640xfs,usability,フリードアポケット,棚の可変性。メーカー公式カタログ・公式仕様表で搭載を確認,toshiba-y640xfs,yes
toshiba,東芝,GR-Y640XFS,toshiba-gr-y640xfs,usability,タッチオープン,開閉サポート。メーカー公式カタログ・公式仕様表で搭載を確認,toshiba-y640xfs,yes
toshiba,東芝,GR-Y640XFS,toshiba-gr-y640xfs,energy,かってにエコ,省エネ運転。メーカー公式カタログ・公式仕様表で搭載を確認,toshiba-y640xfs,yes
toshiba,東芝,GR-Y640XFS,toshiba-gr-y640xfs,energy,自動節電センサー,センサー省エネ。メーカー公式カタログ・公式仕様表で搭載を確認,toshiba-y640xfs,yes
toshiba,東芝,GR-Y640XFS,toshiba-gr-y640xfs,usability,無線LAN,Wi-Fi。メーカー公式カタログ・公式仕様表で搭載を確認,toshiba-y640xfs,yes
toshiba,東芝,GR-Y640XFS,toshiba-gr-y640xfs,usability,IoLIFE,スマートフォン・アプリ連携。メーカー公式カタログ・公式仕様表で搭載を確認,toshiba-y640xfs,yes
toshiba,東芝,GR-Y640XFS,toshiba-gr-y640xfs,usability,IoLIFE通知・遠隔確認,通知・見守り。メーカー公式カタログ・公式仕様表で搭載を確認,toshiba-y640xfs,yes
toshiba,東芝,GR-A590WF,toshiba-gra590wf,basic,定格内容積 586L,本体幅685mm、奥行699mm、高さ1855mm。,official-toshiba-models,no
toshiba,東芝,GR-A590WF,toshiba-gra590wf,energy,年間消費電力量 294kWh/年,メーカー公式仕様値。,official-toshiba-models,no
toshiba,東芝,GR-A590WF,toshiba-gra590wf,freezing,おいしさ密封急冷凍,急速冷凍。メーカー公式カタログ・公式仕様表で搭載を確認,official-toshiba-models,yes
toshiba,東芝,GR-A590WF,toshiba-gra590wf,freezing,おいしさ持続上質冷凍+,高品質冷凍。メーカー公式カタログ・公式仕様表で搭載を確認,official-toshiba-models,yes
toshiba,東芝,GR-A590WF,toshiba-gra590wf,freezing,粗熱取り／上質冷凍,作り置き・冷凍食品向け。メーカー公式カタログ・公式仕様表で搭載を確認,official-toshiba-models,yes
toshiba,東芝,GR-A590WF,toshiba-gra590wf,freezing,上質冷凍,霜つき・乾燥抑制。メーカー公式カタログ・公式仕様表で搭載を確認,official-toshiba-models,yes
toshiba,東芝,GR-A590WF,toshiba-gra590wf,freshness,Deliチルド／氷結晶チルド,高鮮度保存機能。メーカー公式カタログ・公式仕様表で搭載を確認,official-toshiba-models,yes
toshiba,東芝,GR-A590WF,toshiba-gra590wf,vegetables,摘みたて野菜室,野菜鮮度保持。メーカー公式カタログ・公式仕様表で搭載を確認,official-toshiba-models,yes
toshiba,東芝,GR-A590WF,toshiba-gra590wf,vegetables,ミストチャージ,湿度・乾燥対策。メーカー公式カタログ・公式仕様表で搭載を確認,official-toshiba-models,yes
toshiba,東芝,GR-A590WF,toshiba-gra590wf,usability,自動製氷,自動製氷。メーカー公式カタログ・公式仕様表で搭載を確認,official-toshiba-models,yes
toshiba,東芝,GR-A590WF,toshiba-gra590wf,freshness,Ag+マルチバイオ脱臭,脱臭。メーカー公式カタログ・公式仕様表で搭載を確認,official-toshiba-models,yes
toshiba,東芝,GR-A590WF,toshiba-gra590wf,freshness,Ag+マルチバイオ,抗菌加工。メーカー公式カタログ・公式仕様表で搭載を確認,official-toshiba-models,yes
toshiba,東芝,GR-A590WF,toshiba-gra590wf,freshness,野菜室おそうじ口,汚れ防止・庫内清潔。東芝公式カタログの型番別機能一覧で確認,official-toshiba-models,yes
toshiba,東芝,GR-A590WF,toshiba-gra590wf,usability,フリードアポケット,棚の可変性。メーカー公式カタログ・公式仕様表で搭載を確認,official-toshiba-models,yes
toshiba,東芝,GR-A590WF,toshiba-gra590wf,energy,かってにエコ,省エネ運転。メーカー公式カタログ・公式仕様表で搭載を確認,official-toshiba-models,yes
toshiba,東芝,GR-A590WF,toshiba-gra590wf,usability,無線LAN,Wi-Fi。メーカー公式カタログ・公式仕様表で搭載を確認,official-toshiba-models,yes
toshiba,東芝,GR-A590WF,toshiba-gra590wf,usability,IoLIFE,スマートフォン・アプリ連携。メーカー公式カタログ・公式仕様表で搭載を確認,official-toshiba-models,yes
toshiba,東芝,GR-A590WF,toshiba-gra590wf,usability,IoLIFE通知・遠隔確認,通知・見守り。メーカー公式カタログ・公式仕様表で搭載を確認,official-toshiba-models,yes
toshiba,東芝,GR-A590WF,toshiba-gra590wf,vegetables,使い切り野菜BOX,小さな野菜も分けて使い切りやすい野菜室内の収納。,official-toshiba-models,yes
toshiba,東芝,GR-A590WF,toshiba-gra590wf,freshness,きれいループ,庫内を清潔に保つための冷気循環機能。,official-toshiba-models,yes
toshiba,東芝,GR-A590WFS,toshiba-gra590wfs,basic,定格内容積 586L,本体幅685mm、奥行699mm、高さ1855mm。,official-toshiba-models,no
toshiba,東芝,GR-A590WFS,toshiba-gra590wfs,energy,年間消費電力量 294kWh/年,メーカー公式仕様値。,official-toshiba-models,no
toshiba,東芝,GR-A590WFS,toshiba-gra590wfs,freezing,おいしさ密封急冷凍,急速冷凍。メーカー公式カタログ・公式仕様表で搭載を確認,official-toshiba-models,yes
toshiba,東芝,GR-A590WFS,toshiba-gra590wfs,freezing,おいしさ持続上質冷凍+,高品質冷凍。メーカー公式カタログ・公式仕様表で搭載を確認,official-toshiba-models,yes
toshiba,東芝,GR-A590WFS,toshiba-gra590wfs,freezing,粗熱取り／上質冷凍,作り置き・冷凍食品向け。メーカー公式カタログ・公式仕様表で搭載を確認,official-toshiba-models,yes
toshiba,東芝,GR-A590WFS,toshiba-gra590wfs,freezing,上質冷凍,霜つき・乾燥抑制。メーカー公式カタログ・公式仕様表で搭載を確認,official-toshiba-models,yes
toshiba,東芝,GR-A590WFS,toshiba-gra590wfs,freshness,Deliチルド／氷結晶チルド,高鮮度保存機能。メーカー公式カタログ・公式仕様表で搭載を確認,official-toshiba-models,yes
toshiba,東芝,GR-A590WFS,toshiba-gra590wfs,vegetables,摘みたて野菜室,野菜鮮度保持。メーカー公式カタログ・公式仕様表で搭載を確認,official-toshiba-models,yes
toshiba,東芝,GR-A590WFS,toshiba-gra590wfs,vegetables,ミストチャージ,湿度・乾燥対策。メーカー公式カタログ・公式仕様表で搭載を確認,official-toshiba-models,yes
toshiba,東芝,GR-A590WFS,toshiba-gra590wfs,usability,自動製氷,自動製氷。メーカー公式カタログ・公式仕様表で搭載を確認,official-toshiba-models,yes
toshiba,東芝,GR-A590WFS,toshiba-gra590wfs,freshness,Ag+マルチバイオ脱臭,脱臭。メーカー公式カタログ・公式仕様表で搭載を確認,official-toshiba-models,yes
toshiba,東芝,GR-A590WFS,toshiba-gra590wfs,freshness,Ag+マルチバイオ,抗菌加工。メーカー公式カタログ・公式仕様表で搭載を確認,official-toshiba-models,yes
toshiba,東芝,GR-A590WFS,toshiba-gra590wfs,freshness,野菜室おそうじ口,汚れ防止・庫内清潔。東芝公式カタログの型番別機能一覧で確認,official-toshiba-models,yes
toshiba,東芝,GR-A590WFS,toshiba-gra590wfs,usability,フリードアポケット,棚の可変性。メーカー公式カタログ・公式仕様表で搭載を確認,official-toshiba-models,yes
toshiba,東芝,GR-A590WFS,toshiba-gra590wfs,energy,かってにエコ,省エネ運転。メーカー公式カタログ・公式仕様表で搭載を確認,official-toshiba-models,yes
toshiba,東芝,GR-A590WFS,toshiba-gra590wfs,usability,無線LAN,Wi-Fi。メーカー公式カタログ・公式仕様表で搭載を確認,official-toshiba-models,yes
toshiba,東芝,GR-A590WFS,toshiba-gra590wfs,usability,IoLIFE,スマートフォン・アプリ連携。メーカー公式カタログ・公式仕様表で搭載を確認,official-toshiba-models,yes
toshiba,東芝,GR-A590WFS,toshiba-gra590wfs,usability,IoLIFE通知・遠隔確認,通知・見守り。メーカー公式カタログ・公式仕様表で搭載を確認,official-toshiba-models,yes
toshiba,東芝,GR-A590WFS,toshiba-gra590wfs,vegetables,使い切り野菜BOX,小さな野菜も分けて使い切りやすい野菜室内の収納。,official-toshiba-models,yes
toshiba,東芝,GR-A590WFS,toshiba-gra590wfs,freshness,きれいループ,庫内を清潔に保つための冷気循環機能。,official-toshiba-models,yes
toshiba,東芝,GR-A590WFS,toshiba-gra590wfs,usability,音声アナウンス・Bluetooth対応,音声案内とBluetooth接続に対応。,official-toshiba-models,yes
toshiba,東芝,GR-A550FH,toshiba-gra550fh,basic,定格内容積 551L,本体幅685mm、奥行699mm、高さ1833mm。,official-toshiba-models,no
toshiba,東芝,GR-A550FH,toshiba-gra550fh,energy,年間消費電力量 294kWh/年,メーカー公式仕様値。,official-toshiba-models,no
toshiba,東芝,GR-A550FH,toshiba-gra550fh,freezing,オートパワフル冷凍,急速冷凍。メーカー公式カタログ・公式仕様表で搭載を確認,official-toshiba-models,yes
toshiba,東芝,GR-A550FH,toshiba-gra550fh,freshness,速鮮チルド／解凍モード,高鮮度保存機能。メーカー公式カタログ・公式仕様表で搭載を確認,official-toshiba-models,yes
toshiba,東芝,GR-A550FH,toshiba-gra550fh,usability,自動製氷,自動製氷。メーカー公式カタログ・公式仕様表で搭載を確認,official-toshiba-models,yes
toshiba,東芝,GR-A550FH,toshiba-gra550fh,freshness,Ag+低温触媒除菌・脱臭,脱臭。メーカー公式カタログ・公式仕様表で搭載を確認,official-toshiba-models,yes
toshiba,東芝,GR-A550FH,toshiba-gra550fh,freshness,Ag+低温触媒除菌,除菌。メーカー公式カタログ・公式仕様表で搭載を確認,official-toshiba-models,yes
toshiba,東芝,GR-A550FH,toshiba-gra550fh,usability,自在棚・ドアポケット,棚の可変性。メーカー公式カタログ・公式仕様表で搭載を確認,official-toshiba-models,yes
toshiba,東芝,GR-A550FH,toshiba-gra550fh,energy,かってにエコ,省エネ運転。メーカー公式カタログ・公式仕様表で搭載を確認,official-toshiba-models,yes
toshiba,東芝,GR-A550FZ,toshiba-gr-a550fz,basic,定格内容積 551L,冷蔵室280L、野菜室123L、冷凍室128L、製氷室20L。,toshiba-a550fz,no
toshiba,東芝,GR-A550FZ,toshiba-gr-a550fz,basic,外形寸法 685×699×1833mm,据付必要奥行寸法702mm、質量119kg。,toshiba-a550fz,no
toshiba,東芝,GR-A550FZ,toshiba-gr-a550fz,freshness,うるおい冷蔵室・冷蔵室チルドモード,冷蔵室を約2℃に設定でき、生鮮食品の保存にも使える。,toshiba-a550fz,no
toshiba,東芝,GR-A550FZ,toshiba-gr-a550fz,vegetables,もっと潤う摘みたて野菜室,野菜室を真ん中に配置。,toshiba-a550fz,no
toshiba,東芝,GR-A550FZ,toshiba-gr-a550fz,energy,年間消費電力量 272kWh/年,製氷室と冷凍室上段をツースターで測定。,toshiba-a550fz,no
toshiba,東芝,GR-A550FZ,toshiba-gr-a550fz,freezing,おいしさ密封急冷凍,急速冷凍。メーカー公式カタログ・公式仕様表で搭載を確認,toshiba-a550fz|official-toshiba-models,yes
toshiba,東芝,GR-A550FZ,toshiba-gr-a550fz,freezing,おいしさ持続上質冷凍,高品質冷凍。メーカー公式カタログ・公式仕様表で搭載を確認,toshiba-a550fz|official-toshiba-models,yes
toshiba,東芝,GR-A550FZ,toshiba-gr-a550fz,freezing,切替冷凍,作り置き・冷凍食品向け。メーカー公式カタログ・公式仕様表で搭載を確認,toshiba-a550fz|official-toshiba-models,yes
toshiba,東芝,GR-A550FZ,toshiba-gr-a550fz,freshness,氷結晶チルド,高鮮度保存機能。メーカー公式カタログ・公式仕様表で搭載を確認,toshiba-a550fz|official-toshiba-models,yes
toshiba,東芝,GR-A550FZ,toshiba-gr-a550fz,vegetables,ミストチャージユニット,湿度・乾燥対策。メーカー公式カタログ・公式仕様表で搭載を確認,toshiba-a550fz|official-toshiba-models,yes
toshiba,東芝,GR-A550FZ,toshiba-gr-a550fz,usability,自動製氷,自動製氷。メーカー公式カタログ・公式仕様表で搭載を確認,toshiba-a550fz|official-toshiba-models,yes
toshiba,東芝,GR-A550FZ,toshiba-gr-a550fz,freshness,Ag+低温触媒除菌・脱臭,脱臭。メーカー公式カタログ・公式仕様表で搭載を確認,toshiba-a550fz|official-toshiba-models,yes
toshiba,東芝,GR-A550FZ,toshiba-gr-a550fz,freshness,Ag+低温触媒除菌,除菌。メーカー公式カタログ・公式仕様表で搭載を確認,toshiba-a550fz|official-toshiba-models,yes
toshiba,東芝,GR-A550FZ,toshiba-gr-a550fz,usability,フリードアポケット,棚の可変性。メーカー公式カタログ・公式仕様表で搭載を確認,toshiba-a550fz|official-toshiba-models,yes
toshiba,東芝,GR-A550FZ,toshiba-gr-a550fz,energy,かってにエコ,省エネ運転。メーカー公式カタログ・公式仕様表で搭載を確認,toshiba-a550fz|official-toshiba-models,yes
toshiba,東芝,GR-Y550FZ,toshiba-gry550fz,basic,定格内容積 551L,本体幅685mm、奥行699mm、高さ1833mm。,official-toshiba-models,no
toshiba,東芝,GR-Y550FZ,toshiba-gry550fz,energy,年間消費電力量 272kWh/年,メーカー公式仕様値。,official-toshiba-models,no
toshiba,東芝,GR-Y550FZ,toshiba-gry550fz,freezing,おいしさ密封急冷凍,急速冷凍。メーカー公式カタログ・公式仕様表で搭載を確認,official-toshiba-models,yes
toshiba,東芝,GR-Y550FZ,toshiba-gry550fz,freezing,おいしさ持続上質冷凍,高品質冷凍。メーカー公式カタログ・公式仕様表で搭載を確認,official-toshiba-models,yes
toshiba,東芝,GR-Y550FZ,toshiba-gry550fz,freezing,切替冷凍,作り置き・冷凍食品向け。メーカー公式カタログ・公式仕様表で搭載を確認,official-toshiba-models,yes
toshiba,東芝,GR-Y550FZ,toshiba-gry550fz,freshness,氷結晶チルド／速鮮チルド,高鮮度保存機能。メーカー公式カタログ・公式仕様表で搭載を確認,official-toshiba-models,yes
toshiba,東芝,GR-Y550FZ,toshiba-gry550fz,vegetables,もっと潤う摘みたて野菜室,野菜鮮度保持。メーカー公式カタログ・公式仕様表で搭載を確認,official-toshiba-models,yes
toshiba,東芝,GR-Y550FZ,toshiba-gry550fz,vegetables,ミストチャージユニット,湿度・乾燥対策。メーカー公式カタログ・公式仕様表で搭載を確認,official-toshiba-models,yes
toshiba,東芝,GR-Y550FZ,toshiba-gry550fz,usability,自動製氷,自動製氷。メーカー公式カタログ・公式仕様表で搭載を確認,official-toshiba-models,yes
toshiba,東芝,GR-Y550FZ,toshiba-gry550fz,freshness,Ag+低温触媒除菌・脱臭,脱臭。メーカー公式カタログ・公式仕様表で搭載を確認,official-toshiba-models,yes
toshiba,東芝,GR-Y550FZ,toshiba-gry550fz,freshness,Ag+低温触媒除菌,除菌。メーカー公式カタログ・公式仕様表で搭載を確認,official-toshiba-models,yes
toshiba,東芝,GR-Y550FZ,toshiba-gry550fz,usability,フリードアポケット,棚の可変性。メーカー公式カタログ・公式仕様表で搭載を確認,official-toshiba-models,yes
toshiba,東芝,GR-Y550FZ,toshiba-gry550fz,energy,かってにエコ,省エネ運転。メーカー公式カタログ・公式仕様表で搭載を確認,official-toshiba-models,yes
toshiba,東芝,GR-A540XFS,toshiba-gra540xfs,basic,定格内容積 543L,本体幅685mm、奥行650mm、高さ1855mm。,official-toshiba-models,no
toshiba,東芝,GR-A540XFS,toshiba-gra540xfs,energy,年間消費電力量 280kWh/年,メーカー公式仕様値。,official-toshiba-models,no
toshiba,東芝,GR-A540XFS,toshiba-gra540xfs,freezing,おいしさ密封急冷凍,急速冷凍。メーカー公式カタログ・公式仕様表で搭載を確認,official-toshiba-models,yes
toshiba,東芝,GR-A540XFS,toshiba-gra540xfs,freezing,おいしさ持続上質冷凍,高品質冷凍。メーカー公式カタログ・公式仕様表で搭載を確認,official-toshiba-models,yes
toshiba,東芝,GR-A540XFS,toshiba-gra540xfs,freezing,上質冷凍,霜つき・乾燥抑制。メーカー公式カタログ・公式仕様表で搭載を確認,official-toshiba-models,yes
toshiba,東芝,GR-A540XFS,toshiba-gra540xfs,freshness,Deliチルド／氷結晶チルド,高鮮度保存機能。メーカー公式カタログ・公式仕様表で搭載を確認,official-toshiba-models,yes
toshiba,東芝,GR-A540XFS,toshiba-gra540xfs,freshness,氷結晶チルド・解凍モード,解凍不要調理。メーカー公式カタログ・公式仕様表で搭載を確認,official-toshiba-models,yes
toshiba,東芝,GR-A540XFS,toshiba-gra540xfs,vegetables,もっと潤う摘みたて野菜室,野菜鮮度保持。メーカー公式カタログ・公式仕様表で搭載を確認,official-toshiba-models,yes
toshiba,東芝,GR-A540XFS,toshiba-gra540xfs,vegetables,ミストチャージユニット,湿度・乾燥対策。メーカー公式カタログ・公式仕様表で搭載を確認,official-toshiba-models,yes
toshiba,東芝,GR-A540XFS,toshiba-gra540xfs,usability,自動製氷,自動製氷。メーカー公式カタログ・公式仕様表で搭載を確認,official-toshiba-models,yes
toshiba,東芝,GR-A540XFS,toshiba-gra540xfs,freshness,Ag+マルチバイオ脱臭,脱臭。メーカー公式カタログ・公式仕様表で搭載を確認,official-toshiba-models,yes
toshiba,東芝,GR-A540XFS,toshiba-gra540xfs,freshness,W-UV除菌,除菌。メーカー公式カタログ・公式仕様表で搭載を確認,official-toshiba-models,yes
toshiba,東芝,GR-A540XFS,toshiba-gra540xfs,freshness,Ag+マルチバイオ,抗菌加工。メーカー公式カタログ・公式仕様表で搭載を確認,official-toshiba-models,yes
toshiba,東芝,GR-A540XFS,toshiba-gra540xfs,usability,フリードアポケット,棚の可変性。メーカー公式カタログ・公式仕様表で搭載を確認,official-toshiba-models,yes
toshiba,東芝,GR-A540XFS,toshiba-gra540xfs,usability,タッチオープン,開閉サポート。メーカー公式カタログ・公式仕様表で搭載を確認,official-toshiba-models,yes
toshiba,東芝,GR-A540XFS,toshiba-gra540xfs,energy,かってにエコ,省エネ運転。メーカー公式カタログ・公式仕様表で搭載を確認,official-toshiba-models,yes
toshiba,東芝,GR-A540XFS,toshiba-gra540xfs,energy,自動節電センサー,センサー省エネ。メーカー公式カタログ・公式仕様表で搭載を確認,official-toshiba-models,yes
toshiba,東芝,GR-A540XFS,toshiba-gra540xfs,usability,無線LAN,Wi-Fi。メーカー公式カタログ・公式仕様表で搭載を確認,official-toshiba-models,yes
toshiba,東芝,GR-A540XFS,toshiba-gra540xfs,usability,IoLIFE,スマートフォン・アプリ連携。メーカー公式カタログ・公式仕様表で搭載を確認,official-toshiba-models,yes
toshiba,東芝,GR-A540XFS,toshiba-gra540xfs,usability,IoLIFE通知・遠隔確認,通知・見守り。メーカー公式カタログ・公式仕様表で搭載を確認,official-toshiba-models,yes
toshiba,東芝,GR-Y540XFS,toshiba-gry540xfs,basic,定格内容積 543L,本体幅685mm、奥行650mm、高さ1855mm。,official-toshiba-models,no
toshiba,東芝,GR-Y540XFS,toshiba-gry540xfs,energy,年間消費電力量 280kWh/年,メーカー公式仕様値。,official-toshiba-models,no
toshiba,東芝,GR-Y540XFS,toshiba-gry540xfs,freezing,おいしさ密封急冷凍,急速冷凍。メーカー公式カタログ・公式仕様表で搭載を確認,official-toshiba-models,yes
toshiba,東芝,GR-Y540XFS,toshiba-gry540xfs,freezing,おいしさ持続上質冷凍,高品質冷凍。メーカー公式カタログ・公式仕様表で搭載を確認,official-toshiba-models,yes
toshiba,東芝,GR-Y540XFS,toshiba-gry540xfs,freezing,上質冷凍,霜つき・乾燥抑制。メーカー公式カタログ・公式仕様表で搭載を確認,official-toshiba-models,yes
toshiba,東芝,GR-Y540XFS,toshiba-gry540xfs,freshness,Deliチルド／氷結晶チルド,高鮮度保存機能。メーカー公式カタログ・公式仕様表で搭載を確認,official-toshiba-models,yes
toshiba,東芝,GR-Y540XFS,toshiba-gry540xfs,freshness,氷結晶チルド・解凍モード,解凍不要調理。メーカー公式カタログ・公式仕様表で搭載を確認,official-toshiba-models,yes
toshiba,東芝,GR-Y540XFS,toshiba-gry540xfs,vegetables,もっと潤う摘みたて野菜室,野菜鮮度保持。メーカー公式カタログ・公式仕様表で搭載を確認,official-toshiba-models,yes
toshiba,東芝,GR-Y540XFS,toshiba-gry540xfs,vegetables,ミストチャージユニット,湿度・乾燥対策。メーカー公式カタログ・公式仕様表で搭載を確認,official-toshiba-models,yes
toshiba,東芝,GR-Y540XFS,toshiba-gry540xfs,usability,自動製氷,自動製氷。メーカー公式カタログ・公式仕様表で搭載を確認,official-toshiba-models,yes
toshiba,東芝,GR-Y540XFS,toshiba-gry540xfs,freshness,Ag+マルチバイオ脱臭,脱臭。メーカー公式カタログ・公式仕様表で搭載を確認,official-toshiba-models,yes
toshiba,東芝,GR-Y540XFS,toshiba-gry540xfs,freshness,W-UV除菌,除菌。メーカー公式カタログ・公式仕様表で搭載を確認,official-toshiba-models,yes
toshiba,東芝,GR-Y540XFS,toshiba-gry540xfs,freshness,Ag+マルチバイオ,抗菌加工。メーカー公式カタログ・公式仕様表で搭載を確認,official-toshiba-models,yes
toshiba,東芝,GR-Y540XFS,toshiba-gry540xfs,usability,フリードアポケット,棚の可変性。メーカー公式カタログ・公式仕様表で搭載を確認,official-toshiba-models,yes
toshiba,東芝,GR-Y540XFS,toshiba-gry540xfs,usability,タッチオープン,開閉サポート。メーカー公式カタログ・公式仕様表で搭載を確認,official-toshiba-models,yes
toshiba,東芝,GR-Y540XFS,toshiba-gry540xfs,energy,かってにエコ,省エネ運転。メーカー公式カタログ・公式仕様表で搭載を確認,official-toshiba-models,yes
toshiba,東芝,GR-Y540XFS,toshiba-gry540xfs,energy,自動節電センサー,センサー省エネ。メーカー公式カタログ・公式仕様表で搭載を確認,official-toshiba-models,yes
toshiba,東芝,GR-Y540XFS,toshiba-gry540xfs,usability,無線LAN,Wi-Fi。メーカー公式カタログ・公式仕様表で搭載を確認,official-toshiba-models,yes
toshiba,東芝,GR-Y540XFS,toshiba-gry540xfs,usability,IoLIFE,スマートフォン・アプリ連携。メーカー公式カタログ・公式仕様表で搭載を確認,official-toshiba-models,yes
toshiba,東芝,GR-Y540XFS,toshiba-gry540xfs,usability,IoLIFE通知・遠隔確認,通知・見守り。メーカー公式カタログ・公式仕様表で搭載を確認,official-toshiba-models,yes
toshiba,東芝,GR-A540WF,toshiba-gra540wf,basic,定格内容積 535L,本体幅685mm、奥行650mm、高さ1855mm。,official-toshiba-models,no
toshiba,東芝,GR-A540WF,toshiba-gra540wf,energy,年間消費電力量 282kWh/年,メーカー公式仕様値。,official-toshiba-models,no
toshiba,東芝,GR-A540WF,toshiba-gra540wf,freezing,おいしさ密封急冷凍,急速冷凍。メーカー公式カタログ・公式仕様表で搭載を確認,official-toshiba-models,yes
toshiba,東芝,GR-A540WF,toshiba-gra540wf,freezing,おいしさ持続上質冷凍+,高品質冷凍。メーカー公式カタログ・公式仕様表で搭載を確認,official-toshiba-models,yes
toshiba,東芝,GR-A540WF,toshiba-gra540wf,freezing,粗熱取り／上質冷凍,作り置き・冷凍食品向け。メーカー公式カタログ・公式仕様表で搭載を確認,official-toshiba-models,yes
toshiba,東芝,GR-A540WF,toshiba-gra540wf,freezing,上質冷凍,霜つき・乾燥抑制。メーカー公式カタログ・公式仕様表で搭載を確認,official-toshiba-models,yes
toshiba,東芝,GR-A540WF,toshiba-gra540wf,freshness,Deliチルド／氷結晶チルド,高鮮度保存機能。メーカー公式カタログ・公式仕様表で搭載を確認,official-toshiba-models,yes
toshiba,東芝,GR-A540WF,toshiba-gra540wf,vegetables,摘みたて野菜室,野菜鮮度保持。メーカー公式カタログ・公式仕様表で搭載を確認,official-toshiba-models,yes
toshiba,東芝,GR-A540WF,toshiba-gra540wf,vegetables,ミストチャージ,湿度・乾燥対策。メーカー公式カタログ・公式仕様表で搭載を確認,official-toshiba-models,yes
toshiba,東芝,GR-A540WF,toshiba-gra540wf,usability,自動製氷,自動製氷。メーカー公式カタログ・公式仕様表で搭載を確認,official-toshiba-models,yes
toshiba,東芝,GR-A540WF,toshiba-gra540wf,freshness,Ag+マルチバイオ脱臭,脱臭。メーカー公式カタログ・公式仕様表で搭載を確認,official-toshiba-models,yes
toshiba,東芝,GR-A540WF,toshiba-gra540wf,freshness,Ag+マルチバイオ,抗菌加工。メーカー公式カタログ・公式仕様表で搭載を確認,official-toshiba-models,yes
toshiba,東芝,GR-A540WF,toshiba-gra540wf,freshness,野菜室おそうじ口,汚れ防止・庫内清潔。東芝公式カタログの型番別機能一覧で確認,official-toshiba-models,yes
toshiba,東芝,GR-A540WF,toshiba-gra540wf,usability,フリードアポケット,棚の可変性。メーカー公式カタログ・公式仕様表で搭載を確認,official-toshiba-models,yes
toshiba,東芝,GR-A540WF,toshiba-gra540wf,energy,かってにエコ,省エネ運転。メーカー公式カタログ・公式仕様表で搭載を確認,official-toshiba-models,yes
toshiba,東芝,GR-A540WF,toshiba-gra540wf,usability,無線LAN,Wi-Fi。メーカー公式カタログ・公式仕様表で搭載を確認,official-toshiba-models,yes
toshiba,東芝,GR-A540WF,toshiba-gra540wf,usability,IoLIFE,スマートフォン・アプリ連携。メーカー公式カタログ・公式仕様表で搭載を確認,official-toshiba-models,yes
toshiba,東芝,GR-A540WF,toshiba-gra540wf,usability,IoLIFE通知・遠隔確認,通知・見守り。メーカー公式カタログ・公式仕様表で搭載を確認,official-toshiba-models,yes
toshiba,東芝,GR-A540WF,toshiba-gra540wf,vegetables,使い切り野菜BOX,小さな野菜も分けて使い切りやすい野菜室内の収納。,official-toshiba-models,yes
toshiba,東芝,GR-A540WF,toshiba-gra540wf,freshness,きれいループ,庫内を清潔に保つための冷気循環機能。,official-toshiba-models,yes
toshiba,東芝,GR-A540WFS,toshiba-gra540wfs,basic,定格内容積 535L,本体幅685mm、奥行650mm、高さ1855mm。,official-toshiba-models,no
toshiba,東芝,GR-A540WFS,toshiba-gra540wfs,energy,年間消費電力量 282kWh/年,メーカー公式仕様値。,official-toshiba-models,no
toshiba,東芝,GR-A540WFS,toshiba-gra540wfs,freezing,おいしさ密封急冷凍,急速冷凍。メーカー公式カタログ・公式仕様表で搭載を確認,official-toshiba-models,yes
toshiba,東芝,GR-A540WFS,toshiba-gra540wfs,freezing,おいしさ持続上質冷凍+,高品質冷凍。メーカー公式カタログ・公式仕様表で搭載を確認,official-toshiba-models,yes
toshiba,東芝,GR-A540WFS,toshiba-gra540wfs,freezing,粗熱取り／上質冷凍,作り置き・冷凍食品向け。メーカー公式カタログ・公式仕様表で搭載を確認,official-toshiba-models,yes
toshiba,東芝,GR-A540WFS,toshiba-gra540wfs,freezing,上質冷凍,霜つき・乾燥抑制。メーカー公式カタログ・公式仕様表で搭載を確認,official-toshiba-models,yes
toshiba,東芝,GR-A540WFS,toshiba-gra540wfs,freshness,Deliチルド／氷結晶チルド,高鮮度保存機能。メーカー公式カタログ・公式仕様表で搭載を確認,official-toshiba-models,yes
toshiba,東芝,GR-A540WFS,toshiba-gra540wfs,vegetables,摘みたて野菜室,野菜鮮度保持。メーカー公式カタログ・公式仕様表で搭載を確認,official-toshiba-models,yes
toshiba,東芝,GR-A540WFS,toshiba-gra540wfs,vegetables,ミストチャージ,湿度・乾燥対策。メーカー公式カタログ・公式仕様表で搭載を確認,official-toshiba-models,yes
toshiba,東芝,GR-A540WFS,toshiba-gra540wfs,usability,自動製氷,自動製氷。メーカー公式カタログ・公式仕様表で搭載を確認,official-toshiba-models,yes
toshiba,東芝,GR-A540WFS,toshiba-gra540wfs,freshness,Ag+マルチバイオ脱臭,脱臭。メーカー公式カタログ・公式仕様表で搭載を確認,official-toshiba-models,yes
toshiba,東芝,GR-A540WFS,toshiba-gra540wfs,freshness,Ag+マルチバイオ,抗菌加工。メーカー公式カタログ・公式仕様表で搭載を確認,official-toshiba-models,yes
toshiba,東芝,GR-A540WFS,toshiba-gra540wfs,freshness,野菜室おそうじ口,汚れ防止・庫内清潔。東芝公式カタログの型番別機能一覧で確認,official-toshiba-models,yes
toshiba,東芝,GR-A540WFS,toshiba-gra540wfs,usability,フリードアポケット,棚の可変性。メーカー公式カタログ・公式仕様表で搭載を確認,official-toshiba-models,yes
toshiba,東芝,GR-A540WFS,toshiba-gra540wfs,energy,かってにエコ,省エネ運転。メーカー公式カタログ・公式仕様表で搭載を確認,official-toshiba-models,yes
toshiba,東芝,GR-A540WFS,toshiba-gra540wfs,usability,無線LAN,Wi-Fi。メーカー公式カタログ・公式仕様表で搭載を確認,official-toshiba-models,yes
toshiba,東芝,GR-A540WFS,toshiba-gra540wfs,usability,IoLIFE,スマートフォン・アプリ連携。メーカー公式カタログ・公式仕様表で搭載を確認,official-toshiba-models,yes
toshiba,東芝,GR-A540WFS,toshiba-gra540wfs,usability,IoLIFE通知・遠隔確認,通知・見守り。メーカー公式カタログ・公式仕様表で搭載を確認,official-toshiba-models,yes
toshiba,東芝,GR-A540WFS,toshiba-gra540wfs,vegetables,使い切り野菜BOX,小さな野菜も分けて使い切りやすい野菜室内の収納。,official-toshiba-models,yes
toshiba,東芝,GR-A540WFS,toshiba-gra540wfs,freshness,きれいループ,庫内を清潔に保つための冷気循環機能。,official-toshiba-models,yes
toshiba,東芝,GR-A540WFS,toshiba-gra540wfs,usability,音声アナウンス・Bluetooth対応,音声案内とBluetooth接続に対応。,official-toshiba-models,yes
toshiba,東芝,GR-A510FH,toshiba-gra510fh,basic,定格内容積 509L,本体幅650mm、奥行699mm、高さ1833mm。,official-toshiba-models,no
toshiba,東芝,GR-A510FH,toshiba-gra510fh,energy,年間消費電力量 280kWh/年,メーカー公式仕様値。,official-toshiba-models,no
toshiba,東芝,GR-A510FH,toshiba-gra510fh,freezing,オートパワフル冷凍,急速冷凍。メーカー公式カタログ・公式仕様表で搭載を確認,official-toshiba-models,yes
toshiba,東芝,GR-A510FH,toshiba-gra510fh,freshness,速鮮チルド／解凍モード,高鮮度保存機能。メーカー公式カタログ・公式仕様表で搭載を確認,official-toshiba-models,yes
toshiba,東芝,GR-A510FH,toshiba-gra510fh,usability,自動製氷,自動製氷。メーカー公式カタログ・公式仕様表で搭載を確認,official-toshiba-models,yes
toshiba,東芝,GR-A510FH,toshiba-gra510fh,freshness,Ag+低温触媒除菌・脱臭,脱臭。メーカー公式カタログ・公式仕様表で搭載を確認,official-toshiba-models,yes
toshiba,東芝,GR-A510FH,toshiba-gra510fh,freshness,Ag+低温触媒除菌,除菌。メーカー公式カタログ・公式仕様表で搭載を確認,official-toshiba-models,yes
toshiba,東芝,GR-A510FH,toshiba-gra510fh,usability,自在棚・ドアポケット,棚の可変性。メーカー公式カタログ・公式仕様表で搭載を確認,official-toshiba-models,yes
toshiba,東芝,GR-A510FH,toshiba-gra510fh,energy,かってにエコ,省エネ運転。メーカー公式カタログ・公式仕様表で搭載を確認,official-toshiba-models,yes
toshiba,東芝,GR-A510FZ,toshiba-gra510fz,basic,定格内容積 508L,本体幅650mm、奥行699mm、高さ1833mm。,official-toshiba-models,no
toshiba,東芝,GR-A510FZ,toshiba-gra510fz,energy,年間消費電力量 267kWh/年,メーカー公式仕様値。,official-toshiba-models,no
toshiba,東芝,GR-A510FZ,toshiba-gra510fz,freezing,おいしさ密封急冷凍,急速冷凍。メーカー公式カタログ・公式仕様表で搭載を確認,official-toshiba-models,yes
toshiba,東芝,GR-A510FZ,toshiba-gra510fz,freezing,おいしさ持続上質冷凍,高品質冷凍。メーカー公式カタログ・公式仕様表で搭載を確認,official-toshiba-models,yes
toshiba,東芝,GR-A510FZ,toshiba-gra510fz,freezing,切替冷凍,作り置き・冷凍食品向け。メーカー公式カタログ・公式仕様表で搭載を確認,official-toshiba-models,yes
toshiba,東芝,GR-A510FZ,toshiba-gra510fz,freshness,氷結晶チルド／速鮮チルド,高鮮度保存機能。メーカー公式カタログ・公式仕様表で搭載を確認,official-toshiba-models,yes
toshiba,東芝,GR-A510FZ,toshiba-gra510fz,vegetables,もっと潤う摘みたて野菜室,野菜鮮度保持。メーカー公式カタログ・公式仕様表で搭載を確認,official-toshiba-models,yes
toshiba,東芝,GR-A510FZ,toshiba-gra510fz,vegetables,ミストチャージユニット,湿度・乾燥対策。メーカー公式カタログ・公式仕様表で搭載を確認,official-toshiba-models,yes
toshiba,東芝,GR-A510FZ,toshiba-gra510fz,usability,自動製氷,自動製氷。メーカー公式カタログ・公式仕様表で搭載を確認,official-toshiba-models,yes
toshiba,東芝,GR-A510FZ,toshiba-gra510fz,freshness,Ag+低温触媒除菌・脱臭,脱臭。メーカー公式カタログ・公式仕様表で搭載を確認,official-toshiba-models,yes
toshiba,東芝,GR-A510FZ,toshiba-gra510fz,freshness,Ag+低温触媒除菌,除菌。メーカー公式カタログ・公式仕様表で搭載を確認,official-toshiba-models,yes
toshiba,東芝,GR-A510FZ,toshiba-gra510fz,usability,フリードアポケット,棚の可変性。メーカー公式カタログ・公式仕様表で搭載を確認,official-toshiba-models,yes
toshiba,東芝,GR-A510FZ,toshiba-gra510fz,energy,かってにエコ,省エネ運転。メーカー公式カタログ・公式仕様表で搭載を確認,official-toshiba-models,yes
toshiba,東芝,GR-Y510FZ,toshiba-gry510fz,basic,定格内容積 508L,本体幅650mm、奥行699mm、高さ1833mm。,official-toshiba-models,no
toshiba,東芝,GR-Y510FZ,toshiba-gry510fz,energy,年間消費電力量 267kWh/年,メーカー公式仕様値。,official-toshiba-models,no
toshiba,東芝,GR-Y510FZ,toshiba-gry510fz,freezing,おいしさ密封急冷凍,急速冷凍。メーカー公式カタログ・公式仕様表で搭載を確認,official-toshiba-models,yes
toshiba,東芝,GR-Y510FZ,toshiba-gry510fz,freezing,おいしさ持続上質冷凍,高品質冷凍。メーカー公式カタログ・公式仕様表で搭載を確認,official-toshiba-models,yes
toshiba,東芝,GR-Y510FZ,toshiba-gry510fz,freezing,切替冷凍,作り置き・冷凍食品向け。メーカー公式カタログ・公式仕様表で搭載を確認,official-toshiba-models,yes
toshiba,東芝,GR-Y510FZ,toshiba-gry510fz,freshness,氷結晶チルド／速鮮チルド,高鮮度保存機能。メーカー公式カタログ・公式仕様表で搭載を確認,official-toshiba-models,yes
toshiba,東芝,GR-Y510FZ,toshiba-gry510fz,vegetables,もっと潤う摘みたて野菜室,野菜鮮度保持。メーカー公式カタログ・公式仕様表で搭載を確認,official-toshiba-models,yes
toshiba,東芝,GR-Y510FZ,toshiba-gry510fz,vegetables,ミストチャージユニット,湿度・乾燥対策。メーカー公式カタログ・公式仕様表で搭載を確認,official-toshiba-models,yes
toshiba,東芝,GR-Y510FZ,toshiba-gry510fz,usability,自動製氷,自動製氷。メーカー公式カタログ・公式仕様表で搭載を確認,official-toshiba-models,yes
toshiba,東芝,GR-Y510FZ,toshiba-gry510fz,freshness,Ag+低温触媒除菌・脱臭,脱臭。メーカー公式カタログ・公式仕様表で搭載を確認,official-toshiba-models,yes
toshiba,東芝,GR-Y510FZ,toshiba-gry510fz,freshness,Ag+低温触媒除菌,除菌。メーカー公式カタログ・公式仕様表で搭載を確認,official-toshiba-models,yes
toshiba,東芝,GR-Y510FZ,toshiba-gry510fz,usability,フリードアポケット,棚の可変性。メーカー公式カタログ・公式仕様表で搭載を確認,official-toshiba-models,yes
toshiba,東芝,GR-Y510FZ,toshiba-gry510fz,energy,かってにエコ,省エネ運転。メーカー公式カタログ・公式仕様表で搭載を確認,official-toshiba-models,yes
toshiba,東芝,GR-A500GT,toshiba-gra500gt,basic,定格内容積 501L,本体幅600mm、奥行704mm、高さ1850mm。,official-toshiba-models,no
toshiba,東芝,GR-A500GT,toshiba-gra500gt,energy,年間消費電力量 279kWh/年,メーカー公式仕様値。,official-toshiba-models,no
toshiba,東芝,GR-A500GT,toshiba-gra500gt,freezing,おいしさ密封急冷凍,急速冷凍。メーカー公式カタログ・公式仕様表で搭載を確認,official-toshiba-models,yes
toshiba,東芝,GR-A500GT,toshiba-gra500gt,freezing,おいしさ持続上質冷凍,高品質冷凍。メーカー公式カタログ・公式仕様表で搭載を確認,official-toshiba-models,yes
toshiba,東芝,GR-A500GT,toshiba-gra500gt,freezing,粗熱取り,作り置き・冷凍食品向け。メーカー公式カタログ・公式仕様表で搭載を確認,official-toshiba-models,yes
toshiba,東芝,GR-A500GT,toshiba-gra500gt,freshness,冷蔵室チルドモード／氷結晶チルド／速鮮チルド／解凍モード,高鮮度保存機能。東芝公式の型番別機能一覧で確認,official-toshiba-models,yes
toshiba,東芝,GR-A500GT,toshiba-gra500gt,vegetables,もっと潤う摘みたて野菜室,野菜鮮度保持。メーカー公式カタログ・公式仕様表で搭載を確認,official-toshiba-models,yes
toshiba,東芝,GR-A500GT,toshiba-gra500gt,vegetables,ミストチャージ,湿度・乾燥対策。メーカー公式カタログ・公式仕様表で搭載を確認,official-toshiba-models,yes
toshiba,東芝,GR-A500GT,toshiba-gra500gt,usability,自動製氷,自動製氷。メーカー公式カタログ・公式仕様表で搭載を確認,official-toshiba-models,yes
toshiba,東芝,GR-A500GT,toshiba-gra500gt,usability,一気製氷,急速製氷。東芝公式の型番別機能一覧で確認,official-toshiba-models,yes
toshiba,東芝,GR-A500GT,toshiba-gra500gt,usability,洗える給水経路,給水経路のお手入れ。東芝公式の型番別機能一覧で確認,official-toshiba-models,yes
toshiba,東芝,GR-A500GT,toshiba-gra500gt,freshness,Ag+マルチバイオ脱臭,脱臭。メーカー公式カタログ・公式仕様表で搭載を確認,official-toshiba-models,yes
toshiba,東芝,GR-A500GT,toshiba-gra500gt,freshness,W-UV除菌,除菌。メーカー公式カタログ・公式仕様表で搭載を確認,official-toshiba-models,yes
toshiba,東芝,GR-A500GT,toshiba-gra500gt,freshness,Ag+マルチバイオ,抗菌加工。メーカー公式カタログ・公式仕様表で搭載を確認,official-toshiba-models,yes
toshiba,東芝,GR-A500GT,toshiba-gra500gt,freshness,洗える給水経路・Ag+抗菌製氷皿,製氷系のお手入れ。東芝公式の型番別機能一覧で確認,official-toshiba-models,yes
toshiba,東芝,GR-A500GT,toshiba-gra500gt,usability,フリードアポケット・フリー棚・2アクション棚,棚の可変性。東芝公式の型番別機能一覧で確認,official-toshiba-models,yes
toshiba,東芝,GR-A500GT,toshiba-gra500gt,usability,タッチオープン,開閉サポート。東芝公式の型番別機能一覧で確認,official-toshiba-models,yes
toshiba,東芝,GR-A500GT,toshiba-gra500gt,energy,かってにエコ,省エネ運転。メーカー公式カタログ・公式仕様表で搭載を確認,official-toshiba-models,yes
toshiba,東芝,GR-A500GT,toshiba-gra500gt,usability,無線LAN,Wi-Fi。メーカー公式カタログ・公式仕様表で搭載を確認,official-toshiba-models,yes
toshiba,東芝,GR-A500GT,toshiba-gra500gt,usability,IoLIFE,スマートフォン・アプリ連携。メーカー公式カタログ・公式仕様表で搭載を確認,official-toshiba-models,yes
toshiba,東芝,GR-A500GT,toshiba-gra500gt,usability,IoLIFE通知・遠隔確認,通知・見守り。メーカー公式カタログ・公式仕様表で搭載を確認,official-toshiba-models,yes
toshiba,東芝,GR-A500GT,toshiba-gra500gt,freshness,新鮮ツイン冷却システム,うるおい冷却器とパワフル冷却器を使い分ける冷却方式。,official-toshiba-models,yes
toshiba,東芝,GR-A500GT,toshiba-gra500gt,vegetables,使い切り野菜BOX,小さな野菜も分けて使い切りやすい野菜室内の収納。,official-toshiba-models,yes
toshiba,東芝,GR-A500GT,toshiba-gra500gt,freshness,氷結晶チルドモード,食品表面に氷の膜をつくって保存するチルドモード。,official-toshiba-models,yes
toshiba,東芝,GR-A500GT,toshiba-gra500gt,freshness,速鮮チルドモード,食品の中まで素早く冷やして鮮度を保つチルドモード。,official-toshiba-models,yes
toshiba,東芝,GR-A500GT,toshiba-gra500gt,freshness,解凍モード,冷凍した肉や魚を切り分けやすい状態まで解凍するモード。,official-toshiba-models,yes
toshiba,東芝,GR-A500GT,toshiba-gra500gt,freshness,おしらせ冷却,すばやい冷却の終了をアプリ通知・アラームで知らせる。,official-toshiba-models,yes
toshiba,東芝,GR-A500GT,toshiba-gra500gt,freshness,きれいループ,庫内を清潔に保つための冷気循環機能。,official-toshiba-models,yes
toshiba,東芝,GR-Y500GT,toshiba-gry500gt,basic,定格内容積 501L,本体幅600mm、奥行704mm、高さ1850mm。,official-toshiba-models,no
toshiba,東芝,GR-Y500GT,toshiba-gry500gt,energy,年間消費電力量 279kWh/年,メーカー公式仕様値。,official-toshiba-models,no
toshiba,東芝,GR-Y500GT,toshiba-gry500gt,freezing,おいしさ密封急冷凍,急速冷凍。メーカー公式カタログ・公式仕様表で搭載を確認,official-toshiba-models,yes
toshiba,東芝,GR-Y500GT,toshiba-gry500gt,freezing,おいしさ持続上質冷凍,高品質冷凍。メーカー公式カタログ・公式仕様表で搭載を確認,official-toshiba-models,yes
toshiba,東芝,GR-Y500GT,toshiba-gry500gt,freezing,粗熱取り,作り置き・冷凍食品向け。メーカー公式カタログ・公式仕様表で搭載を確認,official-toshiba-models,yes
toshiba,東芝,GR-Y500GT,toshiba-gry500gt,freshness,冷蔵室チルドモード／氷結晶チルド／速鮮チルド／解凍モード,高鮮度保存機能。東芝公式の型番別機能一覧で確認,official-toshiba-models,yes
toshiba,東芝,GR-Y500GT,toshiba-gry500gt,vegetables,もっと潤う摘みたて野菜室,野菜鮮度保持。メーカー公式カタログ・公式仕様表で搭載を確認,official-toshiba-models,yes
toshiba,東芝,GR-Y500GT,toshiba-gry500gt,vegetables,ミストチャージ,湿度・乾燥対策。メーカー公式カタログ・公式仕様表で搭載を確認,official-toshiba-models,yes
toshiba,東芝,GR-Y500GT,toshiba-gry500gt,usability,自動製氷,自動製氷。メーカー公式カタログ・公式仕様表で搭載を確認,official-toshiba-models,yes
toshiba,東芝,GR-Y500GT,toshiba-gry500gt,usability,一気製氷,急速製氷。東芝公式の型番別機能一覧で確認,official-toshiba-models,yes
toshiba,東芝,GR-Y500GT,toshiba-gry500gt,usability,洗える給水経路,給水経路のお手入れ。東芝公式の型番別機能一覧で確認,official-toshiba-models,yes
toshiba,東芝,GR-Y500GT,toshiba-gry500gt,freshness,Ag+マルチバイオ脱臭,脱臭。メーカー公式カタログ・公式仕様表で搭載を確認,official-toshiba-models,yes
toshiba,東芝,GR-Y500GT,toshiba-gry500gt,freshness,W-UV除菌,除菌。メーカー公式カタログ・公式仕様表で搭載を確認,official-toshiba-models,yes
toshiba,東芝,GR-Y500GT,toshiba-gry500gt,freshness,Ag+マルチバイオ,抗菌加工。メーカー公式カタログ・公式仕様表で搭載を確認,official-toshiba-models,yes
toshiba,東芝,GR-Y500GT,toshiba-gry500gt,freshness,洗える給水経路・Ag+抗菌製氷皿,製氷系のお手入れ。東芝公式の型番別機能一覧で確認,official-toshiba-models,yes
toshiba,東芝,GR-Y500GT,toshiba-gry500gt,usability,フリードアポケット・フリー棚・2アクション棚,棚の可変性。東芝公式の型番別機能一覧で確認,official-toshiba-models,yes
toshiba,東芝,GR-Y500GT,toshiba-gry500gt,usability,タッチオープン,開閉サポート。東芝公式の型番別機能一覧で確認,official-toshiba-models,yes
toshiba,東芝,GR-Y500GT,toshiba-gry500gt,energy,かってにエコ,省エネ運転。メーカー公式カタログ・公式仕様表で搭載を確認,official-toshiba-models,yes
toshiba,東芝,GR-Y500GT,toshiba-gry500gt,usability,無線LAN,Wi-Fi。メーカー公式カタログ・公式仕様表で搭載を確認,official-toshiba-models,yes
toshiba,東芝,GR-Y500GT,toshiba-gry500gt,usability,IoLIFE,スマートフォン・アプリ連携。メーカー公式カタログ・公式仕様表で搭載を確認,official-toshiba-models,yes
toshiba,東芝,GR-Y500GT,toshiba-gry500gt,usability,IoLIFE通知・遠隔確認,通知・見守り。メーカー公式カタログ・公式仕様表で搭載を確認,official-toshiba-models,yes
toshiba,東芝,GR-Y500GT,toshiba-gry500gt,freshness,新鮮ツイン冷却システム,うるおい冷却器とパワフル冷却器を使い分ける冷却方式。,official-toshiba-models,yes
toshiba,東芝,GR-Y500GT,toshiba-gry500gt,vegetables,使い切り野菜BOX,小さな野菜も分けて使い切りやすい野菜室内の収納。,official-toshiba-models,yes
toshiba,東芝,GR-Y500GT,toshiba-gry500gt,freshness,氷結晶チルドモード,食品表面に氷の膜をつくって保存するチルドモード。,official-toshiba-models,yes
toshiba,東芝,GR-Y500GT,toshiba-gry500gt,freshness,速鮮チルドモード,食品の中まで素早く冷やして鮮度を保つチルドモード。,official-toshiba-models,yes
toshiba,東芝,GR-Y500GT,toshiba-gry500gt,freshness,解凍モード,冷凍した肉や魚を切り分けやすい状態まで解凍するモード。,official-toshiba-models,yes
toshiba,東芝,GR-Y500GT,toshiba-gry500gt,freshness,おしらせ冷却,すばやい冷却の終了をアプリ通知・アラームで知らせる。,official-toshiba-models,yes
toshiba,東芝,GR-Y500GT,toshiba-gry500gt,freshness,きれいループ,庫内を清潔に保つための冷気循環機能。,official-toshiba-models,yes
toshiba,東芝,GR-A490XFS,toshiba-gra490xfs,basic,定格内容積 487L,本体幅650mm、奥行629mm、高さ1855mm。,official-toshiba-models,no
toshiba,東芝,GR-A490XFS,toshiba-gra490xfs,energy,年間消費電力量 275kWh/年,メーカー公式仕様値。,official-toshiba-models,no
toshiba,東芝,GR-A490XFS,toshiba-gra490xfs,freezing,おいしさ密封急冷凍,急速冷凍。メーカー公式カタログ・公式仕様表で搭載を確認,official-toshiba-models,yes
toshiba,東芝,GR-A490XFS,toshiba-gra490xfs,freezing,おいしさ持続上質冷凍,高品質冷凍。メーカー公式カタログ・公式仕様表で搭載を確認,official-toshiba-models,yes
toshiba,東芝,GR-A490XFS,toshiba-gra490xfs,freezing,上質冷凍,霜つき・乾燥抑制。メーカー公式カタログ・公式仕様表で搭載を確認,official-toshiba-models,yes
toshiba,東芝,GR-A490XFS,toshiba-gra490xfs,freshness,Deliチルド／氷結晶チルド,高鮮度保存機能。メーカー公式カタログ・公式仕様表で搭載を確認,official-toshiba-models,yes
toshiba,東芝,GR-A490XFS,toshiba-gra490xfs,freshness,氷結晶チルド・解凍モード,解凍不要調理。メーカー公式カタログ・公式仕様表で搭載を確認,official-toshiba-models,yes
toshiba,東芝,GR-A490XFS,toshiba-gra490xfs,vegetables,もっと潤う摘みたて野菜室,野菜鮮度保持。メーカー公式カタログ・公式仕様表で搭載を確認,official-toshiba-models,yes
toshiba,東芝,GR-A490XFS,toshiba-gra490xfs,vegetables,ミストチャージユニット,湿度・乾燥対策。メーカー公式カタログ・公式仕様表で搭載を確認,official-toshiba-models,yes
toshiba,東芝,GR-A490XFS,toshiba-gra490xfs,usability,自動製氷,自動製氷。メーカー公式カタログ・公式仕様表で搭載を確認,official-toshiba-models,yes
toshiba,東芝,GR-A490XFS,toshiba-gra490xfs,freshness,Ag+マルチバイオ脱臭,脱臭。メーカー公式カタログ・公式仕様表で搭載を確認,official-toshiba-models,yes
toshiba,東芝,GR-A490XFS,toshiba-gra490xfs,freshness,W-UV除菌,除菌。メーカー公式カタログ・公式仕様表で搭載を確認,official-toshiba-models,yes
toshiba,東芝,GR-A490XFS,toshiba-gra490xfs,freshness,Ag+マルチバイオ,抗菌加工。メーカー公式カタログ・公式仕様表で搭載を確認,official-toshiba-models,yes
toshiba,東芝,GR-A490XFS,toshiba-gra490xfs,usability,フリードアポケット,棚の可変性。メーカー公式カタログ・公式仕様表で搭載を確認,official-toshiba-models,yes
toshiba,東芝,GR-A490XFS,toshiba-gra490xfs,usability,タッチオープン,開閉サポート。メーカー公式カタログ・公式仕様表で搭載を確認,official-toshiba-models,yes
toshiba,東芝,GR-A490XFS,toshiba-gra490xfs,energy,かってにエコ,省エネ運転。メーカー公式カタログ・公式仕様表で搭載を確認,official-toshiba-models,yes
toshiba,東芝,GR-A490XFS,toshiba-gra490xfs,energy,自動節電センサー,センサー省エネ。メーカー公式カタログ・公式仕様表で搭載を確認,official-toshiba-models,yes
toshiba,東芝,GR-A490XFS,toshiba-gra490xfs,usability,無線LAN,Wi-Fi。メーカー公式カタログ・公式仕様表で搭載を確認,official-toshiba-models,yes
toshiba,東芝,GR-A490XFS,toshiba-gra490xfs,usability,IoLIFE,スマートフォン・アプリ連携。メーカー公式カタログ・公式仕様表で搭載を確認,official-toshiba-models,yes
toshiba,東芝,GR-A490XFS,toshiba-gra490xfs,usability,IoLIFE通知・遠隔確認,通知・見守り。メーカー公式カタログ・公式仕様表で搭載を確認,official-toshiba-models,yes
toshiba,東芝,GR-A470GSH,toshiba-gra470gsh,basic,定格内容積 465L,本体幅600mm、奥行704mm、高さ1833mm。,official-toshiba-models,no
toshiba,東芝,GR-A470GSH,toshiba-gra470gsh,energy,年間消費電力量 265kWh/年,メーカー公式仕様値。,official-toshiba-models,no
toshiba,東芝,GR-A470GSH,toshiba-gra470gsh,freezing,オートパワフル冷凍,急速冷凍。メーカー公式カタログ・公式仕様表で搭載を確認,official-toshiba-models,yes
toshiba,東芝,GR-A470GSH,toshiba-gra470gsh,freshness,速鮮チルド＆解凍モード,高鮮度保存機能。東芝公式の型番別機能一覧で確認,official-toshiba-models,yes
toshiba,東芝,GR-A470GSH,toshiba-gra470gsh,vegetables,摘みたて野菜室,野菜鮮度保持。メーカー公式カタログ・公式仕様表で搭載を確認,official-toshiba-models,yes
toshiba,東芝,GR-A470GSH,toshiba-gra470gsh,usability,自動製氷,自動製氷。メーカー公式カタログ・公式仕様表で搭載を確認,official-toshiba-models,yes
toshiba,東芝,GR-A470GSH,toshiba-gra470gsh,freshness,Ag+低温触媒除菌・脱臭,脱臭。メーカー公式カタログ・公式仕様表で搭載を確認,official-toshiba-models,yes
toshiba,東芝,GR-A470GSH,toshiba-gra470gsh,freshness,Ag+低温触媒除菌,除菌。メーカー公式カタログ・公式仕様表で搭載を確認,official-toshiba-models,yes
toshiba,東芝,GR-A470GSH,toshiba-gra470gsh,energy,かってにエコ,省エネ運転。メーカー公式カタログ・公式仕様表で搭載を確認,official-toshiba-models,yes
toshiba,東芝,GR-A470GSH,toshiba-gra470gsh,freshness,新鮮ツイン冷却システム,うるおい冷却器とパワフル冷却器を使い分ける冷却方式。,official-toshiba-models,yes
toshiba,東芝,GR-U470GZ,toshiba-gru470gz,basic,定格内容積 465L,本体幅600mm、奥行704mm、高さ1833mm。,official-toshiba-models,no
toshiba,東芝,GR-U470GZ,toshiba-gru470gz,energy,年間消費電力量 246kWh/年,メーカー公式仕様値。,official-toshiba-models,no
toshiba,東芝,GR-U470GZ,toshiba-gru470gz,freezing,オートパワフル冷凍,急速冷凍。メーカー公式カタログ・公式仕様表で搭載を確認,official-toshiba-models,yes
toshiba,東芝,GR-U470GZ,toshiba-gru470gz,freshness,速鮮チルド,高鮮度保存機能。メーカー公式カタログ・公式仕様表で搭載を確認,official-toshiba-models,yes
toshiba,東芝,GR-U470GZ,toshiba-gru470gz,vegetables,摘みたて野菜室,野菜鮮度保持。メーカー公式カタログ・公式仕様表で搭載を確認,official-toshiba-models,yes
toshiba,東芝,GR-U470GZ,toshiba-gru470gz,usability,自動製氷,自動製氷。メーカー公式カタログ・公式仕様表で搭載を確認,official-toshiba-models,yes
toshiba,東芝,GR-U470GZ,toshiba-gru470gz,freshness,Ag+低温触媒除菌・脱臭,脱臭。メーカー公式カタログ・公式仕様表で搭載を確認,official-toshiba-models,yes
toshiba,東芝,GR-U470GZ,toshiba-gru470gz,freshness,Ag+低温触媒除菌,除菌。メーカー公式カタログ・公式仕様表で搭載を確認,official-toshiba-models,yes
toshiba,東芝,GR-U470GZ,toshiba-gru470gz,energy,かってにエコ,省エネ運転。メーカー公式カタログ・公式仕様表で搭載を確認,official-toshiba-models,yes
toshiba,東芝,GR-Y470GSK,toshiba-gry470gsk,basic,定格内容積 465L,本体幅600mm、奥行704mm、高さ1833mm。,official-toshiba-models,no
toshiba,東芝,GR-Y470GSK,toshiba-gry470gsk,energy,年間消費電力量 265kWh/年,メーカー公式仕様値。,official-toshiba-models,no
toshiba,東芝,GR-Y470GSK,toshiba-gry470gsk,freezing,オートパワフル冷凍,急速冷凍。メーカー公式カタログ・公式仕様表で搭載を確認,official-toshiba-models,yes
toshiba,東芝,GR-Y470GSK,toshiba-gry470gsk,freshness,速鮮チルド,高鮮度保存機能。メーカー公式カタログ・公式仕様表で搭載を確認,official-toshiba-models,yes
toshiba,東芝,GR-Y470GSK,toshiba-gry470gsk,vegetables,摘みたて野菜室,野菜鮮度保持。メーカー公式カタログ・公式仕様表で搭載を確認,official-toshiba-models,yes
toshiba,東芝,GR-Y470GSK,toshiba-gry470gsk,usability,自動製氷,自動製氷。メーカー公式カタログ・公式仕様表で搭載を確認,official-toshiba-models,yes
toshiba,東芝,GR-Y470GSK,toshiba-gry470gsk,freshness,Ag+低温触媒除菌・脱臭,脱臭。メーカー公式カタログ・公式仕様表で搭載を確認,official-toshiba-models,yes
toshiba,東芝,GR-Y470GSK,toshiba-gry470gsk,freshness,Ag+低温触媒除菌,除菌。メーカー公式カタログ・公式仕様表で搭載を確認,official-toshiba-models,yes
toshiba,東芝,GR-Y470GSK,toshiba-gry470gsk,energy,かってにエコ,省エネ運転。メーカー公式カタログ・公式仕様表で搭載を確認,official-toshiba-models,yes
toshiba,東芝,GR-A460FH,toshiba-gra460fh,basic,定格内容積 462L,本体幅650mm、奥行649mm、高さ1833mm。,official-toshiba-models,no
toshiba,東芝,GR-A460FH,toshiba-gra460fh,energy,年間消費電力量 264kWh/年,メーカー公式仕様値。,official-toshiba-models,no
toshiba,東芝,GR-A460FH,toshiba-gra460fh,freezing,オートパワフル冷凍,急速冷凍。メーカー公式カタログ・公式仕様表で搭載を確認,official-toshiba-models,yes
toshiba,東芝,GR-A460FH,toshiba-gra460fh,freshness,速鮮チルド／解凍モード,高鮮度保存機能。メーカー公式カタログ・公式仕様表で搭載を確認,official-toshiba-models,yes
toshiba,東芝,GR-A460FH,toshiba-gra460fh,usability,自動製氷,自動製氷。メーカー公式カタログ・公式仕様表で搭載を確認,official-toshiba-models,yes
toshiba,東芝,GR-A460FH,toshiba-gra460fh,freshness,Ag+低温触媒除菌・脱臭,脱臭。メーカー公式カタログ・公式仕様表で搭載を確認,official-toshiba-models,yes
toshiba,東芝,GR-A460FH,toshiba-gra460fh,freshness,Ag+低温触媒除菌,除菌。メーカー公式カタログ・公式仕様表で搭載を確認,official-toshiba-models,yes
toshiba,東芝,GR-A460FH,toshiba-gra460fh,usability,自在棚・ドアポケット,棚の可変性。メーカー公式カタログ・公式仕様表で搭載を確認,official-toshiba-models,yes
toshiba,東芝,GR-A460FH,toshiba-gra460fh,energy,かってにエコ,省エネ運転。メーカー公式カタログ・公式仕様表で搭載を確認,official-toshiba-models,yes
toshiba,東芝,GR-Y460FK,toshiba-gry460fk,basic,定格内容積 462L,本体幅650mm、奥行649mm、高さ1833mm。,official-toshiba-models,no
toshiba,東芝,GR-Y460FK,toshiba-gry460fk,energy,年間消費電力量 264kWh/年,メーカー公式仕様値。,official-toshiba-models,no
toshiba,東芝,GR-Y460FK,toshiba-gry460fk,freezing,オートパワフル冷凍,急速冷凍。メーカー公式カタログ・公式仕様表で搭載を確認,official-toshiba-models,yes
toshiba,東芝,GR-Y460FK,toshiba-gry460fk,freshness,速鮮チルド／解凍モード,高鮮度保存機能。メーカー公式カタログ・公式仕様表で搭載を確認,official-toshiba-models,yes
toshiba,東芝,GR-Y460FK,toshiba-gry460fk,usability,自動製氷,自動製氷。メーカー公式カタログ・公式仕様表で搭載を確認,official-toshiba-models,yes
toshiba,東芝,GR-Y460FK,toshiba-gry460fk,freshness,Ag+低温触媒除菌・脱臭,脱臭。メーカー公式カタログ・公式仕様表で搭載を確認,official-toshiba-models,yes
toshiba,東芝,GR-Y460FK,toshiba-gry460fk,freshness,Ag+低温触媒除菌,除菌。メーカー公式カタログ・公式仕様表で搭載を確認,official-toshiba-models,yes
toshiba,東芝,GR-Y460FK,toshiba-gry460fk,usability,自在棚・ドアポケット,棚の可変性。メーカー公式カタログ・公式仕様表で搭載を確認,official-toshiba-models,yes
toshiba,東芝,GR-Y460FK,toshiba-gry460fk,energy,かってにエコ,省エネ運転。メーカー公式カタログ・公式仕様表で搭載を確認,official-toshiba-models,yes
toshiba,東芝,GR-A460FZ,toshiba-gra460fz,basic,定格内容積 461L,本体幅650mm、奥行649mm、高さ1833mm。,official-toshiba-models,no
toshiba,東芝,GR-A460FZ,toshiba-gra460fz,energy,年間消費電力量 259kWh/年,メーカー公式仕様値。,official-toshiba-models,no
toshiba,東芝,GR-A460FZ,toshiba-gra460fz,freezing,おいしさ密封急冷凍,急速冷凍。メーカー公式カタログ・公式仕様表で搭載を確認,official-toshiba-models,yes
toshiba,東芝,GR-A460FZ,toshiba-gra460fz,freezing,おいしさ持続上質冷凍,高品質冷凍。メーカー公式カタログ・公式仕様表で搭載を確認,official-toshiba-models,yes
toshiba,東芝,GR-A460FZ,toshiba-gra460fz,freezing,切替冷凍,作り置き・冷凍食品向け。メーカー公式カタログ・公式仕様表で搭載を確認,official-toshiba-models,yes
toshiba,東芝,GR-A460FZ,toshiba-gra460fz,freshness,氷結晶チルド／速鮮チルド,高鮮度保存機能。メーカー公式カタログ・公式仕様表で搭載を確認,official-toshiba-models,yes
toshiba,東芝,GR-A460FZ,toshiba-gra460fz,vegetables,もっと潤う摘みたて野菜室,野菜鮮度保持。メーカー公式カタログ・公式仕様表で搭載を確認,official-toshiba-models,yes
toshiba,東芝,GR-A460FZ,toshiba-gra460fz,vegetables,ミストチャージユニット,湿度・乾燥対策。メーカー公式カタログ・公式仕様表で搭載を確認,official-toshiba-models,yes
toshiba,東芝,GR-A460FZ,toshiba-gra460fz,usability,自動製氷,自動製氷。メーカー公式カタログ・公式仕様表で搭載を確認,official-toshiba-models,yes
toshiba,東芝,GR-A460FZ,toshiba-gra460fz,freshness,Ag+低温触媒除菌・脱臭,脱臭。メーカー公式カタログ・公式仕様表で搭載を確認,official-toshiba-models,yes
toshiba,東芝,GR-A460FZ,toshiba-gra460fz,freshness,Ag+低温触媒除菌,除菌。メーカー公式カタログ・公式仕様表で搭載を確認,official-toshiba-models,yes
toshiba,東芝,GR-A460FZ,toshiba-gra460fz,usability,フリードアポケット,棚の可変性。メーカー公式カタログ・公式仕様表で搭載を確認,official-toshiba-models,yes
toshiba,東芝,GR-A460FZ,toshiba-gra460fz,energy,かってにエコ,省エネ運転。メーカー公式カタログ・公式仕様表で搭載を確認,official-toshiba-models,yes
toshiba,東芝,GR-A450GT,toshiba-gra450gt,basic,定格内容積 452L,本体幅600mm、奥行649mm、高さ1850mm。,official-toshiba-models,no
toshiba,東芝,GR-A450GT,toshiba-gra450gt,energy,年間消費電力量 261kWh/年,メーカー公式仕様値。,official-toshiba-models,no
toshiba,東芝,GR-A450GT,toshiba-gra450gt,freezing,おいしさ密封急冷凍,急速冷凍。メーカー公式カタログ・公式仕様表で搭載を確認,official-toshiba-models,yes
toshiba,東芝,GR-A450GT,toshiba-gra450gt,freezing,おいしさ持続上質冷凍,高品質冷凍。メーカー公式カタログ・公式仕様表で搭載を確認,official-toshiba-models,yes
toshiba,東芝,GR-A450GT,toshiba-gra450gt,freezing,粗熱取り,作り置き・冷凍食品向け。メーカー公式カタログ・公式仕様表で搭載を確認,official-toshiba-models,yes
toshiba,東芝,GR-A450GT,toshiba-gra450gt,freshness,冷蔵室チルドモード／氷結晶チルド／速鮮チルド／解凍モード,高鮮度保存機能。東芝公式の型番別機能一覧で確認,official-toshiba-models,yes
toshiba,東芝,GR-A450GT,toshiba-gra450gt,vegetables,もっと潤う摘みたて野菜室,野菜鮮度保持。メーカー公式カタログ・公式仕様表で搭載を確認,official-toshiba-models,yes
toshiba,東芝,GR-A450GT,toshiba-gra450gt,vegetables,ミストチャージ,湿度・乾燥対策。メーカー公式カタログ・公式仕様表で搭載を確認,official-toshiba-models,yes
toshiba,東芝,GR-A450GT,toshiba-gra450gt,usability,自動製氷,自動製氷。メーカー公式カタログ・公式仕様表で搭載を確認,official-toshiba-models,yes
toshiba,東芝,GR-A450GT,toshiba-gra450gt,usability,一気製氷,急速製氷。東芝公式の型番別機能一覧で確認,official-toshiba-models,yes
toshiba,東芝,GR-A450GT,toshiba-gra450gt,usability,洗える給水経路,給水経路のお手入れ。東芝公式の型番別機能一覧で確認,official-toshiba-models,yes
toshiba,東芝,GR-A450GT,toshiba-gra450gt,freshness,Ag+マルチバイオ脱臭,脱臭。メーカー公式カタログ・公式仕様表で搭載を確認,official-toshiba-models,yes
toshiba,東芝,GR-A450GT,toshiba-gra450gt,freshness,W-UV除菌,除菌。メーカー公式カタログ・公式仕様表で搭載を確認,official-toshiba-models,yes
toshiba,東芝,GR-A450GT,toshiba-gra450gt,freshness,Ag+マルチバイオ,抗菌加工。メーカー公式カタログ・公式仕様表で搭載を確認,official-toshiba-models,yes
toshiba,東芝,GR-A450GT,toshiba-gra450gt,freshness,洗える給水経路・Ag+抗菌製氷皿,製氷系のお手入れ。東芝公式の型番別機能一覧で確認,official-toshiba-models,yes
toshiba,東芝,GR-A450GT,toshiba-gra450gt,usability,フリードアポケット・フリー棚・2アクション棚,棚の可変性。東芝公式の型番別機能一覧で確認,official-toshiba-models,yes
toshiba,東芝,GR-A450GT,toshiba-gra450gt,usability,タッチオープン,開閉サポート。東芝公式の型番別機能一覧で確認,official-toshiba-models,yes
toshiba,東芝,GR-A450GT,toshiba-gra450gt,energy,かってにエコ,省エネ運転。メーカー公式カタログ・公式仕様表で搭載を確認,official-toshiba-models,yes
toshiba,東芝,GR-A450GT,toshiba-gra450gt,usability,無線LAN,Wi-Fi。メーカー公式カタログ・公式仕様表で搭載を確認,official-toshiba-models,yes
toshiba,東芝,GR-A450GT,toshiba-gra450gt,usability,IoLIFE,スマートフォン・アプリ連携。メーカー公式カタログ・公式仕様表で搭載を確認,official-toshiba-models,yes
toshiba,東芝,GR-A450GT,toshiba-gra450gt,usability,IoLIFE通知・遠隔確認,通知・見守り。メーカー公式カタログ・公式仕様表で搭載を確認,official-toshiba-models,yes
toshiba,東芝,GR-A450GT,toshiba-gra450gt,freshness,新鮮ツイン冷却システム,うるおい冷却器とパワフル冷却器を使い分ける冷却方式。,official-toshiba-models,yes
toshiba,東芝,GR-A450GT,toshiba-gra450gt,vegetables,使い切り野菜BOX,小さな野菜も分けて使い切りやすい野菜室内の収納。,official-toshiba-models,yes
toshiba,東芝,GR-A450GT,toshiba-gra450gt,freshness,氷結晶チルドモード,食品表面に氷の膜をつくって保存するチルドモード。,official-toshiba-models,yes
toshiba,東芝,GR-A450GT,toshiba-gra450gt,freshness,速鮮チルドモード,食品の中まで素早く冷やして鮮度を保つチルドモード。,official-toshiba-models,yes
toshiba,東芝,GR-A450GT,toshiba-gra450gt,freshness,解凍モード,冷凍した肉や魚を切り分けやすい状態まで解凍するモード。,official-toshiba-models,yes
toshiba,東芝,GR-A450GT,toshiba-gra450gt,freshness,おしらせ冷却,すばやい冷却の終了をアプリ通知・アラームで知らせる。,official-toshiba-models,yes
toshiba,東芝,GR-A450GT,toshiba-gra450gt,freshness,きれいループ,庫内を清潔に保つための冷気循環機能。,official-toshiba-models,yes
toshiba,東芝,GR-Y450GT,toshiba-gry450gt,basic,定格内容積 452L,本体幅600mm、奥行649mm、高さ1850mm。,official-toshiba-models,no
toshiba,東芝,GR-Y450GT,toshiba-gry450gt,energy,年間消費電力量 261kWh/年,メーカー公式仕様値。,official-toshiba-models,no
toshiba,東芝,GR-Y450GT,toshiba-gry450gt,freezing,おいしさ密封急冷凍,急速冷凍。メーカー公式カタログ・公式仕様表で搭載を確認,official-toshiba-models,yes
toshiba,東芝,GR-Y450GT,toshiba-gry450gt,freezing,おいしさ持続上質冷凍,高品質冷凍。メーカー公式カタログ・公式仕様表で搭載を確認,official-toshiba-models,yes
toshiba,東芝,GR-Y450GT,toshiba-gry450gt,freezing,粗熱取り,作り置き・冷凍食品向け。メーカー公式カタログ・公式仕様表で搭載を確認,official-toshiba-models,yes
toshiba,東芝,GR-Y450GT,toshiba-gry450gt,freshness,冷蔵室チルドモード／氷結晶チルド／速鮮チルド／解凍モード,高鮮度保存機能。東芝公式の型番別機能一覧で確認,official-toshiba-models,yes
toshiba,東芝,GR-Y450GT,toshiba-gry450gt,vegetables,もっと潤う摘みたて野菜室,野菜鮮度保持。メーカー公式カタログ・公式仕様表で搭載を確認,official-toshiba-models,yes
toshiba,東芝,GR-Y450GT,toshiba-gry450gt,vegetables,ミストチャージ,湿度・乾燥対策。メーカー公式カタログ・公式仕様表で搭載を確認,official-toshiba-models,yes
toshiba,東芝,GR-Y450GT,toshiba-gry450gt,usability,自動製氷,自動製氷。メーカー公式カタログ・公式仕様表で搭載を確認,official-toshiba-models,yes
toshiba,東芝,GR-Y450GT,toshiba-gry450gt,usability,一気製氷,急速製氷。東芝公式の型番別機能一覧で確認,official-toshiba-models,yes
toshiba,東芝,GR-Y450GT,toshiba-gry450gt,usability,洗える給水経路,給水経路のお手入れ。東芝公式の型番別機能一覧で確認,official-toshiba-models,yes
toshiba,東芝,GR-Y450GT,toshiba-gry450gt,freshness,Ag+マルチバイオ脱臭,脱臭。メーカー公式カタログ・公式仕様表で搭載を確認,official-toshiba-models,yes
toshiba,東芝,GR-Y450GT,toshiba-gry450gt,freshness,W-UV除菌,除菌。メーカー公式カタログ・公式仕様表で搭載を確認,official-toshiba-models,yes
toshiba,東芝,GR-Y450GT,toshiba-gry450gt,freshness,Ag+マルチバイオ,抗菌加工。メーカー公式カタログ・公式仕様表で搭載を確認,official-toshiba-models,yes
toshiba,東芝,GR-Y450GT,toshiba-gry450gt,freshness,洗える給水経路・Ag+抗菌製氷皿,製氷系のお手入れ。東芝公式の型番別機能一覧で確認,official-toshiba-models,yes
toshiba,東芝,GR-Y450GT,toshiba-gry450gt,usability,フリードアポケット・フリー棚・2アクション棚,棚の可変性。東芝公式の型番別機能一覧で確認,official-toshiba-models,yes
toshiba,東芝,GR-Y450GT,toshiba-gry450gt,usability,タッチオープン,開閉サポート。東芝公式の型番別機能一覧で確認,official-toshiba-models,yes
toshiba,東芝,GR-Y450GT,toshiba-gry450gt,energy,かってにエコ,省エネ運転。メーカー公式カタログ・公式仕様表で搭載を確認,official-toshiba-models,yes
toshiba,東芝,GR-Y450GT,toshiba-gry450gt,usability,無線LAN,Wi-Fi。メーカー公式カタログ・公式仕様表で搭載を確認,official-toshiba-models,yes
toshiba,東芝,GR-Y450GT,toshiba-gry450gt,usability,IoLIFE,スマートフォン・アプリ連携。メーカー公式カタログ・公式仕様表で搭載を確認,official-toshiba-models,yes
toshiba,東芝,GR-Y450GT,toshiba-gry450gt,usability,IoLIFE通知・遠隔確認,通知・見守り。メーカー公式カタログ・公式仕様表で搭載を確認,official-toshiba-models,yes
toshiba,東芝,GR-Y450GT,toshiba-gry450gt,freshness,新鮮ツイン冷却システム,うるおい冷却器とパワフル冷却器を使い分ける冷却方式。,official-toshiba-models,yes
toshiba,東芝,GR-Y450GT,toshiba-gry450gt,vegetables,使い切り野菜BOX,小さな野菜も分けて使い切りやすい野菜室内の収納。,official-toshiba-models,yes
toshiba,東芝,GR-Y450GT,toshiba-gry450gt,freshness,氷結晶チルドモード,食品表面に氷の膜をつくって保存するチルドモード。,official-toshiba-models,yes
toshiba,東芝,GR-Y450GT,toshiba-gry450gt,freshness,速鮮チルドモード,食品の中まで素早く冷やして鮮度を保つチルドモード。,official-toshiba-models,yes
toshiba,東芝,GR-Y450GT,toshiba-gry450gt,freshness,解凍モード,冷凍した肉や魚を切り分けやすい状態まで解凍するモード。,official-toshiba-models,yes
toshiba,東芝,GR-Y450GT,toshiba-gry450gt,freshness,おしらせ冷却,すばやい冷却の終了をアプリ通知・アラームで知らせる。,official-toshiba-models,yes
toshiba,東芝,GR-Y450GT,toshiba-gry450gt,freshness,きれいループ,庫内を清潔に保つための冷気循環機能。,official-toshiba-models,yes
toshiba,東芝,GR-A41GXH,toshiba-gra41gxh,basic,定格内容積 411L,本体幅600mm、奥行692mm、高さ1821mm。,official-toshiba-models,no
toshiba,東芝,GR-A41GXH,toshiba-gra41gxh,energy,年間消費電力量 315kWh/年,メーカー公式仕様値。,official-toshiba-models,no
toshiba,東芝,GR-A41GXH,toshiba-gra41gxh,freezing,オートパワフル冷凍,急速冷凍。メーカー公式カタログ・公式仕様表で搭載を確認,official-toshiba-models,yes
toshiba,東芝,GR-A41GXH,toshiba-gra41gxh,freshness,速鮮チルド,高鮮度保存機能。メーカー公式カタログ・公式仕様表で搭載を確認,official-toshiba-models,yes
toshiba,東芝,GR-A41GXH,toshiba-gra41gxh,vegetables,摘みたて野菜室,野菜鮮度保持。メーカー公式カタログ・公式仕様表で搭載を確認,official-toshiba-models,yes
toshiba,東芝,GR-A41GXH,toshiba-gra41gxh,usability,自動製氷,自動製氷。メーカー公式カタログ・公式仕様表で搭載を確認,official-toshiba-models,yes
toshiba,東芝,GR-A41GXH,toshiba-gra41gxh,freshness,Ag+低温触媒除菌・脱臭,脱臭。メーカー公式カタログ・公式仕様表で搭載を確認,official-toshiba-models,yes
toshiba,東芝,GR-A41GXH,toshiba-gra41gxh,freshness,Ag+低温触媒除菌,除菌。メーカー公式カタログ・公式仕様表で搭載を確認,official-toshiba-models,yes
toshiba,東芝,GR-A41GXH,toshiba-gra41gxh,energy,かってにエコ,省エネ運転。メーカー公式カタログ・公式仕様表で搭載を確認,official-toshiba-models,yes
toshiba,東芝,GR-Y41GH,toshiba-gry41gh,basic,定格内容積 411L,本体幅600mm、奥行692mm、高さ1816mm。,official-toshiba-models,no
toshiba,東芝,GR-Y41GH,toshiba-gry41gh,energy,年間消費電力量 315kWh/年,メーカー公式仕様値。,official-toshiba-models,no
toshiba,東芝,GR-Y41GH,toshiba-gry41gh,freezing,オートパワフル冷凍,急速冷凍。メーカー公式カタログ・公式仕様表で搭載を確認,official-toshiba-models,yes
toshiba,東芝,GR-Y41GH,toshiba-gry41gh,freshness,速鮮チルド,高鮮度保存機能。メーカー公式カタログ・公式仕様表で搭載を確認,official-toshiba-models,yes
toshiba,東芝,GR-Y41GH,toshiba-gry41gh,vegetables,摘みたて野菜室,野菜鮮度保持。メーカー公式カタログ・公式仕様表で搭載を確認,official-toshiba-models,yes
toshiba,東芝,GR-Y41GH,toshiba-gry41gh,usability,自動製氷,自動製氷。メーカー公式カタログ・公式仕様表で搭載を確認,official-toshiba-models,yes
toshiba,東芝,GR-Y41GH,toshiba-gry41gh,freshness,Ag+低温触媒除菌・脱臭,脱臭。メーカー公式カタログ・公式仕様表で搭載を確認,official-toshiba-models,yes
toshiba,東芝,GR-Y41GH,toshiba-gry41gh,freshness,Ag+低温触媒除菌,除菌。メーカー公式カタログ・公式仕様表で搭載を確認,official-toshiba-models,yes
toshiba,東芝,GR-Y41GH,toshiba-gry41gh,energy,かってにエコ,省エネ運転。メーカー公式カタログ・公式仕様表で搭載を確認,official-toshiba-models,yes
toshiba,東芝,GR-Y41GXK,toshiba-gry41gxk,basic,定格内容積 411L,本体幅600mm、奥行692mm、高さ1821mm。,official-toshiba-models,no
toshiba,東芝,GR-Y41GXK,toshiba-gry41gxk,energy,年間消費電力量 315kWh/年,メーカー公式仕様値。,official-toshiba-models,no
toshiba,東芝,GR-Y41GXK,toshiba-gry41gxk,freezing,オートパワフル冷凍,急速冷凍。メーカー公式カタログ・公式仕様表で搭載を確認,official-toshiba-models,yes
toshiba,東芝,GR-Y41GXK,toshiba-gry41gxk,freshness,速鮮チルド,高鮮度保存機能。メーカー公式カタログ・公式仕様表で搭載を確認,official-toshiba-models,yes
toshiba,東芝,GR-Y41GXK,toshiba-gry41gxk,vegetables,摘みたて野菜室,野菜鮮度保持。メーカー公式カタログ・公式仕様表で搭載を確認,official-toshiba-models,yes
toshiba,東芝,GR-Y41GXK,toshiba-gry41gxk,usability,自動製氷,自動製氷。メーカー公式カタログ・公式仕様表で搭載を確認,official-toshiba-models,yes
toshiba,東芝,GR-Y41GXK,toshiba-gry41gxk,freshness,Ag+低温触媒除菌・脱臭,脱臭。メーカー公式カタログ・公式仕様表で搭載を確認,official-toshiba-models,yes
toshiba,東芝,GR-Y41GXK,toshiba-gry41gxk,freshness,Ag+低温触媒除菌,除菌。メーカー公式カタログ・公式仕様表で搭載を確認,official-toshiba-models,yes
toshiba,東芝,GR-Y41GXK,toshiba-gry41gxk,energy,かってにエコ,省エネ運転。メーカー公式カタログ・公式仕様表で搭載を確認,official-toshiba-models,yes
toshiba,東芝,GR-W36SV,toshiba-grw36sv,basic,定格内容積 356L,本体幅600mm、奥行665mm、高さ1757mm。,official-toshiba-models,no
toshiba,東芝,GR-W36SV,toshiba-grw36sv,energy,年間消費電力量 330kWh/年,メーカー公式仕様値。,official-toshiba-models,no
toshiba,東芝,GR-W36SV,toshiba-grw36sv,freezing,オートパワフル冷凍,急速冷凍。メーカー公式カタログ・公式仕様表で搭載を確認,official-toshiba-models,yes
toshiba,東芝,GR-W36SV,toshiba-grw36sv,freshness,チルドルーム,高鮮度保存機能。メーカー公式カタログ・公式仕様表で搭載を確認,official-toshiba-models,yes
toshiba,東芝,GR-W36SV,toshiba-grw36sv,freshness,Ag+低温触媒除菌・脱臭,脱臭。メーカー公式カタログ・公式仕様表で搭載を確認,official-toshiba-models,yes
toshiba,東芝,GR-W36SV,toshiba-grw36sv,freshness,Ag+低温触媒除菌,除菌。メーカー公式カタログ・公式仕様表で搭載を確認,official-toshiba-models,yes
toshiba,東芝,GR-Y36SC,toshiba-gry36sc,basic,定格内容積 356L,本体幅600mm、奥行665mm、高さ1757mm。,official-toshiba-models,no
toshiba,東芝,GR-Y36SC,toshiba-gry36sc,energy,年間消費電力量 330kWh/年,メーカー公式仕様値。,official-toshiba-models,no
toshiba,東芝,GR-Y36SC,toshiba-gry36sc,freezing,オートパワフル冷凍,急速冷凍。メーカー公式カタログ・公式仕様表で搭載を確認,official-toshiba-models,yes
toshiba,東芝,GR-Y36SC,toshiba-gry36sc,freshness,チルドルーム,高鮮度保存機能。メーカー公式カタログ・公式仕様表で搭載を確認,official-toshiba-models,yes
toshiba,東芝,GR-Y36SC,toshiba-gry36sc,freshness,Ag+低温触媒除菌・脱臭,脱臭。メーカー公式カタログ・公式仕様表で搭載を確認,official-toshiba-models,yes
toshiba,東芝,GR-Y36SC,toshiba-gry36sc,freshness,Ag+低温触媒除菌,除菌。メーカー公式カタログ・公式仕様表で搭載を確認,official-toshiba-models,yes
toshiba,東芝,GR-Y36SV,toshiba-gry36sv,basic,定格内容積 356L,本体幅600mm、奥行665mm、高さ1757mm。,official-toshiba-models,no
toshiba,東芝,GR-Y36SV,toshiba-gry36sv,energy,年間消費電力量 330kWh/年,メーカー公式仕様値。,official-toshiba-models,no
toshiba,東芝,GR-Y36SV,toshiba-gry36sv,freezing,オートパワフル冷凍,急速冷凍。メーカー公式カタログ・公式仕様表で搭載を確認,official-toshiba-models,yes
toshiba,東芝,GR-Y36SV,toshiba-gry36sv,freshness,チルドルーム,高鮮度保存機能。メーカー公式カタログ・公式仕様表で搭載を確認,official-toshiba-models,yes
toshiba,東芝,GR-Y36SV,toshiba-gry36sv,freshness,Ag+低温触媒除菌・脱臭,脱臭。メーカー公式カタログ・公式仕様表で搭載を確認,official-toshiba-models,yes
toshiba,東芝,GR-Y36SV,toshiba-gry36sv,freshness,Ag+低温触媒除菌,除菌。メーカー公式カタログ・公式仕様表で搭載を確認,official-toshiba-models,yes
sharp,シャープ,SJ-MF61R,sharp-sj-mf61r,basic,定格内容積 607L,冷蔵室319L、野菜室110L、冷凍室154L、製氷室24L。,sharp-mf61r,no
sharp,シャープ,SJ-MF61R,sharp-sj-mf61r,basic,外形寸法 785×630×1855mm,ピラーレスフレンチドア、最小必要設置スペース795×630×1885mm。,sharp-mf61r,no
sharp,シャープ,SJ-MF61R,sharp-sj-mf61r,freshness,うるおいチルド,乾燥を抑えながらチルド保存。,sharp-mf61r,no
sharp,シャープ,SJ-MF61R,sharp-sj-mf61r,vegetables,真ん中野菜室,野菜をかがまず出し入れしやすいレイアウト。,sharp-mf61r,no
sharp,シャープ,SJ-MF61R,sharp-sj-mf61r,freshness,プラズマクラスター,冷蔵室内の清潔性をサポート。,sharp-mf61r,no
sharp,シャープ,SJ-MF61R,sharp-sj-mf61r,energy,年間消費電力量 290kWh/年,省エネ基準達成率110%、静音約20dB。,sharp-mf61r,no
sharp,シャープ,SJ-MF61R,sharp-sj-mf61r,freezing,快速冷凍,急速冷凍。メーカー公式カタログ・公式仕様表で搭載を確認,sharp-news|sharp-mf61r,yes
sharp,シャープ,SJ-MF61R,sharp-sj-mf61r,freezing,新鮮冷凍,高品質冷凍。メーカー公式カタログ・公式仕様表で搭載を確認,sharp-news|sharp-mf61r,yes
sharp,シャープ,SJ-MF61R,sharp-sj-mf61r,freezing,パラパラ冷凍・味しみ冷凍,作り置き・冷凍食品向け。メーカー公式カタログ・公式仕様表で搭載を確認,sharp-news|sharp-mf61r,yes
sharp,シャープ,SJ-MF61R,sharp-sj-mf61r,freshness,うるおいチルド／低温作りおきルーム,高鮮度保存機能。メーカー公式カタログ・公式仕様表で搭載を確認,sharp-news|sharp-mf61r,yes
sharp,シャープ,SJ-MF61R,sharp-sj-mf61r,vegetables,雪下シャキット野菜室,野菜鮮度保持。メーカー公式カタログ・公式仕様表で搭載を確認,sharp-news|sharp-mf61r,yes
sharp,シャープ,SJ-MF61R,sharp-sj-mf61r,vegetables,低温・高湿コントロール,湿度・乾燥対策。メーカー公式カタログ・公式仕様表で搭載を確認,sharp-news|sharp-mf61r,yes
sharp,シャープ,SJ-MF61R,sharp-sj-mf61r,usability,自動製氷,自動製氷。メーカー公式カタログ・公式仕様表で搭載を確認,sharp-news|sharp-mf61r,yes
sharp,シャープ,SJ-MF61R,sharp-sj-mf61r,usability,快速製氷,急速製氷。メーカー公式カタログ・公式仕様表で搭載を確認,sharp-news|sharp-mf61r,yes
sharp,シャープ,SJ-MF61R,sharp-sj-mf61r,freshness,ナノ低温脱臭触媒,脱臭。メーカー公式カタログ・公式仕様表で搭載を確認,sharp-news|sharp-mf61r,yes
sharp,シャープ,SJ-MF61R,sharp-sj-mf61r,freshness,Ag+イオン加工製氷ユニット,抗菌加工。メーカー公式カタログ・公式仕様表で搭載を確認,sharp-news|sharp-mf61r,yes
sharp,シャープ,SJ-MF61R,sharp-sj-mf61r,freshness,パッキンの汚れガード,汚れ防止・庫内清潔。メーカー公式カタログ・公式仕様表で搭載を確認,sharp-news|sharp-mf61r,yes
sharp,シャープ,SJ-MF61R,sharp-sj-mf61r,usability,高さ調節棚,棚の可変性。メーカー公式カタログ・公式仕様表で搭載を確認,sharp-news|sharp-mf61r,yes
sharp,シャープ,SJ-MF61R,sharp-sj-mf61r,usability,オートクローズ,開閉サポート。メーカー公式カタログ・公式仕様表で搭載を確認,sharp-news|sharp-mf61r,yes
sharp,シャープ,SJ-MF61R,sharp-sj-mf61r,energy,つないでもっと節電／節電25,省エネ運転。メーカー公式カタログ・公式仕様表で搭載を確認,sharp-news|sharp-mf61r,yes
sharp,シャープ,SJ-MF61R,sharp-sj-mf61r,usability,無線LAN,Wi-Fi。メーカー公式カタログ・公式仕様表で搭載を確認,sharp-news|sharp-mf61r,yes
sharp,シャープ,SJ-MF61R,sharp-sj-mf61r,usability,COCORO HOME,スマートフォン・アプリ連携。メーカー公式カタログ・公式仕様表で搭載を確認,sharp-news|sharp-mf61r,yes
sharp,シャープ,SJ-MF61R,sharp-sj-mf61r,usability,使い切りメモ,食材管理。メーカー公式カタログ・公式仕様表で搭載を確認,sharp-news|sharp-mf61r,yes
sharp,シャープ,SJ-MF61R,sharp-sj-mf61r,usability,見守り機能,通知・見守り。メーカー公式カタログ・公式仕様表で搭載を確認,sharp-news|sharp-mf61r,yes
sharp,シャープ,SJ-MF61R,sharp-sj-mf61r,usability,COCORO HOME AI,AI機能。メーカー公式カタログ・公式仕様表で搭載を確認,sharp-news|sharp-mf61r,yes
sharp,シャープ,SJ-MF55M,sharp-sjmf55m,basic,定格内容積 545L,本体幅730mm、奥行630mm、高さ1838mm。,official-sharp-models,no
sharp,シャープ,SJ-MF55M,sharp-sjmf55m,energy,年間消費電力量 283kWh/年,2021年省エネ基準達成率105%。,official-sharp-models,no
sharp,シャープ,SJ-MF55M,sharp-sjmf55m,freezing,快速冷凍,急速冷凍。メーカー公式カタログ・公式仕様表で搭載を確認,official-sharp-models,yes
sharp,シャープ,SJ-MF55M,sharp-sjmf55m,freezing,新鮮冷凍,高品質冷凍。メーカー公式カタログ・公式仕様表で搭載を確認,official-sharp-models,yes
sharp,シャープ,SJ-MF55M,sharp-sjmf55m,freezing,パラパラ冷凍・味しみ冷凍,作り置き・冷凍食品向け。メーカー公式カタログ・公式仕様表で搭載を確認,official-sharp-models,yes
sharp,シャープ,SJ-MF55M,sharp-sjmf55m,freshness,うるおいチルド／低温作りおきルーム,高鮮度保存機能。メーカー公式カタログ・公式仕様表で搭載を確認,official-sharp-models,yes
sharp,シャープ,SJ-MF55M,sharp-sjmf55m,vegetables,雪下シャキット野菜室,野菜鮮度保持。メーカー公式カタログ・公式仕様表で搭載を確認,official-sharp-models,yes
sharp,シャープ,SJ-MF55M,sharp-sjmf55m,vegetables,低温・高湿コントロール,湿度・乾燥対策。メーカー公式カタログ・公式仕様表で搭載を確認,official-sharp-models,yes
sharp,シャープ,SJ-MF55M,sharp-sjmf55m,usability,自動製氷,自動製氷。メーカー公式カタログ・公式仕様表で搭載を確認,official-sharp-models,yes
sharp,シャープ,SJ-MF55M,sharp-sjmf55m,usability,快速製氷,急速製氷。メーカー公式カタログ・公式仕様表で搭載を確認,official-sharp-models,yes
sharp,シャープ,SJ-MF55M,sharp-sjmf55m,freshness,ナノ低温脱臭触媒,脱臭。メーカー公式カタログ・公式仕様表で搭載を確認,official-sharp-models,yes
sharp,シャープ,SJ-MF55M,sharp-sjmf55m,freshness,プラズマクラスター,除菌。メーカー公式カタログ・公式仕様表で搭載を確認,official-sharp-models,yes
sharp,シャープ,SJ-MF55M,sharp-sjmf55m,freshness,Ag+イオン加工製氷ユニット,抗菌加工。メーカー公式カタログ・公式仕様表で搭載を確認,official-sharp-models,yes
sharp,シャープ,SJ-MF55M,sharp-sjmf55m,freshness,パッキンの汚れガード,汚れ防止・庫内清潔。メーカー公式カタログ・公式仕様表で搭載を確認,official-sharp-models,yes
sharp,シャープ,SJ-MF55M,sharp-sjmf55m,usability,高さ調節棚,棚の可変性。メーカー公式カタログ・公式仕様表で搭載を確認,official-sharp-models,yes
sharp,シャープ,SJ-MF55M,sharp-sjmf55m,usability,オートクローズ,開閉サポート。メーカー公式カタログ・公式仕様表で搭載を確認,official-sharp-models,yes
sharp,シャープ,SJ-MF55M,sharp-sjmf55m,energy,節電25／つないでもっと節電,省エネ運転。メーカー公式カタログ・公式仕様表で搭載を確認,official-sharp-models,yes
sharp,シャープ,SJ-MF55P,sharp-sj-mf55p,basic,定格内容積 545L,冷蔵室286L、野菜室97L、冷凍室142L。,sharp-mf55p,no
sharp,シャープ,SJ-MF55P,sharp-sj-mf55p,basic,外形寸法 730×630×1838mm,ピラーレスフレンチドア、質量102kg。,sharp-mf55p,no
sharp,シャープ,SJ-MF55P,sharp-sj-mf55p,vegetables,雪下シャキット野菜室,低温・高湿の真ん中野菜室。,sharp-mf55p,no
sharp,シャープ,SJ-MF55P,sharp-sj-mf55p,freshness,うるおいチルド・低温作りおきルーム,生鮮食品と作り置きの保存を分けやすい。,sharp-mf55p,no
sharp,シャープ,SJ-MF55P,sharp-sj-mf55p,usability,COCORO HOME対応,無線LAN接続で献立提案や運転状況確認などに対応。,sharp-mf55p,no
sharp,シャープ,SJ-MF55P,sharp-sj-mf55p,energy,年間消費電力量 283kWh/年,省エネ基準達成率105%、静音約20dB。,sharp-mf55p,no
sharp,シャープ,SJ-MF55P,sharp-sj-mf55p,freezing,快速冷凍,急速冷凍。メーカー公式カタログ・公式仕様表で搭載を確認,sharp-news|sharp-mf55p,yes
sharp,シャープ,SJ-MF55P,sharp-sj-mf55p,freezing,新鮮冷凍,高品質冷凍。メーカー公式カタログ・公式仕様表で搭載を確認,sharp-news|sharp-mf55p,yes
sharp,シャープ,SJ-MF55P,sharp-sj-mf55p,freezing,パラパラ冷凍・味しみ冷凍,作り置き・冷凍食品向け。メーカー公式カタログ・公式仕様表で搭載を確認,sharp-news|sharp-mf55p,yes
sharp,シャープ,SJ-MF55P,sharp-sj-mf55p,vegetables,低温・高湿コントロール,湿度・乾燥対策。メーカー公式カタログ・公式仕様表で搭載を確認,sharp-news|sharp-mf55p,yes
sharp,シャープ,SJ-MF55P,sharp-sj-mf55p,usability,自動製氷,自動製氷。メーカー公式カタログ・公式仕様表で搭載を確認,sharp-news|sharp-mf55p,yes
sharp,シャープ,SJ-MF55P,sharp-sj-mf55p,usability,快速製氷,急速製氷。メーカー公式カタログ・公式仕様表で搭載を確認,sharp-news|sharp-mf55p,yes
sharp,シャープ,SJ-MF55P,sharp-sj-mf55p,freshness,ナノ低温脱臭触媒,脱臭。メーカー公式カタログ・公式仕様表で搭載を確認,sharp-news|sharp-mf55p,yes
sharp,シャープ,SJ-MF55P,sharp-sj-mf55p,freshness,プラズマクラスター,除菌。メーカー公式カタログ・公式仕様表で搭載を確認,sharp-news|sharp-mf55p,yes
sharp,シャープ,SJ-MF55P,sharp-sj-mf55p,freshness,Ag+イオン加工製氷ユニット,抗菌加工。メーカー公式カタログ・公式仕様表で搭載を確認,sharp-news|sharp-mf55p,yes
sharp,シャープ,SJ-MF55P,sharp-sj-mf55p,freshness,パッキンの汚れガード,汚れ防止・庫内清潔。メーカー公式カタログ・公式仕様表で搭載を確認,sharp-news|sharp-mf55p,yes
sharp,シャープ,SJ-MF55P,sharp-sj-mf55p,usability,高さ調節棚,棚の可変性。メーカー公式カタログ・公式仕様表で搭載を確認,sharp-news|sharp-mf55p,yes
sharp,シャープ,SJ-MF55P,sharp-sj-mf55p,usability,オートクローズ,開閉サポート。メーカー公式カタログ・公式仕様表で搭載を確認,sharp-news|sharp-mf55p,yes
sharp,シャープ,SJ-MF55P,sharp-sj-mf55p,energy,つないでもっと節電／節電25,省エネ運転。メーカー公式カタログ・公式仕様表で搭載を確認,sharp-news|sharp-mf55p,yes
sharp,シャープ,SJ-MF55P,sharp-sj-mf55p,usability,無線LAN,Wi-Fi。メーカー公式カタログ・公式仕様表で搭載を確認,sharp-news|sharp-mf55p,yes
sharp,シャープ,SJ-MF55P,sharp-sj-mf55p,usability,COCORO HOME,スマートフォン・アプリ連携。メーカー公式カタログ・公式仕様表で搭載を確認,sharp-news|sharp-mf55p,yes
sharp,シャープ,SJ-MF55P,sharp-sj-mf55p,usability,使い切りメモ,食材管理。メーカー公式カタログ・公式仕様表で搭載を確認,sharp-news|sharp-mf55p,yes
sharp,シャープ,SJ-MF55P,sharp-sj-mf55p,usability,見守り・ドア通知,通知・見守り。メーカー公式カタログ・公式仕様表で搭載を確認,sharp-news|sharp-mf55p,yes
sharp,シャープ,SJ-MF55P,sharp-sj-mf55p,usability,COCORO HOME AI,AI機能。メーカー公式カタログ・公式仕様表で搭載を確認,sharp-news|sharp-mf55p,yes
sharp,シャープ,SJ-MF55R,sharp-sjmf55r,basic,定格内容積 545L,本体幅730mm、奥行630mm、高さ1838mm。,official-sharp-models,no
sharp,シャープ,SJ-MF55R,sharp-sjmf55r,energy,年間消費電力量 283kWh/年,2021年省エネ基準達成率105%。,official-sharp-models,no
sharp,シャープ,SJ-MF55R,sharp-sjmf55r,freezing,快速冷凍,急速冷凍。メーカー公式カタログ・公式仕様表で搭載を確認,official-sharp-models,yes
sharp,シャープ,SJ-MF55R,sharp-sjmf55r,freezing,新鮮冷凍,高品質冷凍。メーカー公式カタログ・公式仕様表で搭載を確認,official-sharp-models,yes
sharp,シャープ,SJ-MF55R,sharp-sjmf55r,freezing,パラパラ冷凍・味しみ冷凍,作り置き・冷凍食品向け。メーカー公式カタログ・公式仕様表で搭載を確認,official-sharp-models,yes
sharp,シャープ,SJ-MF55R,sharp-sjmf55r,freshness,うるおいチルド／低温作りおきルーム,高鮮度保存機能。メーカー公式カタログ・公式仕様表で搭載を確認,official-sharp-models,yes
sharp,シャープ,SJ-MF55R,sharp-sjmf55r,vegetables,雪下シャキット野菜室,野菜鮮度保持。メーカー公式カタログ・公式仕様表で搭載を確認,official-sharp-models,yes
sharp,シャープ,SJ-MF55R,sharp-sjmf55r,vegetables,低温・高湿コントロール,湿度・乾燥対策。メーカー公式カタログ・公式仕様表で搭載を確認,official-sharp-models,yes
sharp,シャープ,SJ-MF55R,sharp-sjmf55r,usability,自動製氷,自動製氷。メーカー公式カタログ・公式仕様表で搭載を確認,official-sharp-models,yes
sharp,シャープ,SJ-MF55R,sharp-sjmf55r,usability,快速製氷,急速製氷。メーカー公式カタログ・公式仕様表で搭載を確認,official-sharp-models,yes
sharp,シャープ,SJ-MF55R,sharp-sjmf55r,freshness,ナノ低温脱臭触媒,脱臭。メーカー公式カタログ・公式仕様表で搭載を確認,official-sharp-models,yes
sharp,シャープ,SJ-MF55R,sharp-sjmf55r,freshness,プラズマクラスター,除菌。メーカー公式カタログ・公式仕様表で搭載を確認,official-sharp-models,yes
sharp,シャープ,SJ-MF55R,sharp-sjmf55r,freshness,Ag+イオン加工製氷ユニット,抗菌加工。メーカー公式カタログ・公式仕様表で搭載を確認,official-sharp-models,yes
sharp,シャープ,SJ-MF55R,sharp-sjmf55r,freshness,パッキンの汚れガード,汚れ防止・庫内清潔。メーカー公式カタログ・公式仕様表で搭載を確認,official-sharp-models,yes
sharp,シャープ,SJ-MF55R,sharp-sjmf55r,usability,高さ調節棚,棚の可変性。メーカー公式カタログ・公式仕様表で搭載を確認,official-sharp-models,yes
sharp,シャープ,SJ-MF55R,sharp-sjmf55r,usability,オートクローズ,開閉サポート。メーカー公式カタログ・公式仕様表で搭載を確認,official-sharp-models,yes
sharp,シャープ,SJ-MF55R,sharp-sjmf55r,energy,節電25／つないでもっと節電,省エネ運転。メーカー公式カタログ・公式仕様表で搭載を確認,official-sharp-models,yes
sharp,シャープ,SJ-MF55R,sharp-sjmf55r,usability,無線LAN,Wi-Fi。メーカー公式カタログ・公式仕様表で搭載を確認,official-sharp-models,yes
sharp,シャープ,SJ-MF55R,sharp-sjmf55r,usability,COCORO HOME,スマートフォン・アプリ連携。メーカー公式カタログ・公式仕様表で搭載を確認,official-sharp-models,yes
sharp,シャープ,SJ-MF55R,sharp-sjmf55r,usability,使い切りメモ,食材管理。メーカー公式カタログ・公式仕様表で搭載を確認,official-sharp-models,yes
sharp,シャープ,SJ-MF55R,sharp-sjmf55r,usability,見守り・ドア通知,通知・見守り。メーカー公式カタログ・公式仕様表で搭載を確認,official-sharp-models,yes
sharp,シャープ,SJ-MF55R,sharp-sjmf55r,usability,COCORO HOME AI,AI機能。メーカー公式カタログ・公式仕様表で搭載を確認,official-sharp-models,yes
sharp,シャープ,SJ-MF51M,sharp-sjmf51m,basic,定格内容積 505L,本体幅685mm、奥行630mm、高さ1838mm。,official-sharp-models,no
sharp,シャープ,SJ-MF51M,sharp-sjmf51m,energy,年間消費電力量 278kWh/年,2021年省エネ基準達成率102%。,official-sharp-models,no
sharp,シャープ,SJ-MF51M,sharp-sjmf51m,freezing,快速冷凍,急速冷凍。メーカー公式カタログ・公式仕様表で搭載を確認,official-sharp-models,yes
sharp,シャープ,SJ-MF51M,sharp-sjmf51m,freezing,新鮮冷凍,高品質冷凍。メーカー公式カタログ・公式仕様表で搭載を確認,official-sharp-models,yes
sharp,シャープ,SJ-MF51M,sharp-sjmf51m,freezing,パラパラ冷凍・味しみ冷凍,作り置き・冷凍食品向け。メーカー公式カタログ・公式仕様表で搭載を確認,official-sharp-models,yes
sharp,シャープ,SJ-MF51M,sharp-sjmf51m,freshness,うるおいチルド／低温作りおきルーム,高鮮度保存機能。メーカー公式カタログ・公式仕様表で搭載を確認,official-sharp-models,yes
sharp,シャープ,SJ-MF51M,sharp-sjmf51m,vegetables,雪下シャキット野菜室,野菜鮮度保持。メーカー公式カタログ・公式仕様表で搭載を確認,official-sharp-models,yes
sharp,シャープ,SJ-MF51M,sharp-sjmf51m,vegetables,低温・高湿コントロール,湿度・乾燥対策。メーカー公式カタログ・公式仕様表で搭載を確認,official-sharp-models,yes
sharp,シャープ,SJ-MF51M,sharp-sjmf51m,usability,自動製氷,自動製氷。メーカー公式カタログ・公式仕様表で搭載を確認,official-sharp-models,yes
sharp,シャープ,SJ-MF51M,sharp-sjmf51m,usability,快速製氷,急速製氷。メーカー公式カタログ・公式仕様表で搭載を確認,official-sharp-models,yes
sharp,シャープ,SJ-MF51M,sharp-sjmf51m,freshness,ナノ低温脱臭触媒,脱臭。メーカー公式カタログ・公式仕様表で搭載を確認,official-sharp-models,yes
sharp,シャープ,SJ-MF51M,sharp-sjmf51m,freshness,プラズマクラスター,除菌。メーカー公式カタログ・公式仕様表で搭載を確認,official-sharp-models,yes
sharp,シャープ,SJ-MF51M,sharp-sjmf51m,freshness,Ag+イオン加工製氷ユニット,抗菌加工。メーカー公式カタログ・公式仕様表で搭載を確認,official-sharp-models,yes
sharp,シャープ,SJ-MF51M,sharp-sjmf51m,freshness,パッキンの汚れガード,汚れ防止・庫内清潔。メーカー公式カタログ・公式仕様表で搭載を確認,official-sharp-models,yes
sharp,シャープ,SJ-MF51M,sharp-sjmf51m,usability,高さ調節棚,棚の可変性。メーカー公式カタログ・公式仕様表で搭載を確認,official-sharp-models,yes
sharp,シャープ,SJ-MF51M,sharp-sjmf51m,usability,オートクローズ,開閉サポート。メーカー公式カタログ・公式仕様表で搭載を確認,official-sharp-models,yes
sharp,シャープ,SJ-MF51M,sharp-sjmf51m,energy,節電25／つないでもっと節電,省エネ運転。メーカー公式カタログ・公式仕様表で搭載を確認,official-sharp-models,yes
sharp,シャープ,SJ-MF51R,sharp-sjmf51r,basic,定格内容積 505L,本体幅685mm、奥行630mm、高さ1838mm。,official-sharp-models,no
sharp,シャープ,SJ-MF51R,sharp-sjmf51r,energy,年間消費電力量 270kWh/年,2021年省エネ基準達成率105%。,official-sharp-models,no
sharp,シャープ,SJ-MF51R,sharp-sjmf51r,freezing,快速冷凍,急速冷凍。メーカー公式カタログ・公式仕様表で搭載を確認,official-sharp-models,yes
sharp,シャープ,SJ-MF51R,sharp-sjmf51r,freezing,新鮮冷凍,高品質冷凍。メーカー公式カタログ・公式仕様表で搭載を確認,official-sharp-models,yes
sharp,シャープ,SJ-MF51R,sharp-sjmf51r,freezing,パラパラ冷凍・味しみ冷凍,作り置き・冷凍食品向け。メーカー公式カタログ・公式仕様表で搭載を確認,official-sharp-models,yes
sharp,シャープ,SJ-MF51R,sharp-sjmf51r,freshness,うるおいチルド／低温作りおきルーム,高鮮度保存機能。メーカー公式カタログ・公式仕様表で搭載を確認,official-sharp-models,yes
sharp,シャープ,SJ-MF51R,sharp-sjmf51r,vegetables,雪下シャキット野菜室,野菜鮮度保持。メーカー公式カタログ・公式仕様表で搭載を確認,official-sharp-models,yes
sharp,シャープ,SJ-MF51R,sharp-sjmf51r,vegetables,低温・高湿コントロール,湿度・乾燥対策。メーカー公式カタログ・公式仕様表で搭載を確認,official-sharp-models,yes
sharp,シャープ,SJ-MF51R,sharp-sjmf51r,usability,自動製氷,自動製氷。メーカー公式カタログ・公式仕様表で搭載を確認,official-sharp-models,yes
sharp,シャープ,SJ-MF51R,sharp-sjmf51r,usability,快速製氷,急速製氷。メーカー公式カタログ・公式仕様表で搭載を確認,official-sharp-models,yes
sharp,シャープ,SJ-MF51R,sharp-sjmf51r,freshness,ナノ低温脱臭触媒,脱臭。メーカー公式カタログ・公式仕様表で搭載を確認,official-sharp-models,yes
sharp,シャープ,SJ-MF51R,sharp-sjmf51r,freshness,プラズマクラスター,除菌。メーカー公式カタログ・公式仕様表で搭載を確認,official-sharp-models,yes
sharp,シャープ,SJ-MF51R,sharp-sjmf51r,freshness,Ag+イオン加工製氷ユニット,抗菌加工。メーカー公式カタログ・公式仕様表で搭載を確認,official-sharp-models,yes
sharp,シャープ,SJ-MF51R,sharp-sjmf51r,freshness,パッキンの汚れガード,汚れ防止・庫内清潔。メーカー公式カタログ・公式仕様表で搭載を確認,official-sharp-models,yes
sharp,シャープ,SJ-MF51R,sharp-sjmf51r,usability,高さ調節棚,棚の可変性。メーカー公式カタログ・公式仕様表で搭載を確認,official-sharp-models,yes
sharp,シャープ,SJ-MF51R,sharp-sjmf51r,usability,オートクローズ,開閉サポート。メーカー公式カタログ・公式仕様表で搭載を確認,official-sharp-models,yes
sharp,シャープ,SJ-MF51R,sharp-sjmf51r,energy,節電25／つないでもっと節電,省エネ運転。メーカー公式カタログ・公式仕様表で搭載を確認,official-sharp-models,yes
sharp,シャープ,SJ-MF51R,sharp-sjmf51r,usability,無線LAN,Wi-Fi。メーカー公式カタログ・公式仕様表で搭載を確認,official-sharp-models,yes
sharp,シャープ,SJ-MF51R,sharp-sjmf51r,usability,COCORO HOME,スマートフォン・アプリ連携。メーカー公式カタログ・公式仕様表で搭載を確認,official-sharp-models,yes
sharp,シャープ,SJ-MF51R,sharp-sjmf51r,usability,使い切りメモ,食材管理。メーカー公式カタログ・公式仕様表で搭載を確認,official-sharp-models,yes
sharp,シャープ,SJ-MF51R,sharp-sjmf51r,usability,見守り・ドア通知,通知・見守り。メーカー公式カタログ・公式仕様表で搭載を確認,official-sharp-models,yes
sharp,シャープ,SJ-MF51R,sharp-sjmf51r,usability,COCORO HOME AI,AI機能。メーカー公式カタログ・公式仕様表で搭載を確認,official-sharp-models,yes
sharp,シャープ,SJ-SF50P,sharp-sjsf50p,basic,定格内容積 502L,本体幅685mm、奥行699mm、高さ1833mm。,official-sharp-models,no
sharp,シャープ,SJ-SF50P,sharp-sjsf50p,energy,年間消費電力量 291kWh/年,2021年省エネ基準達成率100%。,official-sharp-models,no
sharp,シャープ,SJ-SF50P,sharp-sjsf50p,freezing,おいそぎ冷凍,急速冷凍。メーカー公式カタログ・公式仕様表で搭載を確認,official-sharp-models,yes
sharp,シャープ,SJ-SF50P,sharp-sjsf50p,freshness,チルドルーム,高鮮度保存機能。メーカー公式カタログ・公式仕様表で搭載を確認,official-sharp-models,yes
sharp,シャープ,SJ-SF50P,sharp-sjsf50p,usability,自動製氷,自動製氷。メーカー公式カタログ・公式仕様表で搭載を確認,official-sharp-models,yes
sharp,シャープ,SJ-SF50P,sharp-sjsf50p,freshness,ナノ低温脱臭触媒,脱臭。メーカー公式カタログ・公式仕様表で搭載を確認,official-sharp-models,yes
sharp,シャープ,SJ-SF50P,sharp-sjsf50p,freshness,プラズマクラスター,除菌。メーカー公式カタログ・公式仕様表で搭載を確認,official-sharp-models,yes
sharp,シャープ,SJ-SF50P,sharp-sjsf50p,freshness,Ag+イオン加工製氷ユニット,抗菌加工。メーカー公式カタログ・公式仕様表で搭載を確認,official-sharp-models,yes
sharp,シャープ,SJ-SF50P,sharp-sjsf50p,usability,オートクローズ,開閉サポート。シャープ公式カタログの型番別機能一覧で確認,official-sharp-models,yes
sharp,シャープ,SJ-SF50P,sharp-sjsf50p,energy,節電25,省エネ運転。メーカー公式カタログ・公式仕様表で搭載を確認,official-sharp-models,yes
sharp,シャープ,SJ-X504R,sharp-sjx504r,basic,定格内容積 502L,本体幅685mm、奥行699mm、高さ1833mm。,official-sharp-models,no
sharp,シャープ,SJ-X504R,sharp-sjx504r,energy,年間消費電力量 291kWh/年,2021年省エネ基準達成率100%。,official-sharp-models,no
sharp,シャープ,SJ-X504R,sharp-sjx504r,freezing,おいそぎ冷凍,急速冷凍。メーカー公式カタログ・公式仕様表で搭載を確認,official-sharp-models,yes
sharp,シャープ,SJ-X504R,sharp-sjx504r,freshness,チルドルーム,高鮮度保存機能。メーカー公式カタログ・公式仕様表で搭載を確認,official-sharp-models,yes
sharp,シャープ,SJ-X504R,sharp-sjx504r,usability,自動製氷,自動製氷。メーカー公式カタログ・公式仕様表で搭載を確認,official-sharp-models,yes
sharp,シャープ,SJ-X504R,sharp-sjx504r,freshness,ナノ低温脱臭触媒,脱臭。メーカー公式カタログ・公式仕様表で搭載を確認,official-sharp-models,yes
sharp,シャープ,SJ-X504R,sharp-sjx504r,freshness,プラズマクラスター,除菌。メーカー公式カタログ・公式仕様表で搭載を確認,official-sharp-models,yes
sharp,シャープ,SJ-X504R,sharp-sjx504r,freshness,Ag+イオン加工製氷ユニット,抗菌加工。メーカー公式カタログ・公式仕様表で搭載を確認,official-sharp-models,yes
sharp,シャープ,SJ-X504R,sharp-sjx504r,usability,オートクローズ,開閉サポート。シャープ公式カタログの型番別機能一覧で確認,official-sharp-models,yes
sharp,シャープ,SJ-X504R,sharp-sjx504r,energy,節電25,省エネ運転。メーカー公式カタログ・公式仕様表で搭載を確認,official-sharp-models,yes
sharp,シャープ,SJ-MF46J,sharp-sjmf46j,basic,定格内容積 457L,本体幅650mm、奥行630mm、高さ1838mm。,official-sharp-models,no
sharp,シャープ,SJ-MF46J,sharp-sjmf46j,energy,年間消費電力量 263kWh/年,2021年省エネ基準達成率101%。,official-sharp-models,no
sharp,シャープ,SJ-MF46J,sharp-sjmf46j,freezing,快速冷凍,急速冷凍。メーカー公式カタログ・公式仕様表で搭載を確認,official-sharp-models,yes
sharp,シャープ,SJ-MF46J,sharp-sjmf46j,freezing,新鮮冷凍,高品質冷凍。メーカー公式カタログ・公式仕様表で搭載を確認,official-sharp-models,yes
sharp,シャープ,SJ-MF46J,sharp-sjmf46j,freezing,パラパラ冷凍・味しみ冷凍,作り置き・冷凍食品向け。メーカー公式カタログ・公式仕様表で搭載を確認,official-sharp-models,yes
sharp,シャープ,SJ-MF46J,sharp-sjmf46j,freshness,うるおいチルド／低温作りおきルーム,高鮮度保存機能。メーカー公式カタログ・公式仕様表で搭載を確認,official-sharp-models,yes
sharp,シャープ,SJ-MF46J,sharp-sjmf46j,vegetables,雪下シャキット野菜室,野菜鮮度保持。メーカー公式カタログ・公式仕様表で搭載を確認,official-sharp-models,yes
sharp,シャープ,SJ-MF46J,sharp-sjmf46j,vegetables,低温・高湿コントロール,湿度・乾燥対策。メーカー公式カタログ・公式仕様表で搭載を確認,official-sharp-models,yes
sharp,シャープ,SJ-MF46J,sharp-sjmf46j,usability,自動製氷,自動製氷。メーカー公式カタログ・公式仕様表で搭載を確認,official-sharp-models,yes
sharp,シャープ,SJ-MF46J,sharp-sjmf46j,usability,快速製氷,急速製氷。メーカー公式カタログ・公式仕様表で搭載を確認,official-sharp-models,yes
sharp,シャープ,SJ-MF46J,sharp-sjmf46j,freshness,ナノ低温脱臭触媒,脱臭。メーカー公式カタログ・公式仕様表で搭載を確認,official-sharp-models,yes
sharp,シャープ,SJ-MF46J,sharp-sjmf46j,freshness,プラズマクラスター,除菌。メーカー公式カタログ・公式仕様表で搭載を確認,official-sharp-models,yes
sharp,シャープ,SJ-MF46J,sharp-sjmf46j,freshness,Ag+イオン加工製氷ユニット,抗菌加工。メーカー公式カタログ・公式仕様表で搭載を確認,official-sharp-models,yes
sharp,シャープ,SJ-MF46J,sharp-sjmf46j,freshness,パッキンの汚れガード,汚れ防止・庫内清潔。メーカー公式カタログ・公式仕様表で搭載を確認,official-sharp-models,yes
sharp,シャープ,SJ-MF46J,sharp-sjmf46j,usability,高さ調節棚,棚の可変性。メーカー公式カタログ・公式仕様表で搭載を確認,official-sharp-models,yes
sharp,シャープ,SJ-MF46J,sharp-sjmf46j,usability,オートクローズ,開閉サポート。メーカー公式カタログ・公式仕様表で搭載を確認,official-sharp-models,yes
sharp,シャープ,SJ-MF46J,sharp-sjmf46j,energy,節電25／つないでもっと節電,省エネ運転。メーカー公式カタログ・公式仕様表で搭載を確認,official-sharp-models,yes
sharp,シャープ,SJ-MF46M,sharp-sjmf46m,basic,定格内容積 457L,本体幅650mm、奥行630mm、高さ1838mm。,official-sharp-models,no
sharp,シャープ,SJ-MF46M,sharp-sjmf46m,energy,年間消費電力量 263kWh/年,2021年省エネ基準達成率101%。,official-sharp-models,no
sharp,シャープ,SJ-MF46M,sharp-sjmf46m,freezing,快速冷凍,急速冷凍。メーカー公式カタログ・公式仕様表で搭載を確認,official-sharp-models,yes
sharp,シャープ,SJ-MF46M,sharp-sjmf46m,freezing,新鮮冷凍,高品質冷凍。メーカー公式カタログ・公式仕様表で搭載を確認,official-sharp-models,yes
sharp,シャープ,SJ-MF46M,sharp-sjmf46m,freezing,パラパラ冷凍・味しみ冷凍,作り置き・冷凍食品向け。メーカー公式カタログ・公式仕様表で搭載を確認,official-sharp-models,yes
sharp,シャープ,SJ-MF46M,sharp-sjmf46m,freshness,うるおいチルド／低温作りおきルーム,高鮮度保存機能。メーカー公式カタログ・公式仕様表で搭載を確認,official-sharp-models,yes
sharp,シャープ,SJ-MF46M,sharp-sjmf46m,vegetables,雪下シャキット野菜室,野菜鮮度保持。メーカー公式カタログ・公式仕様表で搭載を確認,official-sharp-models,yes
sharp,シャープ,SJ-MF46M,sharp-sjmf46m,vegetables,低温・高湿コントロール,湿度・乾燥対策。メーカー公式カタログ・公式仕様表で搭載を確認,official-sharp-models,yes
sharp,シャープ,SJ-MF46M,sharp-sjmf46m,usability,自動製氷,自動製氷。メーカー公式カタログ・公式仕様表で搭載を確認,official-sharp-models,yes
sharp,シャープ,SJ-MF46M,sharp-sjmf46m,usability,快速製氷,急速製氷。メーカー公式カタログ・公式仕様表で搭載を確認,official-sharp-models,yes
sharp,シャープ,SJ-MF46M,sharp-sjmf46m,freshness,ナノ低温脱臭触媒,脱臭。メーカー公式カタログ・公式仕様表で搭載を確認,official-sharp-models,yes
sharp,シャープ,SJ-MF46M,sharp-sjmf46m,freshness,プラズマクラスター,除菌。メーカー公式カタログ・公式仕様表で搭載を確認,official-sharp-models,yes
sharp,シャープ,SJ-MF46M,sharp-sjmf46m,freshness,Ag+イオン加工製氷ユニット,抗菌加工。メーカー公式カタログ・公式仕様表で搭載を確認,official-sharp-models,yes
sharp,シャープ,SJ-MF46M,sharp-sjmf46m,freshness,パッキンの汚れガード,汚れ防止・庫内清潔。メーカー公式カタログ・公式仕様表で搭載を確認,official-sharp-models,yes
sharp,シャープ,SJ-MF46M,sharp-sjmf46m,usability,高さ調節棚,棚の可変性。メーカー公式カタログ・公式仕様表で搭載を確認,official-sharp-models,yes
sharp,シャープ,SJ-MF46M,sharp-sjmf46m,usability,オートクローズ,開閉サポート。メーカー公式カタログ・公式仕様表で搭載を確認,official-sharp-models,yes
sharp,シャープ,SJ-MF46M,sharp-sjmf46m,energy,節電25／つないでもっと節電,省エネ運転。メーカー公式カタログ・公式仕様表で搭載を確認,official-sharp-models,yes
sharp,シャープ,SJ-MF46P,sharp-sjmf46p,basic,定格内容積 457L,本体幅650mm、奥行630mm、高さ1838mm。,official-sharp-models,no
sharp,シャープ,SJ-MF46P,sharp-sjmf46p,energy,年間消費電力量 263kWh/年,2021年省エネ基準達成率101%。,official-sharp-models,no
sharp,シャープ,SJ-MF46P,sharp-sjmf46p,freezing,快速冷凍,急速冷凍。メーカー公式カタログ・公式仕様表で搭載を確認,official-sharp-models,yes
sharp,シャープ,SJ-MF46P,sharp-sjmf46p,freezing,新鮮冷凍,高品質冷凍。メーカー公式カタログ・公式仕様表で搭載を確認,official-sharp-models,yes
sharp,シャープ,SJ-MF46P,sharp-sjmf46p,freezing,パラパラ冷凍・味しみ冷凍,作り置き・冷凍食品向け。メーカー公式カタログ・公式仕様表で搭載を確認,official-sharp-models,yes
sharp,シャープ,SJ-MF46P,sharp-sjmf46p,freshness,うるおいチルド／低温作りおきルーム,高鮮度保存機能。メーカー公式カタログ・公式仕様表で搭載を確認,official-sharp-models,yes
sharp,シャープ,SJ-MF46P,sharp-sjmf46p,vegetables,雪下シャキット野菜室,野菜鮮度保持。メーカー公式カタログ・公式仕様表で搭載を確認,official-sharp-models,yes
sharp,シャープ,SJ-MF46P,sharp-sjmf46p,vegetables,低温・高湿コントロール,湿度・乾燥対策。メーカー公式カタログ・公式仕様表で搭載を確認,official-sharp-models,yes
sharp,シャープ,SJ-MF46P,sharp-sjmf46p,usability,自動製氷,自動製氷。メーカー公式カタログ・公式仕様表で搭載を確認,official-sharp-models,yes
sharp,シャープ,SJ-MF46P,sharp-sjmf46p,usability,快速製氷,急速製氷。メーカー公式カタログ・公式仕様表で搭載を確認,official-sharp-models,yes
sharp,シャープ,SJ-MF46P,sharp-sjmf46p,freshness,ナノ低温脱臭触媒,脱臭。メーカー公式カタログ・公式仕様表で搭載を確認,official-sharp-models,yes
sharp,シャープ,SJ-MF46P,sharp-sjmf46p,freshness,プラズマクラスター,除菌。メーカー公式カタログ・公式仕様表で搭載を確認,official-sharp-models,yes
sharp,シャープ,SJ-MF46P,sharp-sjmf46p,freshness,Ag+イオン加工製氷ユニット,抗菌加工。メーカー公式カタログ・公式仕様表で搭載を確認,official-sharp-models,yes
sharp,シャープ,SJ-MF46P,sharp-sjmf46p,freshness,パッキンの汚れガード,汚れ防止・庫内清潔。メーカー公式カタログ・公式仕様表で搭載を確認,official-sharp-models,yes
sharp,シャープ,SJ-MF46P,sharp-sjmf46p,usability,高さ調節棚,棚の可変性。メーカー公式カタログ・公式仕様表で搭載を確認,official-sharp-models,yes
sharp,シャープ,SJ-MF46P,sharp-sjmf46p,usability,オートクローズ,開閉サポート。メーカー公式カタログ・公式仕様表で搭載を確認,official-sharp-models,yes
sharp,シャープ,SJ-MF46P,sharp-sjmf46p,energy,節電25／つないでもっと節電,省エネ運転。メーカー公式カタログ・公式仕様表で搭載を確認,official-sharp-models,yes
sharp,シャープ,SJ-MF46P,sharp-sjmf46p,usability,無線LAN,Wi-Fi。メーカー公式カタログ・公式仕様表で搭載を確認,official-sharp-models,yes
sharp,シャープ,SJ-MF46P,sharp-sjmf46p,usability,COCORO HOME,スマートフォン・アプリ連携。メーカー公式カタログ・公式仕様表で搭載を確認,official-sharp-models,yes
sharp,シャープ,SJ-MF46P,sharp-sjmf46p,usability,使い切りメモ,食材管理。メーカー公式カタログ・公式仕様表で搭載を確認,official-sharp-models,yes
sharp,シャープ,SJ-MF46P,sharp-sjmf46p,usability,見守り・ドア通知,通知・見守り。メーカー公式カタログ・公式仕様表で搭載を確認,official-sharp-models,yes
sharp,シャープ,SJ-MF46P,sharp-sjmf46p,usability,COCORO HOME AI,AI機能。メーカー公式カタログ・公式仕様表で搭載を確認,official-sharp-models,yes
sharp,シャープ,SJ-MF46R,sharp-sjmf46r,basic,定格内容積 457L,本体幅650mm、奥行630mm、高さ1838mm。,official-sharp-models,no
sharp,シャープ,SJ-MF46R,sharp-sjmf46r,energy,年間消費電力量 255kWh/年,2021年省エネ基準達成率105%。,official-sharp-models,no
sharp,シャープ,SJ-MF46R,sharp-sjmf46r,freezing,快速冷凍,急速冷凍。メーカー公式カタログ・公式仕様表で搭載を確認,official-sharp-models,yes
sharp,シャープ,SJ-MF46R,sharp-sjmf46r,freezing,新鮮冷凍,高品質冷凍。メーカー公式カタログ・公式仕様表で搭載を確認,official-sharp-models,yes
sharp,シャープ,SJ-MF46R,sharp-sjmf46r,freezing,パラパラ冷凍・味しみ冷凍,作り置き・冷凍食品向け。メーカー公式カタログ・公式仕様表で搭載を確認,official-sharp-models,yes
sharp,シャープ,SJ-MF46R,sharp-sjmf46r,freshness,うるおいチルド／低温作りおきルーム,高鮮度保存機能。メーカー公式カタログ・公式仕様表で搭載を確認,official-sharp-models,yes
sharp,シャープ,SJ-MF46R,sharp-sjmf46r,vegetables,雪下シャキット野菜室,野菜鮮度保持。メーカー公式カタログ・公式仕様表で搭載を確認,official-sharp-models,yes
sharp,シャープ,SJ-MF46R,sharp-sjmf46r,vegetables,低温・高湿コントロール,湿度・乾燥対策。メーカー公式カタログ・公式仕様表で搭載を確認,official-sharp-models,yes
sharp,シャープ,SJ-MF46R,sharp-sjmf46r,usability,自動製氷,自動製氷。メーカー公式カタログ・公式仕様表で搭載を確認,official-sharp-models,yes
sharp,シャープ,SJ-MF46R,sharp-sjmf46r,usability,快速製氷,急速製氷。メーカー公式カタログ・公式仕様表で搭載を確認,official-sharp-models,yes
sharp,シャープ,SJ-MF46R,sharp-sjmf46r,freshness,ナノ低温脱臭触媒,脱臭。メーカー公式カタログ・公式仕様表で搭載を確認,official-sharp-models,yes
sharp,シャープ,SJ-MF46R,sharp-sjmf46r,freshness,プラズマクラスター,除菌。メーカー公式カタログ・公式仕様表で搭載を確認,official-sharp-models,yes
sharp,シャープ,SJ-MF46R,sharp-sjmf46r,freshness,Ag+イオン加工製氷ユニット,抗菌加工。メーカー公式カタログ・公式仕様表で搭載を確認,official-sharp-models,yes
sharp,シャープ,SJ-MF46R,sharp-sjmf46r,freshness,パッキンの汚れガード,汚れ防止・庫内清潔。メーカー公式カタログ・公式仕様表で搭載を確認,official-sharp-models,yes
sharp,シャープ,SJ-MF46R,sharp-sjmf46r,usability,高さ調節棚,棚の可変性。メーカー公式カタログ・公式仕様表で搭載を確認,official-sharp-models,yes
sharp,シャープ,SJ-MF46R,sharp-sjmf46r,usability,オートクローズ,開閉サポート。メーカー公式カタログ・公式仕様表で搭載を確認,official-sharp-models,yes
sharp,シャープ,SJ-MF46R,sharp-sjmf46r,energy,節電25／つないでもっと節電,省エネ運転。メーカー公式カタログ・公式仕様表で搭載を確認,official-sharp-models,yes
sharp,シャープ,SJ-MF46R,sharp-sjmf46r,usability,無線LAN,Wi-Fi。メーカー公式カタログ・公式仕様表で搭載を確認,official-sharp-models,yes
sharp,シャープ,SJ-MF46R,sharp-sjmf46r,usability,COCORO HOME,スマートフォン・アプリ連携。メーカー公式カタログ・公式仕様表で搭載を確認,official-sharp-models,yes
sharp,シャープ,SJ-MF46R,sharp-sjmf46r,usability,使い切りメモ,食材管理。メーカー公式カタログ・公式仕様表で搭載を確認,official-sharp-models,yes
sharp,シャープ,SJ-MF46R,sharp-sjmf46r,usability,見守り・ドア通知,通知・見守り。メーカー公式カタログ・公式仕様表で搭載を確認,official-sharp-models,yes
sharp,シャープ,SJ-MF46R,sharp-sjmf46r,usability,COCORO HOME AI,AI機能。メーカー公式カタログ・公式仕様表で搭載を確認,official-sharp-models,yes
sharp,シャープ,SJ-MW46P,sharp-sjmw46p,basic,定格内容積 457L,本体幅650mm、奥行630mm、高さ1838mm。,official-sharp-models,no
sharp,シャープ,SJ-MW46P,sharp-sjmw46p,energy,年間消費電力量 263kWh/年,2021年省エネ基準達成率101%。,official-sharp-models,no
sharp,シャープ,SJ-MW46P,sharp-sjmw46p,freezing,快速冷凍,急速冷凍。メーカー公式カタログ・公式仕様表で搭載を確認,official-sharp-models,yes
sharp,シャープ,SJ-MW46P,sharp-sjmw46p,freezing,新鮮冷凍,高品質冷凍。メーカー公式カタログ・公式仕様表で搭載を確認,official-sharp-models,yes
sharp,シャープ,SJ-MW46P,sharp-sjmw46p,freezing,パラパラ冷凍・味しみ冷凍,作り置き・冷凍食品向け。メーカー公式カタログ・公式仕様表で搭載を確認,official-sharp-models,yes
sharp,シャープ,SJ-MW46P,sharp-sjmw46p,freshness,うるおいチルド／低温作りおきルーム,高鮮度保存機能。メーカー公式カタログ・公式仕様表で搭載を確認,official-sharp-models,yes
sharp,シャープ,SJ-MW46P,sharp-sjmw46p,vegetables,雪下シャキット野菜室,野菜鮮度保持。メーカー公式カタログ・公式仕様表で搭載を確認,official-sharp-models,yes
sharp,シャープ,SJ-MW46P,sharp-sjmw46p,vegetables,低温・高湿コントロール,湿度・乾燥対策。メーカー公式カタログ・公式仕様表で搭載を確認,official-sharp-models,yes
sharp,シャープ,SJ-MW46P,sharp-sjmw46p,usability,自動製氷,自動製氷。メーカー公式カタログ・公式仕様表で搭載を確認,official-sharp-models,yes
sharp,シャープ,SJ-MW46P,sharp-sjmw46p,usability,快速製氷,急速製氷。メーカー公式カタログ・公式仕様表で搭載を確認,official-sharp-models,yes
sharp,シャープ,SJ-MW46P,sharp-sjmw46p,freshness,ナノ低温脱臭触媒,脱臭。メーカー公式カタログ・公式仕様表で搭載を確認,official-sharp-models,yes
sharp,シャープ,SJ-MW46P,sharp-sjmw46p,freshness,プラズマクラスター,除菌。メーカー公式カタログ・公式仕様表で搭載を確認,official-sharp-models,yes
sharp,シャープ,SJ-MW46P,sharp-sjmw46p,freshness,Ag+イオン加工製氷ユニット,抗菌加工。メーカー公式カタログ・公式仕様表で搭載を確認,official-sharp-models,yes
sharp,シャープ,SJ-MW46P,sharp-sjmw46p,freshness,パッキンの汚れガード,汚れ防止・庫内清潔。メーカー公式カタログ・公式仕様表で搭載を確認,official-sharp-models,yes
sharp,シャープ,SJ-MW46P,sharp-sjmw46p,usability,高さ調節棚,棚の可変性。メーカー公式カタログ・公式仕様表で搭載を確認,official-sharp-models,yes
sharp,シャープ,SJ-MW46P,sharp-sjmw46p,usability,オートクローズ,開閉サポート。メーカー公式カタログ・公式仕様表で搭載を確認,official-sharp-models,yes
sharp,シャープ,SJ-MW46P,sharp-sjmw46p,energy,節電25／つないでもっと節電,省エネ運転。メーカー公式カタログ・公式仕様表で搭載を確認,official-sharp-models,yes
sharp,シャープ,SJ-MW46P,sharp-sjmw46p,usability,無線LAN,Wi-Fi。メーカー公式カタログ・公式仕様表で搭載を確認,official-sharp-models,yes
sharp,シャープ,SJ-MW46P,sharp-sjmw46p,usability,COCORO HOME,スマートフォン・アプリ連携。メーカー公式カタログ・公式仕様表で搭載を確認,official-sharp-models,yes
sharp,シャープ,SJ-MW46P,sharp-sjmw46p,usability,使い切りメモ,食材管理。メーカー公式カタログ・公式仕様表で搭載を確認,official-sharp-models,yes
sharp,シャープ,SJ-MW46P,sharp-sjmw46p,usability,見守り・ドア通知,通知・見守り。メーカー公式カタログ・公式仕様表で搭載を確認,official-sharp-models,yes
sharp,シャープ,SJ-MW46P,sharp-sjmw46p,usability,COCORO HOME AI,AI機能。メーカー公式カタログ・公式仕様表で搭載を確認,official-sharp-models,yes
sharp,シャープ,SJ-MW46R,sharp-sjmw46r,basic,定格内容積 457L,本体幅650mm、奥行630mm、高さ1838mm。,official-sharp-models,no
sharp,シャープ,SJ-MW46R,sharp-sjmw46r,energy,年間消費電力量 255kWh/年,2021年省エネ基準達成率105%。,official-sharp-models,no
sharp,シャープ,SJ-MW46R,sharp-sjmw46r,freezing,快速冷凍,急速冷凍。メーカー公式カタログ・公式仕様表で搭載を確認,official-sharp-models,yes
sharp,シャープ,SJ-MW46R,sharp-sjmw46r,freezing,新鮮冷凍,高品質冷凍。メーカー公式カタログ・公式仕様表で搭載を確認,official-sharp-models,yes
sharp,シャープ,SJ-MW46R,sharp-sjmw46r,freezing,パラパラ冷凍・味しみ冷凍,作り置き・冷凍食品向け。メーカー公式カタログ・公式仕様表で搭載を確認,official-sharp-models,yes
sharp,シャープ,SJ-MW46R,sharp-sjmw46r,freshness,うるおいチルド／低温作りおきルーム,高鮮度保存機能。メーカー公式カタログ・公式仕様表で搭載を確認,official-sharp-models,yes
sharp,シャープ,SJ-MW46R,sharp-sjmw46r,vegetables,雪下シャキット野菜室,野菜鮮度保持。メーカー公式カタログ・公式仕様表で搭載を確認,official-sharp-models,yes
sharp,シャープ,SJ-MW46R,sharp-sjmw46r,vegetables,低温・高湿コントロール,湿度・乾燥対策。メーカー公式カタログ・公式仕様表で搭載を確認,official-sharp-models,yes
sharp,シャープ,SJ-MW46R,sharp-sjmw46r,usability,自動製氷,自動製氷。メーカー公式カタログ・公式仕様表で搭載を確認,official-sharp-models,yes
sharp,シャープ,SJ-MW46R,sharp-sjmw46r,usability,快速製氷,急速製氷。メーカー公式カタログ・公式仕様表で搭載を確認,official-sharp-models,yes
sharp,シャープ,SJ-MW46R,sharp-sjmw46r,freshness,ナノ低温脱臭触媒,脱臭。メーカー公式カタログ・公式仕様表で搭載を確認,official-sharp-models,yes
sharp,シャープ,SJ-MW46R,sharp-sjmw46r,freshness,プラズマクラスター,除菌。メーカー公式カタログ・公式仕様表で搭載を確認,official-sharp-models,yes
sharp,シャープ,SJ-MW46R,sharp-sjmw46r,freshness,Ag+イオン加工製氷ユニット,抗菌加工。メーカー公式カタログ・公式仕様表で搭載を確認,official-sharp-models,yes
sharp,シャープ,SJ-MW46R,sharp-sjmw46r,freshness,パッキンの汚れガード,汚れ防止・庫内清潔。メーカー公式カタログ・公式仕様表で搭載を確認,official-sharp-models,yes
sharp,シャープ,SJ-MW46R,sharp-sjmw46r,usability,高さ調節棚,棚の可変性。メーカー公式カタログ・公式仕様表で搭載を確認,official-sharp-models,yes
sharp,シャープ,SJ-MW46R,sharp-sjmw46r,usability,オートクローズ,開閉サポート。メーカー公式カタログ・公式仕様表で搭載を確認,official-sharp-models,yes
sharp,シャープ,SJ-MW46R,sharp-sjmw46r,energy,節電25／つないでもっと節電,省エネ運転。メーカー公式カタログ・公式仕様表で搭載を確認,official-sharp-models,yes
sharp,シャープ,SJ-MW46R,sharp-sjmw46r,usability,無線LAN,Wi-Fi。メーカー公式カタログ・公式仕様表で搭載を確認,official-sharp-models,yes
sharp,シャープ,SJ-MW46R,sharp-sjmw46r,usability,COCORO HOME,スマートフォン・アプリ連携。メーカー公式カタログ・公式仕様表で搭載を確認,official-sharp-models,yes
sharp,シャープ,SJ-MW46R,sharp-sjmw46r,usability,使い切りメモ,食材管理。メーカー公式カタログ・公式仕様表で搭載を確認,official-sharp-models,yes
sharp,シャープ,SJ-MW46R,sharp-sjmw46r,usability,見守り・ドア通知,通知・見守り。メーカー公式カタログ・公式仕様表で搭載を確認,official-sharp-models,yes
sharp,シャープ,SJ-MW46R,sharp-sjmw46r,usability,COCORO HOME AI,AI機能。メーカー公式カタログ・公式仕様表で搭載を確認,official-sharp-models,yes
sharp,シャープ,SJ-XW46R,sharp-sjxw46r,basic,定格内容積 455L,本体幅600mm、奥行699mm、高さ1834mm。,official-sharp-models,no
sharp,シャープ,SJ-XW46R,sharp-sjxw46r,energy,年間消費電力量 267kWh/年,2021年省エネ基準達成率100%。,official-sharp-models,no
sharp,シャープ,SJ-XW46R,sharp-sjxw46r,freezing,快速冷凍／おいそぎ冷凍,急速冷凍。メーカー公式カタログ・公式仕様表で搭載を確認,official-sharp-models,yes
sharp,シャープ,SJ-XW46R,sharp-sjxw46r,freshness,低温新鮮モード／チルドルーム,高鮮度保存機能。メーカー公式カタログ・公式仕様表で搭載を確認,official-sharp-models,yes
sharp,シャープ,SJ-XW46R,sharp-sjxw46r,vegetables,シャキット野菜室,野菜鮮度保持。メーカー公式カタログ・公式仕様表で搭載を確認,official-sharp-models,yes
sharp,シャープ,SJ-XW46R,sharp-sjxw46r,vegetables,高湿シールド構造,湿度・乾燥対策。メーカー公式カタログ・公式仕様表で搭載を確認,official-sharp-models,yes
sharp,シャープ,SJ-XW46R,sharp-sjxw46r,usability,自動製氷,自動製氷。メーカー公式カタログ・公式仕様表で搭載を確認,official-sharp-models,yes
sharp,シャープ,SJ-XW46R,sharp-sjxw46r,freshness,ナノ低温脱臭触媒,脱臭。メーカー公式カタログ・公式仕様表で搭載を確認,official-sharp-models,yes
sharp,シャープ,SJ-XW46R,sharp-sjxw46r,freshness,プラズマクラスター（冷気除菌）,除菌。メーカー公式カタログ・公式仕様表で搭載を確認,official-sharp-models,yes
sharp,シャープ,SJ-XW46R,sharp-sjxw46r,freshness,パッキンの汚れガード,汚れ防止・庫内清潔。メーカー公式カタログ・公式仕様表で搭載を確認,official-sharp-models,yes
sharp,シャープ,SJ-XW46R,sharp-sjxw46r,usability,オートクローズどっちもドア,開閉サポート。メーカー公式カタログ・公式仕様表で搭載を確認,official-sharp-models,yes
sharp,シャープ,SJ-XW46R,sharp-sjxw46r,energy,節電モード,省エネ運転。メーカー公式カタログ・公式仕様表で搭載を確認,official-sharp-models,yes
sharp,シャープ,SJ-MF43P,sharp-sjmf43p,basic,定格内容積 429L,本体幅650mm、奥行630mm、高さ1750mm。,official-sharp-models,no
sharp,シャープ,SJ-MF43P,sharp-sjmf43p,energy,年間消費電力量 260kWh/年,2021年省エネ基準達成率100%。,official-sharp-models,no
sharp,シャープ,SJ-MF43P,sharp-sjmf43p,freezing,快速冷凍,急速冷凍。メーカー公式カタログ・公式仕様表で搭載を確認,official-sharp-models,yes
sharp,シャープ,SJ-MF43P,sharp-sjmf43p,freezing,新鮮冷凍,高品質冷凍。メーカー公式カタログ・公式仕様表で搭載を確認,official-sharp-models,yes
sharp,シャープ,SJ-MF43P,sharp-sjmf43p,freezing,パラパラ冷凍・味しみ冷凍,作り置き・冷凍食品向け。メーカー公式カタログ・公式仕様表で搭載を確認,official-sharp-models,yes
sharp,シャープ,SJ-MF43P,sharp-sjmf43p,freshness,うるおいチルド／低温作りおきルーム,高鮮度保存機能。メーカー公式カタログ・公式仕様表で搭載を確認,official-sharp-models,yes
sharp,シャープ,SJ-MF43P,sharp-sjmf43p,vegetables,雪下シャキット野菜室,野菜鮮度保持。メーカー公式カタログ・公式仕様表で搭載を確認,official-sharp-models,yes
sharp,シャープ,SJ-MF43P,sharp-sjmf43p,vegetables,低温・高湿コントロール,湿度・乾燥対策。メーカー公式カタログ・公式仕様表で搭載を確認,official-sharp-models,yes
sharp,シャープ,SJ-MF43P,sharp-sjmf43p,usability,自動製氷,自動製氷。メーカー公式カタログ・公式仕様表で搭載を確認,official-sharp-models,yes
sharp,シャープ,SJ-MF43P,sharp-sjmf43p,usability,快速製氷,急速製氷。メーカー公式カタログ・公式仕様表で搭載を確認,official-sharp-models,yes
sharp,シャープ,SJ-MF43P,sharp-sjmf43p,freshness,ナノ低温脱臭触媒,脱臭。メーカー公式カタログ・公式仕様表で搭載を確認,official-sharp-models,yes
sharp,シャープ,SJ-MF43P,sharp-sjmf43p,freshness,プラズマクラスター,除菌。メーカー公式カタログ・公式仕様表で搭載を確認,official-sharp-models,yes
sharp,シャープ,SJ-MF43P,sharp-sjmf43p,freshness,Ag+イオン加工製氷ユニット,抗菌加工。メーカー公式カタログ・公式仕様表で搭載を確認,official-sharp-models,yes
sharp,シャープ,SJ-MF43P,sharp-sjmf43p,freshness,パッキンの汚れガード,汚れ防止・庫内清潔。メーカー公式カタログ・公式仕様表で搭載を確認,official-sharp-models,yes
sharp,シャープ,SJ-MF43P,sharp-sjmf43p,usability,高さ調節棚,棚の可変性。メーカー公式カタログ・公式仕様表で搭載を確認,official-sharp-models,yes
sharp,シャープ,SJ-MF43P,sharp-sjmf43p,usability,オートクローズ,開閉サポート。メーカー公式カタログ・公式仕様表で搭載を確認,official-sharp-models,yes
sharp,シャープ,SJ-MF43P,sharp-sjmf43p,energy,節電25／つないでもっと節電,省エネ運転。メーカー公式カタログ・公式仕様表で搭載を確認,official-sharp-models,yes
sharp,シャープ,SJ-MF43P,sharp-sjmf43p,usability,無線LAN,Wi-Fi。メーカー公式カタログ・公式仕様表で搭載を確認,official-sharp-models,yes
sharp,シャープ,SJ-MF43P,sharp-sjmf43p,usability,COCORO HOME,スマートフォン・アプリ連携。メーカー公式カタログ・公式仕様表で搭載を確認,official-sharp-models,yes
sharp,シャープ,SJ-MF43P,sharp-sjmf43p,usability,使い切りメモ,食材管理。メーカー公式カタログ・公式仕様表で搭載を確認,official-sharp-models,yes
sharp,シャープ,SJ-MF43P,sharp-sjmf43p,usability,見守り・ドア通知,通知・見守り。メーカー公式カタログ・公式仕様表で搭載を確認,official-sharp-models,yes
sharp,シャープ,SJ-MF43P,sharp-sjmf43p,usability,COCORO HOME AI,AI機能。メーカー公式カタログ・公式仕様表で搭載を確認,official-sharp-models,yes
sharp,シャープ,SJ-MF43R,sharp-sjmf43r,basic,定格内容積 429L,本体幅650mm、奥行630mm、高さ1750mm。,official-sharp-models,no
sharp,シャープ,SJ-MF43R,sharp-sjmf43r,energy,年間消費電力量 247kWh/年,2021年省エネ基準達成率105%。,official-sharp-models,no
sharp,シャープ,SJ-MF43R,sharp-sjmf43r,freezing,快速冷凍,急速冷凍。メーカー公式カタログ・公式仕様表で搭載を確認,official-sharp-models,yes
sharp,シャープ,SJ-MF43R,sharp-sjmf43r,freezing,新鮮冷凍,高品質冷凍。メーカー公式カタログ・公式仕様表で搭載を確認,official-sharp-models,yes
sharp,シャープ,SJ-MF43R,sharp-sjmf43r,freezing,パラパラ冷凍・味しみ冷凍,作り置き・冷凍食品向け。メーカー公式カタログ・公式仕様表で搭載を確認,official-sharp-models,yes
sharp,シャープ,SJ-MF43R,sharp-sjmf43r,freshness,うるおいチルド／低温作りおきルーム,高鮮度保存機能。メーカー公式カタログ・公式仕様表で搭載を確認,official-sharp-models,yes
sharp,シャープ,SJ-MF43R,sharp-sjmf43r,vegetables,雪下シャキット野菜室,野菜鮮度保持。メーカー公式カタログ・公式仕様表で搭載を確認,official-sharp-models,yes
sharp,シャープ,SJ-MF43R,sharp-sjmf43r,vegetables,低温・高湿コントロール,湿度・乾燥対策。メーカー公式カタログ・公式仕様表で搭載を確認,official-sharp-models,yes
sharp,シャープ,SJ-MF43R,sharp-sjmf43r,usability,自動製氷,自動製氷。メーカー公式カタログ・公式仕様表で搭載を確認,official-sharp-models,yes
sharp,シャープ,SJ-MF43R,sharp-sjmf43r,usability,快速製氷,急速製氷。メーカー公式カタログ・公式仕様表で搭載を確認,official-sharp-models,yes
sharp,シャープ,SJ-MF43R,sharp-sjmf43r,freshness,ナノ低温脱臭触媒,脱臭。メーカー公式カタログ・公式仕様表で搭載を確認,official-sharp-models,yes
sharp,シャープ,SJ-MF43R,sharp-sjmf43r,freshness,プラズマクラスター,除菌。メーカー公式カタログ・公式仕様表で搭載を確認,official-sharp-models,yes
sharp,シャープ,SJ-MF43R,sharp-sjmf43r,freshness,Ag+イオン加工製氷ユニット,抗菌加工。メーカー公式カタログ・公式仕様表で搭載を確認,official-sharp-models,yes
sharp,シャープ,SJ-MF43R,sharp-sjmf43r,freshness,パッキンの汚れガード,汚れ防止・庫内清潔。メーカー公式カタログ・公式仕様表で搭載を確認,official-sharp-models,yes
sharp,シャープ,SJ-MF43R,sharp-sjmf43r,usability,高さ調節棚,棚の可変性。メーカー公式カタログ・公式仕様表で搭載を確認,official-sharp-models,yes
sharp,シャープ,SJ-MF43R,sharp-sjmf43r,usability,オートクローズ,開閉サポート。メーカー公式カタログ・公式仕様表で搭載を確認,official-sharp-models,yes
sharp,シャープ,SJ-MF43R,sharp-sjmf43r,energy,節電25／つないでもっと節電,省エネ運転。メーカー公式カタログ・公式仕様表で搭載を確認,official-sharp-models,yes
sharp,シャープ,SJ-MF43R,sharp-sjmf43r,usability,無線LAN,Wi-Fi。メーカー公式カタログ・公式仕様表で搭載を確認,official-sharp-models,yes
sharp,シャープ,SJ-MF43R,sharp-sjmf43r,usability,COCORO HOME,スマートフォン・アプリ連携。メーカー公式カタログ・公式仕様表で搭載を確認,official-sharp-models,yes
sharp,シャープ,SJ-MF43R,sharp-sjmf43r,usability,使い切りメモ,食材管理。メーカー公式カタログ・公式仕様表で搭載を確認,official-sharp-models,yes
sharp,シャープ,SJ-MF43R,sharp-sjmf43r,usability,見守り・ドア通知,通知・見守り。メーカー公式カタログ・公式仕様表で搭載を確認,official-sharp-models,yes
sharp,シャープ,SJ-MF43R,sharp-sjmf43r,usability,COCORO HOME AI,AI機能。メーカー公式カタログ・公式仕様表で搭載を確認,official-sharp-models,yes
sharp,シャープ,SJ-XW41P,sharp-sjxw41p,basic,定格内容積 408L,本体幅600mm、奥行650mm、高さ1829mm。,official-sharp-models,no
sharp,シャープ,SJ-XW41P,sharp-sjxw41p,energy,年間消費電力量 251kWh/年,2021年省エネ基準達成率100%。,official-sharp-models,no
sharp,シャープ,SJ-XW41P,sharp-sjxw41p,freezing,快速冷凍／おいそぎ冷凍,急速冷凍。メーカー公式カタログ・公式仕様表で搭載を確認,official-sharp-models,yes
sharp,シャープ,SJ-XW41P,sharp-sjxw41p,freshness,低温新鮮モード／チルドルーム,高鮮度保存機能。メーカー公式カタログ・公式仕様表で搭載を確認,official-sharp-models,yes
sharp,シャープ,SJ-XW41P,sharp-sjxw41p,vegetables,シャキット野菜室,野菜鮮度保持。メーカー公式カタログ・公式仕様表で搭載を確認,official-sharp-models,yes
sharp,シャープ,SJ-XW41P,sharp-sjxw41p,vegetables,高湿シールド構造,湿度・乾燥対策。メーカー公式カタログ・公式仕様表で搭載を確認,official-sharp-models,yes
sharp,シャープ,SJ-XW41P,sharp-sjxw41p,usability,自動製氷,自動製氷。メーカー公式カタログ・公式仕様表で搭載を確認,official-sharp-models,yes
sharp,シャープ,SJ-XW41P,sharp-sjxw41p,freshness,ナノ低温脱臭触媒,脱臭。メーカー公式カタログ・公式仕様表で搭載を確認,official-sharp-models,yes
sharp,シャープ,SJ-XW41P,sharp-sjxw41p,freshness,プラズマクラスター（冷気除菌）,除菌。メーカー公式カタログ・公式仕様表で搭載を確認,official-sharp-models,yes
sharp,シャープ,SJ-XW41P,sharp-sjxw41p,freshness,パッキンの汚れガード,汚れ防止・庫内清潔。メーカー公式カタログ・公式仕様表で搭載を確認,official-sharp-models,yes
sharp,シャープ,SJ-XW41P,sharp-sjxw41p,usability,オートクローズどっちもドア,開閉サポート。メーカー公式カタログ・公式仕様表で搭載を確認,official-sharp-models,yes
sharp,シャープ,SJ-XW41P,sharp-sjxw41p,energy,節電モード,省エネ運転。メーカー公式カタログ・公式仕様表で搭載を確認,official-sharp-models,yes
sharp,シャープ,SJ-XW41R,sharp-sjxw41r,basic,定格内容積 408L,本体幅600mm、奥行650mm、高さ1834mm。,official-sharp-models,no
sharp,シャープ,SJ-XW41R,sharp-sjxw41r,energy,年間消費電力量 251kWh/年,2021年省エネ基準達成率100%。,official-sharp-models,no
sharp,シャープ,SJ-XW41R,sharp-sjxw41r,freezing,快速冷凍／おいそぎ冷凍,急速冷凍。メーカー公式カタログ・公式仕様表で搭載を確認,official-sharp-models,yes
sharp,シャープ,SJ-XW41R,sharp-sjxw41r,freshness,低温新鮮モード／チルドルーム,高鮮度保存機能。メーカー公式カタログ・公式仕様表で搭載を確認,official-sharp-models,yes
sharp,シャープ,SJ-XW41R,sharp-sjxw41r,vegetables,シャキット野菜室,野菜鮮度保持。メーカー公式カタログ・公式仕様表で搭載を確認,official-sharp-models,yes
sharp,シャープ,SJ-XW41R,sharp-sjxw41r,vegetables,高湿シールド構造,湿度・乾燥対策。メーカー公式カタログ・公式仕様表で搭載を確認,official-sharp-models,yes
sharp,シャープ,SJ-XW41R,sharp-sjxw41r,usability,自動製氷,自動製氷。メーカー公式カタログ・公式仕様表で搭載を確認,official-sharp-models,yes
sharp,シャープ,SJ-XW41R,sharp-sjxw41r,freshness,ナノ低温脱臭触媒,脱臭。メーカー公式カタログ・公式仕様表で搭載を確認,official-sharp-models,yes
sharp,シャープ,SJ-XW41R,sharp-sjxw41r,freshness,プラズマクラスター（冷気除菌）,除菌。メーカー公式カタログ・公式仕様表で搭載を確認,official-sharp-models,yes
sharp,シャープ,SJ-XW41R,sharp-sjxw41r,freshness,パッキンの汚れガード,汚れ防止・庫内清潔。メーカー公式カタログ・公式仕様表で搭載を確認,official-sharp-models,yes
sharp,シャープ,SJ-XW41R,sharp-sjxw41r,usability,オートクローズどっちもドア,開閉サポート。メーカー公式カタログ・公式仕様表で搭載を確認,official-sharp-models,yes
sharp,シャープ,SJ-XW41R,sharp-sjxw41r,energy,節電モード,省エネ運転。メーカー公式カタログ・公式仕様表で搭載を確認,official-sharp-models,yes
sharp,シャープ,SJ-PW37R,sharp-sjpw37r,basic,定格内容積 374L,本体幅600mm、奥行650mm、高さ1755mm。,official-sharp-models,no
sharp,シャープ,SJ-PW37R,sharp-sjpw37r,energy,年間消費電力量 333kWh/年,2021年省エネ基準達成率106%。,official-sharp-models,no
sharp,シャープ,SJ-PW37R,sharp-sjpw37r,freezing,快速冷凍／おいそぎ冷凍,急速冷凍。メーカー公式カタログ・公式仕様表で搭載を確認,official-sharp-models,yes
sharp,シャープ,SJ-PW37R,sharp-sjpw37r,freshness,低温新鮮モード／チルドルーム,高鮮度保存機能。メーカー公式カタログ・公式仕様表で搭載を確認,official-sharp-models,yes
sharp,シャープ,SJ-PW37R,sharp-sjpw37r,vegetables,シャキット野菜室,野菜鮮度保持。メーカー公式カタログ・公式仕様表で搭載を確認,official-sharp-models,yes
sharp,シャープ,SJ-PW37R,sharp-sjpw37r,vegetables,高湿シールド構造,湿度・乾燥対策。メーカー公式カタログ・公式仕様表で搭載を確認,official-sharp-models,yes
sharp,シャープ,SJ-PW37R,sharp-sjpw37r,freshness,ナノ低温脱臭触媒,脱臭。メーカー公式カタログ・公式仕様表で搭載を確認,official-sharp-models,yes
sharp,シャープ,SJ-PW37R,sharp-sjpw37r,freshness,プラズマクラスター（冷気除菌）,除菌。メーカー公式カタログ・公式仕様表で搭載を確認,official-sharp-models,yes
sharp,シャープ,SJ-PW37R,sharp-sjpw37r,freshness,パッキンの汚れガード,汚れ防止・庫内清潔。メーカー公式カタログ・公式仕様表で搭載を確認,official-sharp-models,yes
sharp,シャープ,SJ-PW37R,sharp-sjpw37r,usability,オートクローズどっちもドア,開閉サポート。メーカー公式カタログ・公式仕様表で搭載を確認,official-sharp-models,yes
sharp,シャープ,SJ-PW37R,sharp-sjpw37r,energy,節電モード,省エネ運転。メーカー公式カタログ・公式仕様表で搭載を確認,official-sharp-models,yes
sharp,シャープ,SJ-X373P,sharp-sjx373p,basic,定格内容積 374L,本体幅600mm、奥行650mm、高さ1750mm。,official-sharp-models,no
sharp,シャープ,SJ-X373P,sharp-sjx373p,energy,年間消費電力量 354kWh/年,2021年省エネ基準達成率100%。,official-sharp-models,no
sharp,シャープ,SJ-X373P,sharp-sjx373p,freezing,快速冷凍／おいそぎ冷凍,急速冷凍。メーカー公式カタログ・公式仕様表で搭載を確認,official-sharp-models,yes
sharp,シャープ,SJ-X373P,sharp-sjx373p,freshness,低温新鮮モード／チルドルーム,高鮮度保存機能。メーカー公式カタログ・公式仕様表で搭載を確認,official-sharp-models,yes
sharp,シャープ,SJ-X373P,sharp-sjx373p,vegetables,シャキット野菜室,野菜鮮度保持。メーカー公式カタログ・公式仕様表で搭載を確認,official-sharp-models,yes
sharp,シャープ,SJ-X373P,sharp-sjx373p,vegetables,高湿シールド構造,湿度・乾燥対策。メーカー公式カタログ・公式仕様表で搭載を確認,official-sharp-models,yes
sharp,シャープ,SJ-X373P,sharp-sjx373p,freshness,ナノ低温脱臭触媒,脱臭。メーカー公式カタログ・公式仕様表で搭載を確認,official-sharp-models,yes
sharp,シャープ,SJ-X373P,sharp-sjx373p,freshness,プラズマクラスター（冷気除菌）,除菌。メーカー公式カタログ・公式仕様表で搭載を確認,official-sharp-models,yes
sharp,シャープ,SJ-X373P,sharp-sjx373p,freshness,パッキンの汚れガード,汚れ防止・庫内清潔。メーカー公式カタログ・公式仕様表で搭載を確認,official-sharp-models,yes
sharp,シャープ,SJ-X373P,sharp-sjx373p,usability,オートクローズどっちもドア,開閉サポート。メーカー公式カタログ・公式仕様表で搭載を確認,official-sharp-models,yes
sharp,シャープ,SJ-X373P,sharp-sjx373p,energy,節電モード,省エネ運転。メーカー公式カタログ・公式仕様表で搭載を確認,official-sharp-models,yes
sharp,シャープ,SJ-PT32R,sharp-sj-pt32r,basic,定格内容積 317L,冷蔵室183L、野菜室61L、冷凍室73L。,sharp-pt32r,no
sharp,シャープ,SJ-PT32R,sharp-sj-pt32r,basic,外形寸法 544×647×1770mm,3ドア片開き。最小必要設置スペース584×675×1870mm。,sharp-pt32r,no
sharp,シャープ,SJ-PT32R,sharp-sj-pt32r,vegetables,真ん中シャキット野菜室,2WAY果物ケースを備える。,sharp-pt32r,no
sharp,シャープ,SJ-PT32R,sharp-sj-pt32r,freshness,プラズマクラスター（冷気除菌）,冷蔵室内の冷気を清潔に保つ。付着菌を除菌するタイプではない。,sharp-pt32r,no
sharp,シャープ,SJ-PT32R,sharp-sj-pt32r,energy,年間消費電力量 313kWh/年,省エネ基準達成率108%、静音約23dB。,sharp-pt32r,no
sharp,シャープ,SJ-PT32R,sharp-sj-pt32r,freezing,おいそぎ冷凍,急速冷凍。メーカー公式カタログ・公式仕様表で搭載を確認,sharp-news|sharp-pt32r,yes
sharp,シャープ,SJ-PT32R,sharp-sj-pt32r,freshness,チルドルーム,高鮮度保存機能。メーカー公式カタログ・公式仕様表で搭載を確認,sharp-news|sharp-pt32r,yes
sharp,シャープ,SJ-PT32R,sharp-sj-pt32r,vegetables,シャキット野菜室,野菜鮮度保持。メーカー公式カタログ・公式仕様表で搭載を確認,sharp-news|sharp-pt32r,yes
sharp,シャープ,SJ-PT32R,sharp-sj-pt32r,vegetables,高湿シールド構造,湿度・乾燥対策。メーカー公式一次資料（10、12）で搭載を確認。,sharp-news|sharp-pt32r,yes
sharp,シャープ,SJ-PT32R,sharp-sj-pt32r,energy,節電モード,省エネ運転。メーカー公式カタログ・公式仕様表で搭載を確認,sharp-news|sharp-pt32r,yes
aqua,AQUA（アクア）,AQR-TZA52A,aqua-aqr-tza52a,basic,定格内容積 515L,冷蔵室333L、冷凍室182L。冷蔵室内に26Lの野菜ルームを備える。,aqua-tza52a,no
aqua,AQUA（アクア）,AQR-TZA52A,aqua-aqr-tza52a,basic,外形寸法 830×635×1850mm,据付必要奥行寸法635mm、質量133kg。,aqua-tza52a,no
aqua,AQUA（アクア）,AQR-TZA52A,aqua-aqr-tza52a,freezing,大容量6ボックス冷凍室,食品を分類しやすいワイドな冷凍収納。,aqua-tza52a,no
aqua,AQUA（アクア）,AQR-TZA52A,aqua-aqr-tza52a,vegetables,旬鮮野菜ルーム,中央配置で、鮮度保持LEDライトと半密閉構造を採用。,aqua-tza52a,no
aqua,AQUA（アクア）,AQR-TZA52A,aqua-aqr-tza52a,usability,Haismartアプリ対応,2026年TZシリーズはIoT機能を搭載。,aqua-release-tz,no
aqua,AQUA（アクア）,AQR-TZA52A,aqua-aqr-tza52a,energy,年間消費電力量 280kWh/年,50Hz/60Hz共通。,aqua-tza52a,no
aqua,AQUA（アクア）,AQR-TZA52A,aqua-aqr-tza52a,freezing,クイック冷凍,急速冷凍。メーカー公式カタログ・公式仕様表で搭載を確認,aqua-tza52a|aqua-release-tz,yes
aqua,AQUA（アクア）,AQR-TZA52A,aqua-aqr-tza52a,freezing,低温冷凍,高品質冷凍。メーカー公式カタログ・公式仕様表で搭載を確認,aqua-tza52a|aqua-release-tz,yes
aqua,AQUA（アクア）,AQR-TZA52A,aqua-aqr-tza52a,freezing,おいシールド冷凍,作り置き・冷凍食品向け。メーカー公式カタログ・公式仕様表で搭載を確認,aqua-tza52a|aqua-release-tz,yes
aqua,AQUA（アクア）,AQR-TZA52A,aqua-aqr-tza52a,freezing,クッキングアシスト,冷凍状態からの調理支援。メーカー公式カタログ・公式仕様表で搭載を確認,aqua-tza52a|aqua-release-tz,yes
aqua,AQUA（アクア）,AQR-TZA52A,aqua-aqr-tza52a,freshness,チルドルーム,高鮮度保存機能。メーカー公式カタログ・公式仕様表で搭載を確認,aqua-tza52a|aqua-release-tz,yes
aqua,AQUA（アクア）,AQR-TZA52A,aqua-aqr-tza52a,vegetables,半密閉構造,湿度・乾燥対策。メーカー公式カタログ・公式仕様表で搭載を確認,aqua-tza52a|aqua-release-tz,yes
aqua,AQUA（アクア）,AQR-TZA52A,aqua-aqr-tza52a,vegetables,鮮度保持LED,エチレンガス対策。メーカー公式カタログ・公式仕様表で搭載を確認,aqua-tza52a|aqua-release-tz,yes
aqua,AQUA（アクア）,AQR-TZA52A,aqua-aqr-tza52a,usability,自動製氷,自動製氷。メーカー公式カタログ・公式仕様表で搭載を確認,aqua-tza52a|aqua-release-tz,yes
aqua,AQUA（アクア）,AQR-TZA52A,aqua-aqr-tza52a,usability,はずせる製氷ユニット,製氷皿取り外し。メーカー公式カタログ・公式仕様表で搭載を確認,aqua-tza52a|aqua-release-tz,yes
aqua,AQUA（アクア）,AQR-TZA52A,aqua-aqr-tza52a,usability,洗える製氷ユニット,給水経路のお手入れ。メーカー公式カタログ・公式仕様表で搭載を確認,aqua-tza52a|aqua-release-tz,yes
aqua,AQUA（アクア）,AQR-TZA52A,aqua-aqr-tza52a,freshness,DEO FRESH,脱臭。メーカー公式カタログ・公式仕様表で搭載を確認,aqua-tza52a|aqua-release-tz,yes
aqua,AQUA（アクア）,AQR-TZA52A,aqua-aqr-tza52a,energy,節約ecoモード,省エネ運転。メーカー公式カタログ・公式仕様表で搭載を確認,aqua-tza52a|aqua-release-tz,yes
aqua,AQUA（アクア）,AQR-TZA52A,aqua-aqr-tza52a,usability,Wi-Fi,Wi-Fi。メーカー公式カタログ・公式仕様表で搭載を確認,aqua-tza52a|aqua-release-tz,yes
aqua,AQUA（アクア）,AQR-TZA52A,aqua-aqr-tza52a,usability,Haismart,スマートフォン・アプリ連携。メーカー公式カタログ・公式仕様表で搭載を確認,aqua-tza52a|aqua-release-tz,yes
aqua,AQUA（アクア）,AQR-TZA52A,aqua-aqr-tza52a,usability,食材管理・買い物リスト,食材管理。メーカー公式カタログ・公式仕様表で搭載を確認,aqua-tza52a|aqua-release-tz,yes
aqua,AQUA（アクア）,AQR-TZA52A,aqua-aqr-tza52a,usability,半ドア・故障通知,通知・見守り。メーカー公式カタログ・公式仕様表で搭載を確認,aqua-tza52a|aqua-release-tz,yes
aqua,AQUA（アクア）,AQR-TZ51P,aqua-aqrtz51p,basic,定格内容積 512L,本体幅830mm、奥行635mm、高さ1850mm。,official-aqua-models,no
aqua,AQUA（アクア）,AQR-TZ51P,aqua-aqrtz51p,energy,年間消費電力量 288kWh/年,メーカー公式仕様値。,official-aqua-models,no
aqua,AQUA（アクア）,AQR-TZ51P,aqua-aqrtz51p,freezing,クイック冷凍,急速冷凍。メーカー公式カタログ・公式仕様表で搭載を確認,official-aqua-models,yes
aqua,AQUA（アクア）,AQR-TZ51P,aqua-aqrtz51p,freezing,おいシールド冷凍,高品質冷凍。メーカー公式カタログ・公式仕様表で搭載を確認,official-aqua-models,yes
aqua,AQUA（アクア）,AQR-TZ51P,aqua-aqrtz51p,freezing,クッキングアシスト,冷凍状態からの調理支援。メーカー公式カタログ・公式仕様表で搭載を確認,official-aqua-models,yes
aqua,AQUA（アクア）,AQR-TZ51P,aqua-aqrtz51p,freshness,チルドルーム,高鮮度保存機能。メーカー公式カタログ・公式仕様表で搭載を確認,official-aqua-models,yes
aqua,AQUA（アクア）,AQR-TZ51P,aqua-aqrtz51p,vegetables,旬鮮野菜ルーム,野菜鮮度保持。メーカー公式カタログ・公式仕様表で搭載を確認,official-aqua-models,yes
aqua,AQUA（アクア）,AQR-TZ51P,aqua-aqrtz51p,vegetables,半密閉構造,湿度・乾燥対策。メーカー公式カタログ・公式仕様表で搭載を確認,official-aqua-models,yes
aqua,AQUA（アクア）,AQR-TZ51P,aqua-aqrtz51p,vegetables,鮮度保持LED,エチレンガス対策。メーカー公式カタログ・公式仕様表で搭載を確認,official-aqua-models,yes
aqua,AQUA（アクア）,AQR-TZ51P,aqua-aqrtz51p,usability,自動製氷,自動製氷。メーカー公式カタログ・公式仕様表で搭載を確認,official-aqua-models,yes
aqua,AQUA（アクア）,AQR-TZ51P,aqua-aqrtz51p,usability,はずせる製氷ユニット,製氷皿取り外し。メーカー公式カタログ・公式仕様表で搭載を確認,official-aqua-models,yes
aqua,AQUA（アクア）,AQR-TZ51P,aqua-aqrtz51p,usability,洗える製氷ユニット,給水経路のお手入れ。メーカー公式カタログ・公式仕様表で搭載を確認,official-aqua-models,yes
aqua,AQUA（アクア）,AQR-TZ51P,aqua-aqrtz51p,freshness,DEO FRESH,脱臭。メーカー公式カタログ・公式仕様表で搭載を確認,official-aqua-models,yes
aqua,AQUA（アクア）,AQR-TZ51P,aqua-aqrtz51p,energy,節約ecoモード,省エネ運転。メーカー公式カタログ・公式仕様表で搭載を確認,official-aqua-models,yes
aqua,AQUA（アクア）,AQR-TZ51P,aqua-aqrtz51p,usability,Wi-Fi,Wi-Fi。メーカー公式カタログ・公式仕様表で搭載を確認,official-aqua-models,yes
aqua,AQUA（アクア）,AQR-TZ51P,aqua-aqrtz51p,usability,Haismart,スマートフォン・アプリ連携。メーカー公式カタログ・公式仕様表で搭載を確認,official-aqua-models,yes
aqua,AQUA（アクア）,AQR-TZ51P,aqua-aqrtz51p,usability,食材管理・買い物リスト,食材管理。メーカー公式カタログ・公式仕様表で搭載を確認,official-aqua-models,yes
aqua,AQUA（アクア）,AQR-TZ51P,aqua-aqrtz51p,usability,半ドア・故障通知,通知・見守り。メーカー公式カタログ・公式仕様表で搭載を確認,official-aqua-models,yes
aqua,AQUA（アクア）,AQR-TZ51R,aqua-aqrtz51r,basic,定格内容積 512L,本体幅830mm、奥行635mm、高さ1850mm。,official-aqua-models,no
aqua,AQUA（アクア）,AQR-TZ51R,aqua-aqrtz51r,energy,年間消費電力量 293kWh/年,メーカー公式仕様値。,official-aqua-models,no
aqua,AQUA（アクア）,AQR-TZ51R,aqua-aqrtz51r,freezing,クイック冷凍,急速冷凍。メーカー公式カタログ・公式仕様表で搭載を確認,official-aqua-models,yes
aqua,AQUA（アクア）,AQR-TZ51R,aqua-aqrtz51r,freezing,おいシールド冷凍,高品質冷凍。メーカー公式カタログ・公式仕様表で搭載を確認,official-aqua-models,yes
aqua,AQUA（アクア）,AQR-TZ51R,aqua-aqrtz51r,freezing,クッキングアシスト,冷凍状態からの調理支援。メーカー公式カタログ・公式仕様表で搭載を確認,official-aqua-models,yes
aqua,AQUA（アクア）,AQR-TZ51R,aqua-aqrtz51r,freshness,チルドルーム,高鮮度保存機能。メーカー公式カタログ・公式仕様表で搭載を確認,official-aqua-models,yes
aqua,AQUA（アクア）,AQR-TZ51R,aqua-aqrtz51r,vegetables,旬鮮野菜ルーム,野菜鮮度保持。メーカー公式カタログ・公式仕様表で搭載を確認,official-aqua-models,yes
aqua,AQUA（アクア）,AQR-TZ51R,aqua-aqrtz51r,vegetables,半密閉構造,湿度・乾燥対策。メーカー公式カタログ・公式仕様表で搭載を確認,official-aqua-models,yes
aqua,AQUA（アクア）,AQR-TZ51R,aqua-aqrtz51r,vegetables,鮮度保持LED,エチレンガス対策。メーカー公式カタログ・公式仕様表で搭載を確認,official-aqua-models,yes
aqua,AQUA（アクア）,AQR-TZ51R,aqua-aqrtz51r,usability,自動製氷,自動製氷。メーカー公式カタログ・公式仕様表で搭載を確認,official-aqua-models,yes
aqua,AQUA（アクア）,AQR-TZ51R,aqua-aqrtz51r,usability,はずせる製氷ユニット,製氷皿取り外し。メーカー公式カタログ・公式仕様表で搭載を確認,official-aqua-models,yes
aqua,AQUA（アクア）,AQR-TZ51R,aqua-aqrtz51r,usability,洗える製氷ユニット,給水経路のお手入れ。メーカー公式カタログ・公式仕様表で搭載を確認,official-aqua-models,yes
aqua,AQUA（アクア）,AQR-TZ51R,aqua-aqrtz51r,freshness,DEO FRESH,脱臭。メーカー公式カタログ・公式仕様表で搭載を確認,official-aqua-models,yes
aqua,AQUA（アクア）,AQR-TZ51R,aqua-aqrtz51r,energy,節約ecoモード,省エネ運転。メーカー公式カタログ・公式仕様表で搭載を確認,official-aqua-models,yes
aqua,AQUA（アクア）,AQR-TZ51R,aqua-aqrtz51r,usability,Wi-Fi,Wi-Fi。メーカー公式カタログ・公式仕様表で搭載を確認,official-aqua-models,yes
aqua,AQUA（アクア）,AQR-TZ51R,aqua-aqrtz51r,usability,Haismart,スマートフォン・アプリ連携。メーカー公式カタログ・公式仕様表で搭載を確認,official-aqua-models,yes
aqua,AQUA（アクア）,AQR-TZ51R,aqua-aqrtz51r,usability,食材管理・買い物リスト,食材管理。メーカー公式カタログ・公式仕様表で搭載を確認,official-aqua-models,yes
aqua,AQUA（アクア）,AQR-TZ51R,aqua-aqrtz51r,usability,半ドア・故障通知,通知・見守り。メーカー公式カタログ・公式仕様表で搭載を確認,official-aqua-models,yes
aqua,AQUA（アクア）,AQR-TX51A,aqua-aqrtx51a,basic,定格内容積 506L,本体幅700mm、奥行670mm、高さ1850mm。,official-aqua-models,no
aqua,AQUA（アクア）,AQR-TX51A,aqua-aqrtx51a,energy,年間消費電力量 280kWh/年,メーカー公式仕様値。,official-aqua-models,no
aqua,AQUA（アクア）,AQR-TX51A,aqua-aqrtx51a,freezing,クイック冷凍,急速冷凍。メーカー公式カタログ・公式仕様表で搭載を確認,official-aqua-models,yes
aqua,AQUA（アクア）,AQR-TX51A,aqua-aqrtx51a,freezing,おいシールド冷凍,高品質冷凍。AQUA公式カタログの型番別機能一覧で確認,official-aqua-models,yes
aqua,AQUA（アクア）,AQR-TX51A,aqua-aqrtx51a,freshness,間接冷却チルド,高鮮度保存機能。メーカー公式カタログ・公式仕様表で搭載を確認,official-aqua-models,yes
aqua,AQUA（アクア）,AQR-TX51A,aqua-aqrtx51a,vegetables,見える野菜室・鮮度保持LED,野菜鮮度保持。メーカー公式カタログ・公式仕様表で搭載を確認,official-aqua-models,yes
aqua,AQUA（アクア）,AQR-TX51A,aqua-aqrtx51a,vegetables,うるおいエリア／半密閉構造,湿度・乾燥対策。メーカー公式カタログ・公式仕様表で搭載を確認,official-aqua-models,yes
aqua,AQUA（アクア）,AQR-TX51A,aqua-aqrtx51a,vegetables,鮮度保持LED,エチレンガス対策。メーカー公式カタログ・公式仕様表で搭載を確認,official-aqua-models,yes
aqua,AQUA（アクア）,AQR-TX51A,aqua-aqrtx51a,usability,自動製氷,自動製氷。メーカー公式カタログ・公式仕様表で搭載を確認,official-aqua-models,yes
aqua,AQUA（アクア）,AQR-TX51A,aqua-aqrtx51a,usability,はずせる製氷ユニット,製氷皿取り外し。AQUA公式カタログの型番別機能一覧で確認,official-aqua-models,yes
aqua,AQUA（アクア）,AQR-TX51A,aqua-aqrtx51a,usability,洗える製氷ユニット,給水経路のお手入れ。AQUA公式カタログの型番別機能一覧で確認,official-aqua-models,yes
aqua,AQUA（アクア）,AQR-TX51A,aqua-aqrtx51a,freshness,マイクロオゾン,脱臭。メーカー公式カタログ・公式仕様表で搭載を確認,official-aqua-models,yes
aqua,AQUA（アクア）,AQR-TX51A,aqua-aqrtx51a,energy,節約ecoモード,省エネ運転。メーカー公式カタログ・公式仕様表で搭載を確認,official-aqua-models,yes
aqua,AQUA（アクア）,AQR-TX51A,aqua-aqrtx51a,energy,人感センサー・LEDステータスバー,センサー省エネ。メーカー公式カタログ・公式仕様表で搭載を確認,official-aqua-models,yes
aqua,AQUA（アクア）,AQR-TX51A,aqua-aqrtx51a,usability,Wi-Fi,Wi-Fi。メーカー公式カタログ・公式仕様表で搭載を確認,official-aqua-models,yes
aqua,AQUA（アクア）,AQR-TX51A,aqua-aqrtx51a,usability,Haismart,スマートフォン・アプリ連携。メーカー公式カタログ・公式仕様表で搭載を確認,official-aqua-models,yes
aqua,AQUA（アクア）,AQR-TX51A,aqua-aqrtx51a,usability,食材管理・買い物リスト,食材管理。メーカー公式カタログ・公式仕様表で搭載を確認,official-aqua-models,yes
aqua,AQUA（アクア）,AQR-TX51A,aqua-aqrtx51a,usability,半ドア・故障通知,通知・見守り。メーカー公式カタログ・公式仕様表で搭載を確認,official-aqua-models,yes
aqua,AQUA（アクア）,AQR-TX51A,aqua-aqrtx51a,usability,ツインLED,庫内を見やすく照らす2つのLED。,official-aqua-models,yes
aqua,AQUA（アクア）,AQR-TX51A,aqua-aqrtx51a,vegetables,うるおいエリア,野菜の乾燥を抑える半密閉構造の保存エリア。,official-aqua-models,yes
aqua,AQUA（アクア）,AQR-TX51R,aqua-aqrtx51r,basic,定格内容積 506L,本体幅700mm、奥行670mm、高さ1850mm。,official-aqua-models,no
aqua,AQUA（アクア）,AQR-TX51R,aqua-aqrtx51r,energy,年間消費電力量 280kWh/年,メーカー公式仕様値。,official-aqua-models,no
aqua,AQUA（アクア）,AQR-TX51R,aqua-aqrtx51r,freezing,クイック冷凍,急速冷凍。メーカー公式カタログ・公式仕様表で搭載を確認,official-aqua-models,yes
aqua,AQUA（アクア）,AQR-TX51R,aqua-aqrtx51r,freezing,おいシールド冷凍,高品質冷凍。AQUA公式カタログの型番別機能一覧で確認,official-aqua-models,yes
aqua,AQUA（アクア）,AQR-TX51R,aqua-aqrtx51r,freshness,間接冷却チルド,高鮮度保存機能。メーカー公式カタログ・公式仕様表で搭載を確認,official-aqua-models,yes
aqua,AQUA（アクア）,AQR-TX51R,aqua-aqrtx51r,vegetables,見える野菜室・鮮度保持LED,野菜鮮度保持。メーカー公式カタログ・公式仕様表で搭載を確認,official-aqua-models,yes
aqua,AQUA（アクア）,AQR-TX51R,aqua-aqrtx51r,vegetables,うるおいエリア／半密閉構造,湿度・乾燥対策。メーカー公式カタログ・公式仕様表で搭載を確認,official-aqua-models,yes
aqua,AQUA（アクア）,AQR-TX51R,aqua-aqrtx51r,vegetables,鮮度保持LED,エチレンガス対策。メーカー公式カタログ・公式仕様表で搭載を確認,official-aqua-models,yes
aqua,AQUA（アクア）,AQR-TX51R,aqua-aqrtx51r,usability,自動製氷,自動製氷。メーカー公式カタログ・公式仕様表で搭載を確認,official-aqua-models,yes
aqua,AQUA（アクア）,AQR-TX51R,aqua-aqrtx51r,usability,はずせる製氷ユニット,製氷皿取り外し。AQUA公式カタログの型番別機能一覧で確認,official-aqua-models,yes
aqua,AQUA（アクア）,AQR-TX51R,aqua-aqrtx51r,usability,洗える製氷ユニット,給水経路のお手入れ。AQUA公式カタログの型番別機能一覧で確認,official-aqua-models,yes
aqua,AQUA（アクア）,AQR-TX51R,aqua-aqrtx51r,freshness,マイクロオゾン,脱臭。メーカー公式カタログ・公式仕様表で搭載を確認,official-aqua-models,yes
aqua,AQUA（アクア）,AQR-TX51R,aqua-aqrtx51r,energy,節約ecoモード,省エネ運転。メーカー公式カタログ・公式仕様表で搭載を確認,official-aqua-models,yes
aqua,AQUA（アクア）,AQR-TX51R,aqua-aqrtx51r,energy,人感センサー・LEDステータスバー,センサー省エネ。メーカー公式カタログ・公式仕様表で搭載を確認,official-aqua-models,yes
aqua,AQUA（アクア）,AQR-TX51R,aqua-aqrtx51r,usability,Wi-Fi,Wi-Fi。メーカー公式カタログ・公式仕様表で搭載を確認,official-aqua-models,yes
aqua,AQUA（アクア）,AQR-TX51R,aqua-aqrtx51r,usability,Haismart,スマートフォン・アプリ連携。メーカー公式カタログ・公式仕様表で搭載を確認,official-aqua-models,yes
aqua,AQUA（アクア）,AQR-TX51R,aqua-aqrtx51r,usability,食材管理・買い物リスト,食材管理。メーカー公式カタログ・公式仕様表で搭載を確認,official-aqua-models,yes
aqua,AQUA（アクア）,AQR-TX51R,aqua-aqrtx51r,usability,半ドア・故障通知,通知・見守り。メーカー公式カタログ・公式仕様表で搭載を確認,official-aqua-models,yes
aqua,AQUA（アクア）,AQR-TX51R,aqua-aqrtx51r,usability,ツインLED,庫内を見やすく照らす2つのLED。,official-aqua-models,yes
aqua,AQUA（アクア）,AQR-TX51R,aqua-aqrtx51r,vegetables,うるおいエリア,野菜の乾燥を抑える半密閉構造の保存エリア。,official-aqua-models,yes
aqua,AQUA（アクア）,AQR-TXA50A,aqua-aqr-txa50a,basic,定格内容積 501L,冷蔵室259L、野菜室102L、冷凍室上段52L・下段88L。,aqua-txa50a,no
aqua,AQUA（アクア）,AQR-TXA50A,aqua-aqr-txa50a,basic,外形寸法 700×667×1850mm,据付必要奥行寸法670mm、質量131kg。,aqua-txa50a,no
aqua,AQUA（アクア）,AQR-TXA50A,aqua-aqr-txa50a,freshness,間接冷却チルド,食材に直接冷風を当てない輻射冷却を採用。,aqua-txa50a,no
aqua,AQUA（アクア）,AQR-TXA50A,aqua-aqr-txa50a,vegetables,見える野菜室,冷蔵室から野菜室を確認できるレイアウト。,aqua-txa50a,no
aqua,AQUA（アクア）,AQR-TXA50A,aqua-aqr-txa50a,usability,Haismartアプリ対応,2026年TXシリーズはIoTに対応。,aqua-release-tx,no
aqua,AQUA（アクア）,AQR-TXA50A,aqua-aqr-txa50a,energy,年間消費電力量 276kWh/年,50Hz/60Hz共通。,aqua-txa50a,no
aqua,AQUA（アクア）,AQR-TXA50A,aqua-aqr-txa50a,freezing,クイック冷凍,急速冷凍。メーカー公式カタログ・公式仕様表で搭載を確認,aqua-txa50a|aqua-release-tx|official-aqua-models,yes
aqua,AQUA（アクア）,AQR-TXA50A,aqua-aqr-txa50a,freezing,おいシールド冷凍,高品質冷凍。AQUA公式カタログの型番別機能一覧で確認,aqua-txa50a|aqua-release-tx|official-aqua-models,yes
aqua,AQUA（アクア）,AQR-TXA50A,aqua-aqr-txa50a,vegetables,見える野菜室・鮮度保持LED,野菜鮮度保持。メーカー公式カタログ・公式仕様表で搭載を確認,aqua-txa50a|aqua-release-tx|official-aqua-models,yes
aqua,AQUA（アクア）,AQR-TXA50A,aqua-aqr-txa50a,vegetables,半密閉構造,湿度・乾燥対策。メーカー公式カタログ・公式仕様表で搭載を確認,aqua-txa50a|aqua-release-tx|official-aqua-models,yes
aqua,AQUA（アクア）,AQR-TXA50A,aqua-aqr-txa50a,vegetables,鮮度保持LED,エチレンガス対策。メーカー公式カタログ・公式仕様表で搭載を確認,aqua-txa50a|aqua-release-tx|official-aqua-models,yes
aqua,AQUA（アクア）,AQR-TXA50A,aqua-aqr-txa50a,usability,自動製氷,自動製氷。メーカー公式カタログ・公式仕様表で搭載を確認,aqua-txa50a|aqua-release-tx|official-aqua-models,yes
aqua,AQUA（アクア）,AQR-TXA50A,aqua-aqr-txa50a,usability,はずせる製氷ユニット,製氷皿取り外し。AQUA公式カタログの型番別機能一覧で確認,aqua-txa50a|aqua-release-tx|official-aqua-models,yes
aqua,AQUA（アクア）,AQR-TXA50A,aqua-aqr-txa50a,usability,洗える製氷ユニット,給水経路のお手入れ。AQUA公式カタログの型番別機能一覧で確認,aqua-txa50a|aqua-release-tx|official-aqua-models,yes
aqua,AQUA（アクア）,AQR-TXA50A,aqua-aqr-txa50a,freshness,マイクロオゾン,脱臭。メーカー公式カタログ・公式仕様表で搭載を確認,aqua-txa50a|aqua-release-tx|official-aqua-models,yes
aqua,AQUA（アクア）,AQR-TXA50A,aqua-aqr-txa50a,energy,節約ecoモード,省エネ運転。メーカー公式カタログ・公式仕様表で搭載を確認,aqua-txa50a|aqua-release-tx|official-aqua-models,yes
aqua,AQUA（アクア）,AQR-TXA50A,aqua-aqr-txa50a,energy,人感センサー・LEDステータスバー,センサー省エネ。メーカー公式カタログ・公式仕様表で搭載を確認,aqua-txa50a|aqua-release-tx|official-aqua-models,yes
aqua,AQUA（アクア）,AQR-TXA50A,aqua-aqr-txa50a,usability,Wi-Fi,Wi-Fi。メーカー公式カタログ・公式仕様表で搭載を確認,aqua-txa50a|aqua-release-tx|official-aqua-models,yes
aqua,AQUA（アクア）,AQR-TXA50A,aqua-aqr-txa50a,usability,Haismart,スマートフォン・アプリ連携。メーカー公式カタログ・公式仕様表で搭載を確認,aqua-txa50a|aqua-release-tx|official-aqua-models,yes
aqua,AQUA（アクア）,AQR-TXA50A,aqua-aqr-txa50a,usability,食材管理・買い物リスト,食材管理。メーカー公式カタログ・公式仕様表で搭載を確認,aqua-txa50a|aqua-release-tx|official-aqua-models,yes
aqua,AQUA（アクア）,AQR-TXA50A,aqua-aqr-txa50a,usability,半ドア・故障通知,通知・見守り。メーカー公式カタログ・公式仕様表で搭載を確認,aqua-txa50a|aqua-release-tx|official-aqua-models,yes
aqua,AQUA（アクア）,AQR-TXA50A,aqua-aqr-txa50a,usability,ツインLED,庫内を見やすく照らす2つのLED。,aqua-txa50a|aqua-release-tx|official-aqua-models,yes
aqua,AQUA（アクア）,AQR-TXA50A,aqua-aqr-txa50a,vegetables,うるおいエリア,野菜の乾燥を抑える半密閉構造の保存エリア。,aqua-txa50a|aqua-release-tx|official-aqua-models,yes
aqua,AQUA（アクア）,AQR-TXA50R,aqua-aqrtxa50r,basic,定格内容積 501L,本体幅700mm、奥行670mm、高さ1850mm。,official-aqua-models,no
aqua,AQUA（アクア）,AQR-TXA50R,aqua-aqrtxa50r,energy,年間消費電力量 276kWh/年,メーカー公式仕様値。,official-aqua-models,no
aqua,AQUA（アクア）,AQR-TXA50R,aqua-aqrtxa50r,freezing,クイック冷凍,急速冷凍。メーカー公式カタログ・公式仕様表で搭載を確認,official-aqua-models,yes
aqua,AQUA（アクア）,AQR-TXA50R,aqua-aqrtxa50r,freezing,おいシールド冷凍,高品質冷凍。AQUA公式カタログの型番別機能一覧で確認,official-aqua-models,yes
aqua,AQUA（アクア）,AQR-TXA50R,aqua-aqrtxa50r,freshness,間接冷却チルド,高鮮度保存機能。メーカー公式カタログ・公式仕様表で搭載を確認,official-aqua-models,yes
aqua,AQUA（アクア）,AQR-TXA50R,aqua-aqrtxa50r,vegetables,見える野菜室・鮮度保持LED,野菜鮮度保持。メーカー公式カタログ・公式仕様表で搭載を確認,official-aqua-models,yes
aqua,AQUA（アクア）,AQR-TXA50R,aqua-aqrtxa50r,vegetables,うるおいエリア／半密閉構造,湿度・乾燥対策。メーカー公式カタログ・公式仕様表で搭載を確認,official-aqua-models,yes
aqua,AQUA（アクア）,AQR-TXA50R,aqua-aqrtxa50r,vegetables,鮮度保持LED,エチレンガス対策。メーカー公式カタログ・公式仕様表で搭載を確認,official-aqua-models,yes
aqua,AQUA（アクア）,AQR-TXA50R,aqua-aqrtxa50r,usability,自動製氷,自動製氷。メーカー公式カタログ・公式仕様表で搭載を確認,official-aqua-models,yes
aqua,AQUA（アクア）,AQR-TXA50R,aqua-aqrtxa50r,usability,はずせる製氷ユニット,製氷皿取り外し。AQUA公式カタログの型番別機能一覧で確認,official-aqua-models,yes
aqua,AQUA（アクア）,AQR-TXA50R,aqua-aqrtxa50r,usability,洗える製氷ユニット,給水経路のお手入れ。AQUA公式カタログの型番別機能一覧で確認,official-aqua-models,yes
aqua,AQUA（アクア）,AQR-TXA50R,aqua-aqrtxa50r,freshness,マイクロオゾン,脱臭。メーカー公式カタログ・公式仕様表で搭載を確認,official-aqua-models,yes
aqua,AQUA（アクア）,AQR-TXA50R,aqua-aqrtxa50r,energy,節約ecoモード,省エネ運転。メーカー公式カタログ・公式仕様表で搭載を確認,official-aqua-models,yes
aqua,AQUA（アクア）,AQR-TXA50R,aqua-aqrtxa50r,energy,人感センサー・LEDステータスバー,センサー省エネ。メーカー公式カタログ・公式仕様表で搭載を確認,official-aqua-models,yes
aqua,AQUA（アクア）,AQR-TXA50R,aqua-aqrtxa50r,usability,Wi-Fi,Wi-Fi。メーカー公式カタログ・公式仕様表で搭載を確認,official-aqua-models,yes
aqua,AQUA（アクア）,AQR-TXA50R,aqua-aqrtxa50r,usability,Haismart,スマートフォン・アプリ連携。メーカー公式カタログ・公式仕様表で搭載を確認,official-aqua-models,yes
aqua,AQUA（アクア）,AQR-TXA50R,aqua-aqrtxa50r,usability,食材管理・買い物リスト,食材管理。メーカー公式カタログ・公式仕様表で搭載を確認,official-aqua-models,yes
aqua,AQUA（アクア）,AQR-TXA50R,aqua-aqrtxa50r,usability,半ドア・故障通知,通知・見守り。メーカー公式カタログ・公式仕様表で搭載を確認,official-aqua-models,yes
aqua,AQUA（アクア）,AQR-TXA50R,aqua-aqrtxa50r,usability,ツインLED,庫内を見やすく照らす2つのLED。,official-aqua-models,yes
aqua,AQUA（アクア）,AQR-TXA50R,aqua-aqrtxa50r,vegetables,うるおいエリア,野菜の乾燥を抑える半密閉構造の保存エリア。,official-aqua-models,yes
aqua,AQUA（アクア）,AQR-SBS48A,aqua-aqrsbs48a,basic,定格内容積 475L,本体幅835mm、奥行667mm、高さ1775mm。,official-aqua-models,no
aqua,AQUA（アクア）,AQR-SBS48A,aqua-aqrsbs48a,energy,年間消費電力量 300kWh/年,メーカー公式仕様値。,official-aqua-models,no
aqua,AQUA（アクア）,AQR-SBS48A,aqua-aqrsbs48a,freshness,チルドルーム,高鮮度保存機能。メーカー公式カタログ・公式仕様表で搭載を確認,official-aqua-models,yes
aqua,AQUA（アクア）,AQR-SBS48A,aqua-aqrsbs48a,freshness,冷蔵室DEO FRESH,脱臭。メーカー公式カタログ・公式仕様表で搭載を確認,official-aqua-models,yes
aqua,AQUA（アクア）,AQR-V46A,aqua-aqrv46a,basic,定格内容積 458L,本体幅595mm、奥行715mm、高さ1850mm。,official-aqua-models,no
aqua,AQUA（アクア）,AQR-V46A,aqua-aqrv46a,energy,年間消費電力量 274kWh/年,メーカー公式仕様値。,official-aqua-models,no
aqua,AQUA（アクア）,AQR-V46A,aqua-aqrv46a,freezing,クイック冷凍,急速冷凍。メーカー公式カタログ・公式仕様表で搭載を確認,official-aqua-models,yes
aqua,AQUA（アクア）,AQR-V46A,aqua-aqrv46a,freezing,おいシールド冷凍,高品質冷凍。メーカー公式カタログ・公式仕様表で搭載を確認,official-aqua-models,yes
aqua,AQUA（アクア）,AQR-V46A,aqua-aqrv46a,freshness,フルワイドチルドルーム（DEO FRESH）,高鮮度保存機能。AQUA公式カタログの型番別機能一覧で確認,official-aqua-models,yes
aqua,AQUA（アクア）,AQR-V46A,aqua-aqrv46a,vegetables,見える野菜室,野菜鮮度保持。メーカー公式カタログ・公式仕様表で搭載を確認,official-aqua-models,yes
aqua,AQUA（アクア）,AQR-V46A,aqua-aqrv46a,vegetables,間接冷却構造,湿度・乾燥対策。メーカー公式カタログ・公式仕様表で搭載を確認,official-aqua-models,yes
aqua,AQUA（アクア）,AQR-V46A,aqua-aqrv46a,usability,自動製氷,自動製氷。メーカー公式カタログ・公式仕様表で搭載を確認,official-aqua-models,yes
aqua,AQUA（アクア）,AQR-V46A,aqua-aqrv46a,usability,洗える製氷ユニット,製氷皿取り外し。メーカー公式カタログ・公式仕様表で搭載を確認,official-aqua-models,yes
aqua,AQUA（アクア）,AQR-V46A,aqua-aqrv46a,freshness,DEO FRESH,脱臭。AQUA公式カタログの型番別機能一覧で確認,official-aqua-models,yes
aqua,AQUA（アクア）,AQR-V46A,aqua-aqrv46a,energy,節約ecoモード,省エネ運転。メーカー公式カタログ・公式仕様表で搭載を確認,official-aqua-models,yes
aqua,AQUA（アクア）,AQR-VZA45A,aqua-aqrvza45a,basic,定格内容積 452L,本体幅595mm、奥行715mm、高さ1850mm。,official-aqua-models,no
aqua,AQUA（アクア）,AQR-VZA45A,aqua-aqrvza45a,energy,年間消費電力量 259kWh/年,メーカー公式仕様値。,official-aqua-models,no
aqua,AQUA（アクア）,AQR-VZA45A,aqua-aqrvza45a,freezing,クイック冷凍,急速冷凍。メーカー公式カタログ・公式仕様表で搭載を確認,official-aqua-models,yes
aqua,AQUA（アクア）,AQR-VZA45A,aqua-aqrvza45a,freezing,おいシールド冷凍,高品質冷凍。メーカー公式カタログ・公式仕様表で搭載を確認,official-aqua-models,yes
aqua,AQUA（アクア）,AQR-VZA45A,aqua-aqrvza45a,freshness,間接冷却チルドルーム,高鮮度保存機能。AQUA公式カタログの型番別機能一覧で確認,official-aqua-models,yes
aqua,AQUA（アクア）,AQR-VZA45A,aqua-aqrvza45a,vegetables,見える野菜室,野菜鮮度保持。メーカー公式カタログ・公式仕様表で搭載を確認,official-aqua-models,yes
aqua,AQUA（アクア）,AQR-VZA45A,aqua-aqrvza45a,vegetables,間接冷却構造,湿度・乾燥対策。メーカー公式カタログ・公式仕様表で搭載を確認,official-aqua-models,yes
aqua,AQUA（アクア）,AQR-VZA45A,aqua-aqrvza45a,usability,自動製氷,自動製氷。メーカー公式カタログ・公式仕様表で搭載を確認,official-aqua-models,yes
aqua,AQUA（アクア）,AQR-VZA45A,aqua-aqrvza45a,usability,洗える製氷ユニット,製氷皿取り外し。メーカー公式カタログ・公式仕様表で搭載を確認,official-aqua-models,yes
aqua,AQUA（アクア）,AQR-VZA45A,aqua-aqrvza45a,freshness,マイクロオゾン,脱臭。AQUA公式カタログの型番別機能一覧で確認,official-aqua-models,yes
aqua,AQUA（アクア）,AQR-VZA45A,aqua-aqrvza45a,energy,節約ecoモード,省エネ運転。メーカー公式カタログ・公式仕様表で搭載を確認,official-aqua-models,yes
aqua,AQUA（アクア）,AQR-VZA45A,aqua-aqrvza45a,usability,ツインLED,庫内を見やすく照らす2つのLED。,official-aqua-models,yes
aqua,AQUA（アクア）,AQR-VZA45R,aqua-aqrvza45r,basic,定格内容積 452L,本体幅595mm、奥行720mm、高さ1850mm。,official-aqua-models,no
aqua,AQUA（アクア）,AQR-VZA45R,aqua-aqrvza45r,energy,年間消費電力量 259kWh/年,メーカー公式仕様値。,official-aqua-models,no
aqua,AQUA（アクア）,AQR-VZA45R,aqua-aqrvza45r,freezing,クイック冷凍,急速冷凍。メーカー公式カタログ・公式仕様表で搭載を確認,official-aqua-models,yes
aqua,AQUA（アクア）,AQR-VZA45R,aqua-aqrvza45r,freezing,おいシールド冷凍,高品質冷凍。メーカー公式カタログ・公式仕様表で搭載を確認,official-aqua-models,yes
aqua,AQUA（アクア）,AQR-VZA45R,aqua-aqrvza45r,freshness,間接冷却チルドルーム,高鮮度保存機能。AQUA公式カタログの型番別機能一覧で確認,official-aqua-models,yes
aqua,AQUA（アクア）,AQR-VZA45R,aqua-aqrvza45r,vegetables,見える野菜室,野菜鮮度保持。メーカー公式カタログ・公式仕様表で搭載を確認,official-aqua-models,yes
aqua,AQUA（アクア）,AQR-VZA45R,aqua-aqrvza45r,vegetables,間接冷却構造,湿度・乾燥対策。メーカー公式カタログ・公式仕様表で搭載を確認,official-aqua-models,yes
aqua,AQUA（アクア）,AQR-VZA45R,aqua-aqrvza45r,usability,自動製氷,自動製氷。メーカー公式カタログ・公式仕様表で搭載を確認,official-aqua-models,yes
aqua,AQUA（アクア）,AQR-VZA45R,aqua-aqrvza45r,usability,洗える製氷ユニット,製氷皿取り外し。メーカー公式カタログ・公式仕様表で搭載を確認,official-aqua-models,yes
aqua,AQUA（アクア）,AQR-VZA45R,aqua-aqrvza45r,freshness,マイクロオゾン,脱臭。AQUA公式カタログの型番別機能一覧で確認,official-aqua-models,yes
aqua,AQUA（アクア）,AQR-VZA45R,aqua-aqrvza45r,energy,節約ecoモード,省エネ運転。メーカー公式カタログ・公式仕様表で搭載を確認,official-aqua-models,yes
aqua,AQUA（アクア）,AQR-VZA45R,aqua-aqrvza45r,usability,ツインLED,庫内を見やすく照らす2つのLED。,official-aqua-models,yes
aqua,AQUA（アクア）,AQR-V43A,aqua-aqrv43a,basic,定格内容積 433L,本体幅595mm、奥行715mm、高さ1775mm。,official-aqua-models,no
aqua,AQUA（アクア）,AQR-V43A,aqua-aqrv43a,energy,年間消費電力量 267kWh/年,メーカー公式仕様値。,official-aqua-models,no
aqua,AQUA（アクア）,AQR-V43A,aqua-aqrv43a,freezing,クイック冷凍,急速冷凍。メーカー公式カタログ・公式仕様表で搭載を確認,official-aqua-models,yes
aqua,AQUA（アクア）,AQR-V43A,aqua-aqrv43a,freezing,おいシールド冷凍,高品質冷凍。メーカー公式カタログ・公式仕様表で搭載を確認,official-aqua-models,yes
aqua,AQUA（アクア）,AQR-V43A,aqua-aqrv43a,freshness,フルワイドチルドルーム（DEO FRESH）,高鮮度保存機能。AQUA公式カタログの型番別機能一覧で確認,official-aqua-models,yes
aqua,AQUA（アクア）,AQR-V43A,aqua-aqrv43a,vegetables,見える野菜室,野菜鮮度保持。メーカー公式カタログ・公式仕様表で搭載を確認,official-aqua-models,yes
aqua,AQUA（アクア）,AQR-V43A,aqua-aqrv43a,vegetables,間接冷却構造,湿度・乾燥対策。メーカー公式カタログ・公式仕様表で搭載を確認,official-aqua-models,yes
aqua,AQUA（アクア）,AQR-V43A,aqua-aqrv43a,usability,自動製氷,自動製氷。メーカー公式カタログ・公式仕様表で搭載を確認,official-aqua-models,yes
aqua,AQUA（アクア）,AQR-V43A,aqua-aqrv43a,usability,洗える製氷ユニット,製氷皿取り外し。メーカー公式カタログ・公式仕様表で搭載を確認,official-aqua-models,yes
aqua,AQUA（アクア）,AQR-V43A,aqua-aqrv43a,freshness,DEO FRESH,脱臭。AQUA公式カタログの型番別機能一覧で確認,official-aqua-models,yes
aqua,AQUA（アクア）,AQR-V43A,aqua-aqrv43a,energy,節約ecoモード,省エネ運転。メーカー公式カタログ・公式仕様表で搭載を確認,official-aqua-models,yes
aqua,AQUA（アクア）,AQR-TZ42A,aqua-aqrtz42a,basic,定格内容積 420L,本体幅700mm、奥行635mm、高さ1825mm。,official-aqua-models,no
aqua,AQUA（アクア）,AQR-TZ42A,aqua-aqrtz42a,energy,年間消費電力量 273kWh/年,メーカー公式仕様値。,official-aqua-models,no
aqua,AQUA（アクア）,AQR-TZ42A,aqua-aqrtz42a,freezing,クイック冷凍,急速冷凍。メーカー公式カタログ・公式仕様表で搭載を確認,official-aqua-models,yes
aqua,AQUA（アクア）,AQR-TZ42A,aqua-aqrtz42a,freezing,おいシールド冷凍,高品質冷凍。メーカー公式カタログ・公式仕様表で搭載を確認,official-aqua-models,yes
aqua,AQUA（アクア）,AQR-TZ42A,aqua-aqrtz42a,freezing,クッキングアシスト,冷凍状態からの調理支援。メーカー公式カタログ・公式仕様表で搭載を確認,official-aqua-models,yes
aqua,AQUA（アクア）,AQR-TZ42A,aqua-aqrtz42a,freshness,チルドルーム,高鮮度保存機能。メーカー公式カタログ・公式仕様表で搭載を確認,official-aqua-models,yes
aqua,AQUA（アクア）,AQR-TZ42A,aqua-aqrtz42a,vegetables,旬鮮野菜ルーム,野菜鮮度保持。メーカー公式カタログ・公式仕様表で搭載を確認,official-aqua-models,yes
aqua,AQUA（アクア）,AQR-TZ42A,aqua-aqrtz42a,vegetables,半密閉構造,湿度・乾燥対策。メーカー公式カタログ・公式仕様表で搭載を確認,official-aqua-models,yes
aqua,AQUA（アクア）,AQR-TZ42A,aqua-aqrtz42a,vegetables,鮮度保持LED,エチレンガス対策。メーカー公式カタログ・公式仕様表で搭載を確認,official-aqua-models,yes
aqua,AQUA（アクア）,AQR-TZ42A,aqua-aqrtz42a,usability,自動製氷,自動製氷。メーカー公式カタログ・公式仕様表で搭載を確認,official-aqua-models,yes
aqua,AQUA（アクア）,AQR-TZ42A,aqua-aqrtz42a,usability,はずせる製氷ユニット,製氷皿取り外し。メーカー公式カタログ・公式仕様表で搭載を確認,official-aqua-models,yes
aqua,AQUA（アクア）,AQR-TZ42A,aqua-aqrtz42a,usability,洗える製氷ユニット,給水経路のお手入れ。メーカー公式カタログ・公式仕様表で搭載を確認,official-aqua-models,yes
aqua,AQUA（アクア）,AQR-TZ42A,aqua-aqrtz42a,freshness,DEO FRESH,脱臭。メーカー公式カタログ・公式仕様表で搭載を確認,official-aqua-models,yes
aqua,AQUA（アクア）,AQR-TZ42A,aqua-aqrtz42a,energy,節約ecoモード,省エネ運転。メーカー公式カタログ・公式仕様表で搭載を確認,official-aqua-models,yes
aqua,AQUA（アクア）,AQR-TZ42A,aqua-aqrtz42a,usability,Wi-Fi,Wi-Fi。メーカー公式カタログ・公式仕様表で搭載を確認,official-aqua-models,yes
aqua,AQUA（アクア）,AQR-TZ42A,aqua-aqrtz42a,usability,Haismart,スマートフォン・アプリ連携。メーカー公式カタログ・公式仕様表で搭載を確認,official-aqua-models,yes
aqua,AQUA（アクア）,AQR-TZ42A,aqua-aqrtz42a,usability,食材管理・買い物リスト,食材管理。メーカー公式カタログ・公式仕様表で搭載を確認,official-aqua-models,yes
aqua,AQUA（アクア）,AQR-TZ42A,aqua-aqrtz42a,usability,半ドア・故障通知,通知・見守り。メーカー公式カタログ・公式仕様表で搭載を確認,official-aqua-models,yes
aqua,AQUA（アクア）,AQR-TZA42P,aqua-aqrtza42p,basic,定格内容積 420L,本体幅700mm、奥行635mm、高さ1825mm。,official-aqua-models,no
aqua,AQUA（アクア）,AQR-TZA42P,aqua-aqrtza42p,energy,年間消費電力量 265kWh/年,メーカー公式仕様値。,official-aqua-models,no
aqua,AQUA（アクア）,AQR-TZA42P,aqua-aqrtza42p,freezing,クイック冷凍,急速冷凍。メーカー公式カタログ・公式仕様表で搭載を確認,official-aqua-models,yes
aqua,AQUA（アクア）,AQR-TZA42P,aqua-aqrtza42p,freezing,おいシールド冷凍,高品質冷凍。メーカー公式カタログ・公式仕様表で搭載を確認,official-aqua-models,yes
aqua,AQUA（アクア）,AQR-TZA42P,aqua-aqrtza42p,freezing,クッキングアシスト,冷凍状態からの調理支援。メーカー公式カタログ・公式仕様表で搭載を確認,official-aqua-models,yes
aqua,AQUA（アクア）,AQR-TZA42P,aqua-aqrtza42p,freshness,チルドルーム,高鮮度保存機能。メーカー公式カタログ・公式仕様表で搭載を確認,official-aqua-models,yes
aqua,AQUA（アクア）,AQR-TZA42P,aqua-aqrtza42p,vegetables,旬鮮野菜ルーム,野菜鮮度保持。メーカー公式カタログ・公式仕様表で搭載を確認,official-aqua-models,yes
aqua,AQUA（アクア）,AQR-TZA42P,aqua-aqrtza42p,vegetables,半密閉構造,湿度・乾燥対策。メーカー公式カタログ・公式仕様表で搭載を確認,official-aqua-models,yes
aqua,AQUA（アクア）,AQR-TZA42P,aqua-aqrtza42p,vegetables,鮮度保持LED,エチレンガス対策。メーカー公式カタログ・公式仕様表で搭載を確認,official-aqua-models,yes
aqua,AQUA（アクア）,AQR-TZA42P,aqua-aqrtza42p,usability,自動製氷,自動製氷。メーカー公式カタログ・公式仕様表で搭載を確認,official-aqua-models,yes
aqua,AQUA（アクア）,AQR-TZA42P,aqua-aqrtza42p,usability,はずせる製氷ユニット,製氷皿取り外し。メーカー公式カタログ・公式仕様表で搭載を確認,official-aqua-models,yes
aqua,AQUA（アクア）,AQR-TZA42P,aqua-aqrtza42p,usability,洗える製氷ユニット,給水経路のお手入れ。メーカー公式カタログ・公式仕様表で搭載を確認,official-aqua-models,yes
aqua,AQUA（アクア）,AQR-TZA42P,aqua-aqrtza42p,freshness,DEO FRESH,脱臭。メーカー公式カタログ・公式仕様表で搭載を確認,official-aqua-models,yes
aqua,AQUA（アクア）,AQR-TZA42P,aqua-aqrtza42p,energy,節約ecoモード,省エネ運転。メーカー公式カタログ・公式仕様表で搭載を確認,official-aqua-models,yes
aqua,AQUA（アクア）,AQR-TZA42P,aqua-aqrtza42p,usability,Wi-Fi,Wi-Fi。メーカー公式カタログ・公式仕様表で搭載を確認,official-aqua-models,yes
aqua,AQUA（アクア）,AQR-TZA42P,aqua-aqrtza42p,usability,Haismart,スマートフォン・アプリ連携。メーカー公式カタログ・公式仕様表で搭載を確認,official-aqua-models,yes
aqua,AQUA（アクア）,AQR-TZA42P,aqua-aqrtza42p,usability,食材管理・買い物リスト,食材管理。メーカー公式カタログ・公式仕様表で搭載を確認,official-aqua-models,yes
aqua,AQUA（アクア）,AQR-TZA42P,aqua-aqrtza42p,usability,半ドア・故障通知,通知・見守り。メーカー公式カタログ・公式仕様表で搭載を確認,official-aqua-models,yes
aqua,AQUA（アクア）,AQR-TZA42R,aqua-aqrtza42r,basic,定格内容積 420L,本体幅700mm、奥行635mm、高さ1825mm。,official-aqua-models,no
aqua,AQUA（アクア）,AQR-TZA42R,aqua-aqrtza42r,energy,年間消費電力量 273kWh/年,メーカー公式仕様値。,official-aqua-models,no
aqua,AQUA（アクア）,AQR-TZA42R,aqua-aqrtza42r,freezing,クイック冷凍,急速冷凍。メーカー公式カタログ・公式仕様表で搭載を確認,official-aqua-models,yes
aqua,AQUA（アクア）,AQR-TZA42R,aqua-aqrtza42r,freezing,おいシールド冷凍,高品質冷凍。メーカー公式カタログ・公式仕様表で搭載を確認,official-aqua-models,yes
aqua,AQUA（アクア）,AQR-TZA42R,aqua-aqrtza42r,freezing,クッキングアシスト,冷凍状態からの調理支援。メーカー公式カタログ・公式仕様表で搭載を確認,official-aqua-models,yes
aqua,AQUA（アクア）,AQR-TZA42R,aqua-aqrtza42r,freshness,チルドルーム,高鮮度保存機能。メーカー公式カタログ・公式仕様表で搭載を確認,official-aqua-models,yes
aqua,AQUA（アクア）,AQR-TZA42R,aqua-aqrtza42r,vegetables,旬鮮野菜ルーム,野菜鮮度保持。メーカー公式カタログ・公式仕様表で搭載を確認,official-aqua-models,yes
aqua,AQUA（アクア）,AQR-TZA42R,aqua-aqrtza42r,vegetables,半密閉構造,湿度・乾燥対策。メーカー公式カタログ・公式仕様表で搭載を確認,official-aqua-models,yes
aqua,AQUA（アクア）,AQR-TZA42R,aqua-aqrtza42r,vegetables,鮮度保持LED,エチレンガス対策。メーカー公式カタログ・公式仕様表で搭載を確認,official-aqua-models,yes
aqua,AQUA（アクア）,AQR-TZA42R,aqua-aqrtza42r,usability,自動製氷,自動製氷。メーカー公式カタログ・公式仕様表で搭載を確認,official-aqua-models,yes
aqua,AQUA（アクア）,AQR-TZA42R,aqua-aqrtza42r,usability,はずせる製氷ユニット,製氷皿取り外し。メーカー公式カタログ・公式仕様表で搭載を確認,official-aqua-models,yes
aqua,AQUA（アクア）,AQR-TZA42R,aqua-aqrtza42r,usability,洗える製氷ユニット,給水経路のお手入れ。メーカー公式カタログ・公式仕様表で搭載を確認,official-aqua-models,yes
aqua,AQUA（アクア）,AQR-TZA42R,aqua-aqrtza42r,freshness,DEO FRESH,脱臭。メーカー公式カタログ・公式仕様表で搭載を確認,official-aqua-models,yes
aqua,AQUA（アクア）,AQR-TZA42R,aqua-aqrtza42r,energy,節約ecoモード,省エネ運転。メーカー公式カタログ・公式仕様表で搭載を確認,official-aqua-models,yes
aqua,AQUA（アクア）,AQR-TZA42R,aqua-aqrtza42r,usability,Wi-Fi,Wi-Fi。メーカー公式カタログ・公式仕様表で搭載を確認,official-aqua-models,yes
aqua,AQUA（アクア）,AQR-TZA42R,aqua-aqrtza42r,usability,Haismart,スマートフォン・アプリ連携。メーカー公式カタログ・公式仕様表で搭載を確認,official-aqua-models,yes
aqua,AQUA（アクア）,AQR-TZA42R,aqua-aqrtza42r,usability,食材管理・買い物リスト,食材管理。メーカー公式カタログ・公式仕様表で搭載を確認,official-aqua-models,yes
aqua,AQUA（アクア）,AQR-TZA42R,aqua-aqrtza42r,usability,半ドア・故障通知,通知・見守り。メーカー公式カタログ・公式仕様表で搭載を確認,official-aqua-models,yes
aqua,AQUA（アクア）,AQR-S40A,aqua-aqrs40a,basic,定格内容積 401L,本体幅600mm、奥行600mm、高さ1850mm。,official-aqua-models,no
aqua,AQUA（アクア）,AQR-S40A,aqua-aqrs40a,energy,年間消費電力量 242kWh/年,メーカー公式仕様値。,official-aqua-models,no
aqua,AQUA（アクア）,AQR-S40A,aqua-aqrs40a,freezing,クイック冷凍,急速冷凍。メーカー公式カタログ・公式仕様表で搭載を確認,official-aqua-models,yes
aqua,AQUA（アクア）,AQR-S40A,aqua-aqrs40a,freshness,チルドルーム,高鮮度保存機能。メーカー公式カタログ・公式仕様表で搭載を確認,official-aqua-models,yes
aqua,AQUA（アクア）,AQR-S40A,aqua-aqrs40a,usability,自動製氷,自動製氷。メーカー公式カタログ・公式仕様表で搭載を確認,official-aqua-models,yes
aqua,AQUA（アクア）,AQR-S40A,aqua-aqrs40a,usability,洗える製氷ユニット,製氷皿取り外し。メーカー公式カタログ・公式仕様表で搭載を確認,official-aqua-models,yes
aqua,AQUA（アクア）,AQR-S40A,aqua-aqrs40a,energy,節約ecoモード,省エネ運転。メーカー公式カタログ・公式仕様表で搭載を確認,official-aqua-models,yes
aqua,AQUA（アクア）,AQR-36A,aqua-aqr36a,basic,定格内容積 362L,本体幅600mm、奥行685mm、高さ1775mm。,official-aqua-models,no
aqua,AQUA（アクア）,AQR-36A,aqua-aqr36a,energy,年間消費電力量 303kWh/年,メーカー公式仕様値。,official-aqua-models,no
aqua,AQUA（アクア）,AQR-36A,aqua-aqr36a,freezing,クイック冷凍,急速冷凍。メーカー公式カタログ・公式仕様表で搭載を確認,official-aqua-models,yes
aqua,AQUA（アクア）,AQR-36A,aqua-aqr36a,freezing,おいシールド冷凍,高品質冷凍。メーカー公式カタログ・公式仕様表で搭載を確認,official-aqua-models,yes
aqua,AQUA（アクア）,AQR-36A,aqua-aqr36a,freshness,チルドルーム,高鮮度保存機能。メーカー公式カタログ・公式仕様表で搭載を確認,official-aqua-models,yes
aqua,AQUA（アクア）,AQR-36A,aqua-aqr36a,usability,自動製氷,自動製氷。メーカー公式カタログ・公式仕様表で搭載を確認,official-aqua-models,yes
aqua,AQUA（アクア）,AQR-36A,aqua-aqr36a,usability,洗える製氷ユニット,製氷皿取り外し。メーカー公式カタログ・公式仕様表で搭載を確認,official-aqua-models,yes
aqua,AQUA（アクア）,AQR-36A,aqua-aqr36a,energy,節約ecoモード,省エネ運転。メーカー公式カタログ・公式仕様表で搭載を確認,official-aqua-models,yes
aqua,AQUA（アクア）,AQR-S36A,aqua-aqrs36a,basic,定格内容積 362L,本体幅600mm、奥行685mm、高さ1775mm。,official-aqua-models,no
aqua,AQUA（アクア）,AQR-S36A,aqua-aqrs36a,energy,年間消費電力量 310kWh/年,メーカー公式仕様値。,official-aqua-models,no
aqua,AQUA（アクア）,AQR-S36A,aqua-aqrs36a,freezing,クイック冷凍,急速冷凍。メーカー公式カタログ・公式仕様表で搭載を確認,official-aqua-models,yes
aqua,AQUA（アクア）,AQR-S36A,aqua-aqrs36a,freezing,おいシールド冷凍,高品質冷凍。メーカー公式カタログ・公式仕様表で搭載を確認,official-aqua-models,yes
aqua,AQUA（アクア）,AQR-S36A,aqua-aqrs36a,freshness,チルドルーム,高鮮度保存機能。メーカー公式カタログ・公式仕様表で搭載を確認,official-aqua-models,yes
aqua,AQUA（アクア）,AQR-S36A,aqua-aqrs36a,usability,自動製氷,自動製氷。メーカー公式カタログ・公式仕様表で搭載を確認,official-aqua-models,yes
aqua,AQUA（アクア）,AQR-S36A,aqua-aqrs36a,usability,洗える製氷ユニット,製氷皿取り外し。メーカー公式カタログ・公式仕様表で搭載を確認,official-aqua-models,yes
aqua,AQUA（アクア）,AQR-S36A,aqua-aqrs36a,energy,節約ecoモード,省エネ運転。メーカー公式カタログ・公式仕様表で搭載を確認,official-aqua-models,yes
aqua,AQUA（アクア）,AQR-36N2,aqua-aqr36n2,basic,定格内容積 355L,本体幅600mm、奥行662mm、高さ1729mm。,official-aqua-models,no
aqua,AQUA（アクア）,AQR-36N2,aqua-aqr36n2,energy,年間消費電力量 349kWh/年,メーカー公式仕様値。,official-aqua-models,no
aqua,AQUA（アクア）,AQR-36N2,aqua-aqr36n2,freezing,クイック冷凍,急速冷凍。メーカー公式カタログ・公式仕様表で搭載を確認,official-aqua-models,yes
aqua,AQUA（アクア）,AQR-36N2,aqua-aqr36n2,freezing,おいシールド冷凍,高品質冷凍。メーカー公式カタログ・公式仕様表で搭載を確認,official-aqua-models,yes
aqua,AQUA（アクア）,AQR-36N2,aqua-aqr36n2,freshness,チルドルーム,高鮮度保存機能。メーカー公式カタログ・公式仕様表で搭載を確認,official-aqua-models,yes
aqua,AQUA（アクア）,AQR-36N2,aqua-aqr36n2,usability,自動製氷,自動製氷。メーカー公式カタログ・公式仕様表で搭載を確認,official-aqua-models,yes
aqua,AQUA（アクア）,AQR-36N2,aqua-aqr36n2,usability,洗える製氷ユニット,製氷皿取り外し。メーカー公式カタログ・公式仕様表で搭載を確認,official-aqua-models,yes
aqua,AQUA（アクア）,AQR-36N2,aqua-aqr36n2,energy,節約ecoモード,省エネ運転。メーカー公式カタログ・公式仕様表で搭載を確認,official-aqua-models,yes
aqua,AQUA（アクア）,AQR-31A,aqua-aqr-31a,basic,定格内容積 309L,冷蔵室166L、野菜室73L、冷凍室70L。,aqua-31a,no
aqua,AQUA（アクア）,AQR-31A,aqua-aqr-31a,basic,外形寸法 542×600×1795mm,据付必要奥行寸法600mm、質量61kg。,aqua-31a,no
aqua,AQUA（アクア）,AQR-31A,aqua-aqr-31a,vegetables,真ん中野菜室,2Lペットボトルを立てて収納できる中央の野菜室。,aqua-31a,no
aqua,AQUA（アクア）,AQR-31A,aqua-aqr-31a,freshness,チルドルーム,生鮮食品の保存に使える16Lのチルドルーム。,aqua-31a,no
aqua,AQUA（アクア）,AQR-31A,aqua-aqr-31a,energy,年間消費電力量 319kWh/年,50Hz/60Hz共通。,aqua-31a,no
hisense,Hisense（ハイセンス）,HR-DC450K,hisense-hrdc450k,basic,定格内容積 450L,本体幅598mm、奥行698mm、高さ1835mm。,official-hisense-models,no
hisense,Hisense（ハイセンス）,HR-DC450K,hisense-hrdc450k,energy,年間消費電力量 265kWh/年,メーカー公式仕様値。,official-hisense-models,no
hisense,Hisense（ハイセンス）,HR-DC450K,hisense-hrdc450k,freezing,急速冷凍,急速冷凍。メーカー公式カタログ・公式仕様表で搭載を確認,official-hisense-models,yes
hisense,Hisense（ハイセンス）,HR-DC450K,hisense-hrdc450k,freshness,セレクトチルド室,高鮮度保存機能。メーカー公式カタログ・公式仕様表で搭載を確認,official-hisense-models,yes
hisense,Hisense（ハイセンス）,HR-DC450K,hisense-hrdc450k,vegetables,うるおい野菜室,野菜鮮度保持。メーカー公式カタログ・公式仕様表で搭載を確認,official-hisense-models,yes
hisense,Hisense（ハイセンス）,HR-DC450K,hisense-hrdc450k,vegetables,間接冷却,湿度・乾燥対策。メーカー公式カタログ・公式仕様表で搭載を確認,official-hisense-models,yes
hisense,Hisense（ハイセンス）,HR-DC450K,hisense-hrdc450k,usability,自動製氷,自動製氷。メーカー公式カタログ・公式仕様表で搭載を確認,official-hisense-models,yes
hisense,Hisense（ハイセンス）,HR-DC450K,hisense-hrdc450k,usability,約80分急速製氷,急速製氷。メーカー公式カタログ・公式仕様表で搭載を確認,official-hisense-models,yes
hisense,Hisense（ハイセンス）,HR-DC450K,hisense-hrdc450k,usability,取り外せる製氷皿,製氷皿取り外し。メーカー公式カタログ・公式仕様表で搭載を確認,official-hisense-models,yes
hisense,Hisense（ハイセンス）,HR-DC450K,hisense-hrdc450k,usability,給水パイプ洗浄,給水経路のお手入れ。メーカー公式カタログ・公式仕様表で搭載を確認,official-hisense-models,yes
hisense,Hisense（ハイセンス）,HR-DC450K,hisense-hrdc450k,usability,高さ調節可能棚,棚の可変性。メーカー公式カタログ・公式仕様表で搭載を確認,official-hisense-models,yes
hisense,Hisense（ハイセンス）,HR-DC450K,hisense-hrdc450k,usability,折りたたみ可能棚,折りたたみ棚。メーカー公式カタログ・公式仕様表で搭載を確認,official-hisense-models,yes
hisense,Hisense（ハイセンス）,HR-DC450K,hisense-hrdc450k,usability,ぴたよせドア,開閉サポート。メーカー公式カタログ・公式仕様表で搭載を確認,official-hisense-models,yes
hisense,Hisense（ハイセンス）,HR-DC450K,hisense-hrdc450k,usability,冷蔵室・貯氷室・冷凍室アラーム,ドア開放アラーム。メーカー公式カタログ・公式仕様表で搭載を確認,official-hisense-models,yes
hisense,Hisense（ハイセンス）,HR-DC450K,hisense-hrdc450k,energy,節電モード,省エネ運転。メーカー公式カタログ・公式仕様表で搭載を確認,official-hisense-models,yes
hisense,Hisense（ハイセンス）,HR-DC450K,hisense-hrdc450k,usability,強化ガラス棚,汚れを拭き取りやすい強化ガラス製の棚。,official-hisense-models,yes
hisense,Hisense（ハイセンス）,HR-DC450K,hisense-hrdc450k,energy,インバーター,庫内状況に応じて効率よく運転を制御。,official-hisense-models,yes
hisense,Hisense（ハイセンス）,HR-DCH450KK / KW,hisense-hr-dch450,basic,定格内容積 450L,冷蔵室242L、野菜室87L、速冷室21L、冷凍室83L、貯氷室17L。,hisense-dch450,no
hisense,Hisense（ハイセンス）,HR-DCH450KK / KW,hisense-hr-dch450,basic,外形寸法 598×698×1835mm,5ドア右開き、質量95kg。,hisense-dch450,no
hisense,Hisense（ハイセンス）,HR-DCH450KK / KW,hisense-hr-dch450,usability,ぴたよせドア・底面排熱,左右3mm以上、背面0mm以上、上50mm以上の放熱スペース。,hisense-dch450,no
hisense,Hisense（ハイセンス）,HR-DCH450KK / KW,hisense-hr-dch450,freshness,セレクトチルド室,微氷結とチルドを切り替えて使用。,hisense-dch450,no
hisense,Hisense（ハイセンス）,HR-DCH450KK / KW,hisense-hr-dch450,usability,ConnectLife対応,アプリから設定操作や食材管理をサポート。,hisense-dch450,no
hisense,Hisense（ハイセンス）,HR-DCH450KK / KW,hisense-hr-dch450,energy,年間消費電力量 265kWh/年,省エネ基準達成率100%、運転音約17dB(A)。,hisense-dch450,no
hisense,Hisense（ハイセンス）,HR-DCH450KK / KW,hisense-hr-dch450,freezing,急速冷凍,急速冷凍。メーカー公式カタログ・公式仕様表で搭載を確認,hisense-dch450|hisense-release-450|official-hisense-models,yes
hisense,Hisense（ハイセンス）,HR-DCH450KK / KW,hisense-hr-dch450,vegetables,うるおい野菜室,野菜鮮度保持。メーカー公式カタログ・公式仕様表で搭載を確認,hisense-dch450|hisense-release-450|official-hisense-models,yes
hisense,Hisense（ハイセンス）,HR-DCH450KK / KW,hisense-hr-dch450,vegetables,間接冷却,湿度・乾燥対策。メーカー公式カタログ・公式仕様表で搭載を確認,hisense-dch450|hisense-release-450|official-hisense-models,yes
hisense,Hisense（ハイセンス）,HR-DCH450KK / KW,hisense-hr-dch450,usability,自動製氷,自動製氷。メーカー公式カタログ・公式仕様表で搭載を確認,hisense-dch450|hisense-release-450|official-hisense-models,yes
hisense,Hisense（ハイセンス）,HR-DCH450KK / KW,hisense-hr-dch450,usability,約80分急速製氷,急速製氷。メーカー公式カタログ・公式仕様表で搭載を確認,hisense-dch450|hisense-release-450|official-hisense-models,yes
hisense,Hisense（ハイセンス）,HR-DCH450KK / KW,hisense-hr-dch450,usability,取り外せる製氷皿,製氷皿取り外し。メーカー公式カタログ・公式仕様表で搭載を確認,hisense-dch450|hisense-release-450|official-hisense-models,yes
hisense,Hisense（ハイセンス）,HR-DCH450KK / KW,hisense-hr-dch450,usability,給水パイプ洗浄,給水経路のお手入れ。メーカー公式カタログ・公式仕様表で搭載を確認,hisense-dch450|hisense-release-450|official-hisense-models,yes
hisense,Hisense（ハイセンス）,HR-DCH450KK / KW,hisense-hr-dch450,freshness,HI-NANO α,脱臭。メーカー公式カタログ・公式仕様表で搭載を確認,hisense-dch450|hisense-release-450|official-hisense-models,yes
hisense,Hisense（ハイセンス）,HR-DCH450KK / KW,hisense-hr-dch450,usability,高さ調節可能棚,棚の可変性。メーカー公式カタログ・公式仕様表で搭載を確認,hisense-dch450|hisense-release-450|official-hisense-models,yes
hisense,Hisense（ハイセンス）,HR-DCH450KK / KW,hisense-hr-dch450,usability,折りたたみ可能棚,折りたたみ棚。メーカー公式カタログ・公式仕様表で搭載を確認,hisense-dch450|hisense-release-450|official-hisense-models,yes
hisense,Hisense（ハイセンス）,HR-DCH450KK / KW,hisense-hr-dch450,usability,ぴたよせドア,開閉サポート。メーカー公式カタログ・公式仕様表で搭載を確認,hisense-dch450|hisense-release-450|official-hisense-models,yes
hisense,Hisense（ハイセンス）,HR-DCH450KK / KW,hisense-hr-dch450,usability,冷蔵室・貯氷室・冷凍室,ドア開放アラーム。メーカー公式カタログ・公式仕様表で搭載を確認,hisense-dch450|hisense-release-450|official-hisense-models,yes
hisense,Hisense（ハイセンス）,HR-DCH450KK / KW,hisense-hr-dch450,energy,節電モード,省エネ運転。メーカー公式カタログ・公式仕様表で搭載を確認,hisense-dch450|hisense-release-450|official-hisense-models,yes
hisense,Hisense（ハイセンス）,HR-DCH450KK / KW,hisense-hr-dch450,usability,Wi-Fi,Wi-Fi。メーカー公式カタログ・公式仕様表で搭載を確認,hisense-dch450|hisense-release-450|official-hisense-models,yes
hisense,Hisense（ハイセンス）,HR-DCH450KK / KW,hisense-hr-dch450,usability,ConnectLife,スマートフォン・アプリ連携。メーカー公式カタログ・公式仕様表で搭載を確認,hisense-dch450|hisense-release-450|official-hisense-models,yes
hisense,Hisense（ハイセンス）,HR-DCH450KK / KW,hisense-hr-dch450,usability,食材管理,食材管理。メーカー公式カタログ・公式仕様表で搭載を確認,hisense-dch450|hisense-release-450|official-hisense-models,yes
hisense,Hisense（ハイセンス）,HR-DCH450KK / KW,hisense-hr-dch450,usability,ConnectLife通知・遠隔確認,通知・見守り。メーカー公式カタログ・公式仕様表で搭載を確認,hisense-dch450|hisense-release-450|official-hisense-models,yes
hisense,Hisense（ハイセンス）,HR-DCH450KK / KW,hisense-hr-dch450,usability,強化ガラス棚,汚れを拭き取りやすい強化ガラス製の棚。,hisense-dch450|hisense-release-450|official-hisense-models,yes
hisense,Hisense（ハイセンス）,HR-DCH450KK / KW,hisense-hr-dch450,energy,インバーター,庫内状況に応じて効率よく運転を制御。,hisense-dch450|hisense-release-450|official-hisense-models,yes
hisense,Hisense（ハイセンス）,HR-GC360KW / KB,hisense-hr-gc360,basic,定格内容積 358L,冷蔵室195L、野菜室86L、冷凍室77L。,hisense-gc360,no
hisense,Hisense（ハイセンス）,HR-GC360KW / KB,hisense-hr-gc360,basic,外形寸法 599×665×1740mm,3ドア右開き、質量77kg。,hisense-gc360,no
hisense,Hisense（ハイセンス）,HR-GC360KW / KB,hisense-hr-gc360,freshness,セレクトチルド室,微氷結とチルドを切り替えて使用。,hisense-gc360,no
hisense,Hisense（ハイセンス）,HR-GC360KW / KB,hisense-hr-gc360,usability,自動製氷・給水パイプ洗浄,製氷皿を取り外して洗える。,hisense-gc360,no
hisense,Hisense（ハイセンス）,HR-GC360KW / KB,hisense-hr-gc360,freshness,HI-NANO除菌・脱臭,冷蔵室内の付着菌の活動とニオイを抑制。食中毒予防を保証するものではない。,hisense-gc360,no
hisense,Hisense（ハイセンス）,HR-GC360KW / KB,hisense-hr-gc360,energy,年間消費電力量 346kWh/年,省エネ基準達成率100%、静音約20dB(A)。,hisense-gc360,no
hisense,Hisense（ハイセンス）,HR-GC360KW / KB,hisense-hr-gc360,freezing,急速冷凍,急速冷凍。メーカー公式カタログ・公式仕様表で搭載を確認,hisense-gc360|hisense-release-360|official-hisense-models,yes
hisense,Hisense（ハイセンス）,HR-GC360KW / KB,hisense-hr-gc360,vegetables,うるおい野菜室,野菜鮮度保持。メーカー公式カタログ・公式仕様表で搭載を確認,hisense-gc360|hisense-release-360|official-hisense-models,yes
hisense,Hisense（ハイセンス）,HR-GC360KW / KB,hisense-hr-gc360,usability,自動製氷,自動製氷。メーカー公式カタログ・公式仕様表で搭載を確認,hisense-gc360|hisense-release-360|official-hisense-models,yes
hisense,Hisense（ハイセンス）,HR-GC360KW / KB,hisense-hr-gc360,usability,急速製氷,急速製氷。メーカー公式カタログ・公式仕様表で搭載を確認,hisense-gc360|hisense-release-360|official-hisense-models,yes
hisense,Hisense（ハイセンス）,HR-GC360KW / KB,hisense-hr-gc360,usability,取り外せる製氷皿,製氷皿取り外し。メーカー公式カタログ・公式仕様表で搭載を確認,hisense-gc360|hisense-release-360|official-hisense-models,yes
hisense,Hisense（ハイセンス）,HR-GC360KW / KB,hisense-hr-gc360,usability,給水パイプ洗浄,給水経路のお手入れ。メーカー公式カタログ・公式仕様表で搭載を確認,hisense-gc360|hisense-release-360|official-hisense-models,yes
hisense,Hisense（ハイセンス）,HR-GC360KW / KB,hisense-hr-gc360,freshness,HI-NANO,脱臭。メーカー公式カタログ・公式仕様表で搭載を確認,hisense-gc360|hisense-release-360|official-hisense-models,yes
hisense,Hisense（ハイセンス）,HR-GC360KW / KB,hisense-hr-gc360,usability,高さ調節可能棚,棚の可変性。メーカー公式カタログ・公式仕様表で搭載を確認,hisense-gc360|hisense-release-360|official-hisense-models,yes
hisense,Hisense（ハイセンス）,HR-GC360KW / KB,hisense-hr-gc360,usability,折りたたみ可能棚,折りたたみ棚。ハイセンス公式カタログの型番別機能一覧で確認,hisense-gc360|hisense-release-360|official-hisense-models,yes
hisense,Hisense（ハイセンス）,HR-GC360KW / KB,hisense-hr-gc360,usability,冷蔵室・冷凍室,ドア開放アラーム。メーカー公式カタログ・公式仕様表で搭載を確認,hisense-gc360|hisense-release-360|official-hisense-models,yes
hisense,Hisense（ハイセンス）,HR-GC360KW / KB,hisense-hr-gc360,energy,節電モード,省エネ運転。メーカー公式カタログ・公式仕様表で搭載を確認,hisense-gc360|hisense-release-360|official-hisense-models,yes
hisense,Hisense（ハイセンス）,HR-GC360KW / KB,hisense-hr-gc360,usability,強化ガラス棚,汚れを拭き取りやすい強化ガラス製の棚。,hisense-gc360|hisense-release-360|official-hisense-models,yes
hisense,Hisense（ハイセンス）,HR-GC360KW / KB,hisense-hr-gc360,energy,インバーター,庫内状況に応じて効率よく運転を制御。,hisense-gc360|hisense-release-360|official-hisense-models,yes
haier,Haier（ハイアール）,JR-GX47B,haier-jrgx47b,basic,定格内容積 470L,本体幅830mm、奥行635mm、高さ1775mm。,official-haier-models,no
haier,Haier（ハイアール）,JR-GX47B,haier-jrgx47b,energy,年間消費電力量 285kWh/年,2021年省エネ基準達成率102%。,official-haier-models,no
haier,Haier（ハイアール）,JR-GX47B,haier-jrgx47b,freezing,ソフト冷凍・セレクトゾーン,高品質冷凍。メーカー公式カタログ・公式仕様表で搭載を確認,official-haier-models,yes
haier,Haier（ハイアール）,JR-GX47B,haier-jrgx47b,freezing,セレクトゾーン,作り置き・冷凍食品向け。メーカー公式カタログ・公式仕様表で搭載を確認,official-haier-models,yes
haier,Haier（ハイアール）,JR-GX47B,haier-jrgx47b,usability,自動製氷,自動製氷。メーカー公式カタログ・公式仕様表で搭載を確認,official-haier-models,yes
haier,Haier（ハイアール）,JR-GX47B,haier-jrgx47b,usability,強化ガラストレイ,棚の可変性。メーカー公式カタログ・公式仕様表で搭載を確認,official-haier-models,yes
haier,Haier（ハイアール）,JR-GX47B,haier-jrgx47b,freezing,引き出し式クリアバスケット,冷凍食品を分類して見渡しやすい透明バスケット。,official-haier-models,yes
haier,Haier（ハイアール）,JR-GX47B,haier-jrgx47b,basic,薄型ワイド庫内,奥行を抑えながら横方向に見渡しやすい庫内。,official-haier-models,yes
haier,Haier（ハイアール）,JR-GX47B,haier-jrgx47b,usability,前面タッチ式操作パネル,ドア前面で設定を操作できる。,official-haier-models,yes
haier,Haier（ハイアール）,JR-LX45A,haier-jrlx45a,basic,定格内容積 450L,本体幅595mm、奥行715mm、高さ1850mm。,official-haier-models,no
haier,Haier（ハイアール）,JR-LX45A,haier-jrlx45a,energy,年間消費電力量 265kWh/年,2021年省エネ基準達成率102%。,official-haier-models,no
haier,Haier（ハイアール）,JR-LX45A,haier-jrlx45a,freshness,真ん中チルド,高鮮度保存機能。メーカー公式カタログ・公式仕様表で搭載を確認,official-haier-models,yes
haier,Haier（ハイアール）,JR-LX45A,haier-jrlx45a,vegetables,真ん中野菜室,野菜鮮度保持。メーカー公式カタログ・公式仕様表で搭載を確認,official-haier-models,yes
haier,Haier（ハイアール）,JR-LX45A,haier-jrlx45a,usability,自動製氷,自動製氷。メーカー公式カタログ・公式仕様表で搭載を確認,official-haier-models,yes
haier,Haier（ハイアール）,JR-LX45A,haier-jrlx45a,freshness,きれいエア（除菌・消臭）,脱臭。メーカー公式カタログ・公式仕様表で搭載を確認,official-haier-models,yes
haier,Haier（ハイアール）,JR-LX45A,haier-jrlx45a,usability,高さ調節可能棚・強化ガラストレイ,棚の可変性。メーカー公式カタログ・公式仕様表で搭載を確認,official-haier-models,yes
haier,Haier（ハイアール）,JR-LX45A,haier-jrlx45a,freshness,2つのチルドルーム,用途に合わせて食品を分けられる2室のチルド。,official-haier-models,yes
haier,Haier（ハイアール）,JR-LX45A,haier-jrlx45a,vegetables,野菜室おそうじ栓,野菜くずなどを捨てやすいお手入れ用の栓。,official-haier-models,yes
haier,Haier（ハイアール）,JR-LX45A,haier-jrlx45a,basic,スリムボディ,幅を抑えた設置しやすい本体設計。,official-haier-models,yes
haier,Haier（ハイアール）,JR-G41A,haier-jrg41a,basic,定格内容積 411L,本体幅700mm、奥行594mm、高さ1850mm。,official-haier-models,no
haier,Haier（ハイアール）,JR-G41A,haier-jrg41a,energy,年間消費電力量 271kWh/年,2021年省エネ基準達成率100%。,official-haier-models,no
haier,Haier（ハイアール）,JR-G41A,haier-jrg41a,freezing,セレクトゾーン,高品質冷凍。メーカー公式カタログ・公式仕様表で搭載を確認,official-haier-models,yes
haier,Haier（ハイアール）,JR-G41A,haier-jrg41a,usability,強化ガラストレイ,棚の可変性。メーカー公式カタログ・公式仕様表で搭載を確認,official-haier-models,yes
haier,Haier（ハイアール）,JR-CVM38A,haier-jrcvm38a,basic,定格内容積 375L,本体幅595mm、奥行670mm、高さ1825mm。,official-haier-models,no
haier,Haier（ハイアール）,JR-CVM38A,haier-jrcvm38a,energy,年間消費電力量 315kWh/年,2021年省エネ基準達成率111%。,official-haier-models,no
haier,Haier（ハイアール）,JR-CVM38A,haier-jrcvm38a,freezing,鮮度キープ冷凍,高品質冷凍。ハイアール公式カタログの型番別機能一覧で確認,official-haier-models,yes
haier,Haier（ハイアール）,JR-CVM38A,haier-jrcvm38a,freshness,チルドルーム,高鮮度保存機能。メーカー公式カタログ・公式仕様表で搭載を確認,official-haier-models,yes
haier,Haier（ハイアール）,JR-CVM38A,haier-jrcvm38a,vegetables,真ん中野菜室,野菜鮮度保持。メーカー公式カタログ・公式仕様表で搭載を確認,official-haier-models,yes
haier,Haier（ハイアール）,JR-CVM38A,haier-jrcvm38a,usability,自動製氷,自動製氷。メーカー公式カタログ・公式仕様表で搭載を確認,official-haier-models,yes
haier,Haier（ハイアール）,JR-CVM38A,haier-jrcvm38a,usability,高さ調節可能棚・強化ガラストレイ,棚の可変性。メーカー公式カタログ・公式仕様表で搭載を確認,official-haier-models,yes
haier,Haier（ハイアール）,JR-CVM38A,haier-jrcvm38a,vegetables,真ん中大容量野菜室,立ったまま出し入れしやすい中央配置の野菜室。,official-haier-models,yes
haier,Haier（ハイアール）,JR-M36A,haier-jrm36a,basic,定格内容積 355L,本体幅595mm、奥行667mm、高さ1850mm。,official-haier-models,no
haier,Haier（ハイアール）,JR-M36A,haier-jrm36a,energy,年間消費電力量 313kWh/年,2021年省エネ基準達成率115%。,official-haier-models,no
haier,Haier（ハイアール）,JR-M36A,haier-jrm36a,freshness,チルドルーム,高鮮度保存機能。メーカー公式カタログ・公式仕様表で搭載を確認,official-haier-models,yes
haier,Haier（ハイアール）,JR-M36A,haier-jrm36a,usability,強化ガラストレイ,棚の可変性。メーカー公式カタログ・公式仕様表で搭載を確認,official-haier-models,yes
iris-ohyama,アイリスオーヤマ,IRSN-FX43A,iris-ohyama-irsnfx43a,basic,定格内容積 428L,本体幅650mm、奥行628mm、高さ1830mm。,official-iris-ohyama-models,no
iris-ohyama,アイリスオーヤマ,IRSN-FX43A,iris-ohyama-irsnfx43a,energy,年間消費電力量 277kWh/年,2021年省エネ基準達成率100%。,official-iris-ohyama-models,no
iris-ohyama,アイリスオーヤマ,IRSN-FX43A,iris-ohyama-irsnfx43a,freezing,急速冷凍,急速冷凍。公式取扱説明書40ページで確認,official-iris-ohyama-models,yes
iris-ohyama,アイリスオーヤマ,IRSN-FX43A,iris-ohyama-irsnfx43a,freshness,ほんのり凍結室,高鮮度保存機能。メーカー公式カタログ・公式仕様表で搭載を確認,official-iris-ohyama-models,yes
iris-ohyama,アイリスオーヤマ,IRSN-FX43A,iris-ohyama-irsnfx43a,vegetables,うるうま鮮度キープ,野菜鮮度保持。メーカー公式カタログ・公式仕様表で搭載を確認,official-iris-ohyama-models,yes
iris-ohyama,アイリスオーヤマ,IRSN-FX43A,iris-ohyama-irsnfx43a,vegetables,間接冷却で乾燥抑制,湿度・乾燥対策。メーカー公式カタログ・公式仕様表で搭載を確認,official-iris-ohyama-models,yes
iris-ohyama,アイリスオーヤマ,IRSN-FX43A,iris-ohyama-irsnfx43a,usability,自動製氷,自動製氷。公式取扱説明書42ページで確認,official-iris-ohyama-models,yes
iris-ohyama,アイリスオーヤマ,IRSN-FX43A,iris-ohyama-irsnfx43a,usability,急いで氷を作るモード,急速製氷。公式取扱説明書45ページで確認,official-iris-ohyama-models,yes
iris-ohyama,アイリスオーヤマ,IRSN-FX43A,iris-ohyama-irsnfx43a,usability,高さ選べるガラス棚・ポケット,棚の可変性。メーカー公式カタログ・公式仕様表で搭載を確認,official-iris-ohyama-models,yes
iris-ohyama,アイリスオーヤマ,IRSN-FX43A,iris-ohyama-irsnfx43a,usability,ドアアラーム,ドア開放アラーム。公式取扱説明書29ページで確認,official-iris-ohyama-models,yes
twinbird,TWINBIRD（ツインバード）,HR-E935W,twinbird-hre935w,basic,定格内容積 354L,本体幅685mm、奥行630mm、高さ1648mm。,official-twinbird-models,no
twinbird,TWINBIRD（ツインバード）,HR-E935W,twinbird-hre935w,energy,年間消費電力量 323kWh/年,2021年省エネ基準達成率108%。,official-twinbird-models,no
twinbird,TWINBIRD（ツインバード）,HR-E935W,twinbird-hre935w,freshness,チルドケース,高鮮度保存機能。メーカー公式カタログ・公式仕様表で搭載を確認,official-twinbird-models,yes
twinbird,TWINBIRD（ツインバード）,HR-E935W,twinbird-hre935w,usability,オリジナル手動製氷皿,製氷皿取り外し。メーカー公式カタログ・公式仕様表で搭載を確認,official-twinbird-models,yes
twinbird,TWINBIRD（ツインバード）,HR-E935W,twinbird-hre935w,freshness,SIAA抗菌ドアフレーム,抗菌加工。メーカー公式カタログ・公式仕様表で搭載を確認,official-twinbird-models,yes
twinbird,TWINBIRD（ツインバード）,HR-E935W,twinbird-hre935w,freshness,拭き取りやすいフラットデザイン,汚れ防止・庫内清潔。メーカー公式カタログ・公式仕様表で搭載を確認,official-twinbird-models,yes
twinbird,TWINBIRD（ツインバード）,HR-EI35B,twinbird-hrei35b,basic,定格内容積 354L,本体幅685mm、奥行630mm、高さ1648mm。,official-twinbird-models,no
twinbird,TWINBIRD（ツインバード）,HR-EI35B,twinbird-hrei35b,energy,年間消費電力量 345kWh/年,2021年省エネ基準達成率102%。,official-twinbird-models,no
twinbird,TWINBIRD（ツインバード）,HR-EI35B,twinbird-hrei35b,freshness,チルドケース,高鮮度保存機能。メーカー公式カタログ・公式仕様表で搭載を確認,official-twinbird-models,yes
twinbird,TWINBIRD（ツインバード）,HR-EI35B,twinbird-hrei35b,usability,手動製氷ケース,製氷皿取り外し。メーカー公式カタログ・公式仕様表で搭載を確認,official-twinbird-models,yes
twinbird,TWINBIRD（ツインバード）,HR-EI35B,twinbird-hrei35b,freshness,SIAA抗菌ドアフレーム,抗菌加工。メーカー公式カタログ・公式仕様表で搭載を確認,official-twinbird-models,yes
twinbird,TWINBIRD（ツインバード）,HR-EI35B,twinbird-hrei35b,freshness,拭き取りやすいフラットデザイン,汚れ防止・庫内清潔。メーカー公式カタログ・公式仕様表で搭載を確認,official-twinbird-models,yes
twinbird,TWINBIRD（ツインバード）,HR-EI35B,twinbird-hrei35b,usability,タッチアンドビュー（開けずに庫内確認）,食材管理。メーカー公式カタログ・公式仕様表で搭載を確認,official-twinbird-models,yes
