maker_id,maker,model,product_id,group_id,group,field_id,field,priority,current_source,current_pages,reason,suggested_source,hypothesis
panasonic,パナソニック,NR-F65WX3,panasonic-nr-f65wx3,refrigeration,4. 冷蔵機能,door-pocket,ドアポケット,低,Panasonic 冷蔵庫カタログ 2026春夏,1–8、11,確認済み一次資料に型番単位の明記なし,取扱説明書のチルド設定・棚組み替え・ドアポケット部品一覧、公式鮮度試験ページ,チルドの温度・保存期間と、棚やドアポケットの型番別構成は、機能訴求ページだけでなく説明書の設定・部品一覧で確定できる。
panasonic,パナソニック,NR-F65WX3,panasonic-nr-f65wx3,clean,7. 清潔・お手入れ,maintenance,お手入れ,低,Panasonic 冷蔵庫カタログ 2026春夏,1–8、11,確認済み一次資料に型番単位の明記なし,公式機能比較表、除菌／抗菌の試験注記、取扱説明書のお手入れ章,脱臭・除菌・抗菌は意味が異なるため、試験対象部位と試験方法が明記された一次資料が必要。
panasonic,パナソニック,NR-F55HY2,panasonic-nrf55hy2,basic,1. 基本情報,colors,カラー,中,Panasonic 冷蔵庫カタログ 2025秋冬,公式仕様表・2025秋冬カタログ,確認済み一次資料に型番単位の明記なし,当該年式の公式商品ページ（アーカイブを含む）または色記号入り価格表,色名・発売月・シリーズ呼称は、総合カタログより個別商品ページや販売店向け価格表の方が型番単位で明記される可能性が高い。
panasonic,パナソニック,NR-F55HY2,panasonic-nrf55hy2,refrigeration,4. 冷蔵機能,door-pocket,ドアポケット,低,Panasonic 冷蔵庫カタログ 2025秋冬,公式仕様表・2025秋冬カタログ,確認済み一次資料に型番単位の明記なし,取扱説明書のチルド設定・棚組み替え・ドアポケット部品一覧、公式鮮度試験ページ,チルドの温度・保存期間と、棚やドアポケットの型番別構成は、機能訴求ページだけでなく説明書の設定・部品一覧で確定できる。
panasonic,パナソニック,NR-F55HY2,panasonic-nrf55hy2,refrigeration,4. 冷蔵機能,fridge-other,その他,低,Panasonic 冷蔵庫カタログ 2025秋冬,公式仕様表・2025秋冬カタログ,確認済み一次資料に型番単位の明記なし,取扱説明書のチルド設定・棚組み替え・ドアポケット部品一覧、公式鮮度試験ページ,チルドの温度・保存期間と、棚やドアポケットの型番別構成は、機能訴求ページだけでなく説明書の設定・部品一覧で確定できる。
panasonic,パナソニック,NR-F55HY2,panasonic-nrf55hy2,freezing,5. 冷凍機能,frost-control,霜付き防止機能,低,Panasonic 冷蔵庫カタログ 2025秋冬,公式仕様表・2025秋冬カタログ,確認済み一次資料に型番単位の明記なし,型番別の冷凍・製氷機能比較表、冷凍室断面図、取扱説明書の運転モード一覧,特殊冷凍、小冷凍室、霜対策、収納段数、独立製氷室は別項目なので、型番別比較表と室構成図の両方が必要。
panasonic,パナソニック,NR-F55HY2,panasonic-nrf55hy2,freezing,5. 冷凍機能,freezer-other,その他,低,Panasonic 冷蔵庫カタログ 2025秋冬,公式仕様表・2025秋冬カタログ,確認済み一次資料に型番単位の明記なし,型番別の冷凍・製氷機能比較表、冷凍室断面図、取扱説明書の運転モード一覧,特殊冷凍、小冷凍室、霜対策、収納段数、独立製氷室は別項目なので、型番別比較表と室構成図の両方が必要。
panasonic,パナソニック,NR-F55HY2,panasonic-nrf55hy2,clean,7. 清潔・お手入れ,maintenance,お手入れ,低,Panasonic 冷蔵庫カタログ 2025秋冬,公式仕様表・2025秋冬カタログ,確認済み一次資料に型番単位の明記なし,公式機能比較表、除菌／抗菌の試験注記、取扱説明書のお手入れ章,脱臭・除菌・抗菌は意味が異なるため、試験対象部位と試験方法が明記された一次資料が必要。
panasonic,パナソニック,NR-F55HY3,panasonic-nrf55hy3,basic,1. 基本情報,colors,カラー,中,Panasonic 冷蔵庫カタログ 2026春夏,公式仕様表・2026春夏カタログ,確認済み一次資料に型番単位の明記なし,当該年式の公式商品ページ（アーカイブを含む）または色記号入り価格表,色名・発売月・シリーズ呼称は、総合カタログより個別商品ページや販売店向け価格表の方が型番単位で明記される可能性が高い。
panasonic,パナソニック,NR-F55HY3,panasonic-nrf55hy3,refrigeration,4. 冷蔵機能,door-pocket,ドアポケット,低,Panasonic 冷蔵庫カタログ 2026春夏,公式仕様表・2026春夏カタログ,確認済み一次資料に型番単位の明記なし,取扱説明書のチルド設定・棚組み替え・ドアポケット部品一覧、公式鮮度試験ページ,チルドの温度・保存期間と、棚やドアポケットの型番別構成は、機能訴求ページだけでなく説明書の設定・部品一覧で確定できる。
panasonic,パナソニック,NR-F55HY3,panasonic-nrf55hy3,refrigeration,4. 冷蔵機能,fridge-other,その他,低,Panasonic 冷蔵庫カタログ 2026春夏,公式仕様表・2026春夏カタログ,確認済み一次資料に型番単位の明記なし,取扱説明書のチルド設定・棚組み替え・ドアポケット部品一覧、公式鮮度試験ページ,チルドの温度・保存期間と、棚やドアポケットの型番別構成は、機能訴求ページだけでなく説明書の設定・部品一覧で確定できる。
panasonic,パナソニック,NR-F55HY3,panasonic-nrf55hy3,freezing,5. 冷凍機能,freezer-other,その他,低,Panasonic 冷蔵庫カタログ 2026春夏,公式仕様表・2026春夏カタログ,確認済み一次資料に型番単位の明記なし,型番別の冷凍・製氷機能比較表、冷凍室断面図、取扱説明書の運転モード一覧,特殊冷凍、小冷凍室、霜対策、収納段数、独立製氷室は別項目なので、型番別比較表と室構成図の両方が必要。
panasonic,パナソニック,NR-F55HY3,panasonic-nrf55hy3,clean,7. 清潔・お手入れ,maintenance,お手入れ,低,Panasonic 冷蔵庫カタログ 2026春夏,公式仕様表・2026春夏カタログ,確認済み一次資料に型番単位の明記なし,公式機能比較表、除菌／抗菌の試験注記、取扱説明書のお手入れ章,脱臭・除菌・抗菌は意味が異なるため、試験対象部位と試験方法が明記された一次資料が必要。
panasonic,パナソニック,NR-F55WX3,panasonic-nrf55wx3,basic,1. 基本情報,colors,カラー,中,Panasonic 冷蔵庫カタログ 2026春夏,公式仕様表・2026春夏カタログ,確認済み一次資料に型番単位の明記なし,当該年式の公式商品ページ（アーカイブを含む）または色記号入り価格表,色名・発売月・シリーズ呼称は、総合カタログより個別商品ページや販売店向け価格表の方が型番単位で明記される可能性が高い。
panasonic,パナソニック,NR-F55WX3,panasonic-nrf55wx3,refrigeration,4. 冷蔵機能,door-pocket,ドアポケット,低,Panasonic 冷蔵庫カタログ 2026春夏,公式仕様表・2026春夏カタログ,確認済み一次資料に型番単位の明記なし,取扱説明書のチルド設定・棚組み替え・ドアポケット部品一覧、公式鮮度試験ページ,チルドの温度・保存期間と、棚やドアポケットの型番別構成は、機能訴求ページだけでなく説明書の設定・部品一覧で確定できる。
panasonic,パナソニック,NR-F55WX3,panasonic-nrf55wx3,clean,7. 清潔・お手入れ,maintenance,お手入れ,低,Panasonic 冷蔵庫カタログ 2026春夏,公式仕様表・2026春夏カタログ,確認済み一次資料に型番単位の明記なし,公式機能比較表、除菌／抗菌の試験注記、取扱説明書のお手入れ章,脱臭・除菌・抗菌は意味が異なるため、試験対象部位と試験方法が明記された一次資料が必要。
panasonic,パナソニック,NR-F54EY3,panasonic-nrf54ey3,basic,1. 基本情報,colors,カラー,中,Panasonic 冷蔵庫カタログ 2026春夏,公式仕様表・2026春夏カタログ,確認済み一次資料に型番単位の明記なし,当該年式の公式商品ページ（アーカイブを含む）または色記号入り価格表,色名・発売月・シリーズ呼称は、総合カタログより個別商品ページや販売店向け価格表の方が型番単位で明記される可能性が高い。
panasonic,パナソニック,NR-F54EY3,panasonic-nrf54ey3,refrigeration,4. 冷蔵機能,door-pocket,ドアポケット,低,Panasonic 冷蔵庫カタログ 2026春夏,公式仕様表・2026春夏カタログ,確認済み一次資料に型番単位の明記なし,取扱説明書のチルド設定・棚組み替え・ドアポケット部品一覧、公式鮮度試験ページ,チルドの温度・保存期間と、棚やドアポケットの型番別構成は、機能訴求ページだけでなく説明書の設定・部品一覧で確定できる。
panasonic,パナソニック,NR-F54EY3,panasonic-nrf54ey3,refrigeration,4. 冷蔵機能,fridge-other,その他,低,Panasonic 冷蔵庫カタログ 2026春夏,公式仕様表・2026春夏カタログ,確認済み一次資料に型番単位の明記なし,取扱説明書のチルド設定・棚組み替え・ドアポケット部品一覧、公式鮮度試験ページ,チルドの温度・保存期間と、棚やドアポケットの型番別構成は、機能訴求ページだけでなく説明書の設定・部品一覧で確定できる。
panasonic,パナソニック,NR-F54EY3,panasonic-nrf54ey3,freezing,5. 冷凍機能,freezer-other,その他,低,Panasonic 冷蔵庫カタログ 2026春夏,公式仕様表・2026春夏カタログ,確認済み一次資料に型番単位の明記なし,型番別の冷凍・製氷機能比較表、冷凍室断面図、取扱説明書の運転モード一覧,特殊冷凍、小冷凍室、霜対策、収納段数、独立製氷室は別項目なので、型番別比較表と室構成図の両方が必要。
panasonic,パナソニック,NR-F54EY3,panasonic-nrf54ey3,clean,7. 清潔・お手入れ,maintenance,お手入れ,低,Panasonic 冷蔵庫カタログ 2026春夏,公式仕様表・2026春夏カタログ,確認済み一次資料に型番単位の明記なし,公式機能比較表、除菌／抗菌の試験注記、取扱説明書のお手入れ章,脱臭・除菌・抗菌は意味が異なるため、試験対象部位と試験方法が明記された一次資料が必要。
panasonic,パナソニック,NR-F54EY3,panasonic-nrf54ey3,smart,9. スマホ連携・IoT,iot-connectivity,通信・対応アプリ,低,Panasonic 冷蔵庫カタログ 2026春夏,公式仕様表・2026春夏カタログ,確認済み一次資料に型番単位の明記なし,メーカー公式アプリ対応機種一覧、ネットワーク設定ガイド、アプリ機能一覧,Wi-Fi搭載とアプリ対応、食材管理、通知、AIは別項目なので、アプリの対応型番表と機能対応表の両方が必要。
panasonic,パナソニック,NR-F54EY3,panasonic-nrf54ey3,smart,9. スマホ連携・IoT,iot-monitoring,通知・見守り・遠隔操作,低,Panasonic 冷蔵庫カタログ 2026春夏,公式仕様表・2026春夏カタログ,確認済み一次資料に型番単位の明記なし,メーカー公式アプリ対応機種一覧、ネットワーク設定ガイド、アプリ機能一覧,Wi-Fi搭載とアプリ対応、食材管理、通知、AIは別項目なので、アプリの対応型番表と機能対応表の両方が必要。
panasonic,パナソニック,NR-F54EY3,panasonic-nrf54ey3,smart,9. スマホ連携・IoT,iot-ai,AI・音声連携,低,Panasonic 冷蔵庫カタログ 2026春夏,公式仕様表・2026春夏カタログ,確認済み一次資料に型番単位の明記なし,メーカー公式アプリ対応機種一覧、ネットワーク設定ガイド、アプリ機能一覧,Wi-Fi搭載とアプリ対応、食材管理、通知、AIは別項目なので、アプリの対応型番表と機能対応表の両方が必要。
panasonic,パナソニック,NR-F53HX1,panasonic-nrf53hx1,basic,1. 基本情報,colors,カラー,中,Panasonic 冷蔵庫 公式仕様ページ,公式仕様ページ,対象年式が提供カタログ外、または型番別対応表が不足,当該年式の公式商品ページ（アーカイブを含む）または色記号入り価格表,色名・発売月・シリーズ呼称は、総合カタログより個別商品ページや販売店向け価格表の方が型番単位で明記される可能性が高い。
panasonic,パナソニック,NR-F53HX1,panasonic-nrf53hx1,refrigeration,4. 冷蔵機能,door-pocket,ドアポケット,低,Panasonic 冷蔵庫 公式仕様ページ,公式仕様ページ,対象年式が提供カタログ外、または型番別対応表が不足,取扱説明書のチルド設定・棚組み替え・ドアポケット部品一覧、公式鮮度試験ページ,チルドの温度・保存期間と、棚やドアポケットの型番別構成は、機能訴求ページだけでなく説明書の設定・部品一覧で確定できる。
panasonic,パナソニック,NR-F53HX1,panasonic-nrf53hx1,refrigeration,4. 冷蔵機能,fridge-other,その他,低,Panasonic 冷蔵庫 公式仕様ページ,公式仕様ページ,対象年式が提供カタログ外、または型番別対応表が不足,取扱説明書のチルド設定・棚組み替え・ドアポケット部品一覧、公式鮮度試験ページ,チルドの温度・保存期間と、棚やドアポケットの型番別構成は、機能訴求ページだけでなく説明書の設定・部品一覧で確定できる。
panasonic,パナソニック,NR-F53HX1,panasonic-nrf53hx1,freezing,5. 冷凍機能,frost-control,霜付き防止機能,低,Panasonic 冷蔵庫 公式仕様ページ,公式仕様ページ,対象年式が提供カタログ外、または型番別対応表が不足,型番別の冷凍・製氷機能比較表、冷凍室断面図、取扱説明書の運転モード一覧,特殊冷凍、小冷凍室、霜対策、収納段数、独立製氷室は別項目なので、型番別比較表と室構成図の両方が必要。
panasonic,パナソニック,NR-F53HX1,panasonic-nrf53hx1,freezing,5. 冷凍機能,freezer-other,その他,低,Panasonic 冷蔵庫 公式仕様ページ,公式仕様ページ,対象年式が提供カタログ外、または型番別対応表が不足,型番別の冷凍・製氷機能比較表、冷凍室断面図、取扱説明書の運転モード一覧,特殊冷凍、小冷凍室、霜対策、収納段数、独立製氷室は別項目なので、型番別比較表と室構成図の両方が必要。
panasonic,パナソニック,NR-F53HX1,panasonic-nrf53hx1,clean,7. 清潔・お手入れ,maintenance,お手入れ,低,Panasonic 冷蔵庫 公式仕様ページ,公式仕様ページ,対象年式が提供カタログ外、または型番別対応表が不足,公式機能比較表、除菌／抗菌の試験注記、取扱説明書のお手入れ章,脱臭・除菌・抗菌は意味が異なるため、試験対象部位と試験方法が明記された一次資料が必要。
panasonic,パナソニック,NR-F52BR3,panasonic-nrf52br3,basic,1. 基本情報,colors,カラー,中,Panasonic 冷蔵庫カタログ 2026春夏,公式仕様表・2026春夏カタログ,確認済み一次資料に型番単位の明記なし,当該年式の公式商品ページ（アーカイブを含む）または色記号入り価格表,色名・発売月・シリーズ呼称は、総合カタログより個別商品ページや販売店向け価格表の方が型番単位で明記される可能性が高い。
panasonic,パナソニック,NR-F52BR3,panasonic-nrf52br3,refrigeration,4. 冷蔵機能,door-pocket,ドアポケット,低,Panasonic 冷蔵庫カタログ 2026春夏,公式仕様表・2026春夏カタログ,確認済み一次資料に型番単位の明記なし,取扱説明書のチルド設定・棚組み替え・ドアポケット部品一覧、公式鮮度試験ページ,チルドの温度・保存期間と、棚やドアポケットの型番別構成は、機能訴求ページだけでなく説明書の設定・部品一覧で確定できる。
panasonic,パナソニック,NR-F52BR3,panasonic-nrf52br3,refrigeration,4. 冷蔵機能,fridge-other,その他,低,Panasonic 冷蔵庫カタログ 2026春夏,公式仕様表・2026春夏カタログ,確認済み一次資料に型番単位の明記なし,取扱説明書のチルド設定・棚組み替え・ドアポケット部品一覧、公式鮮度試験ページ,チルドの温度・保存期間と、棚やドアポケットの型番別構成は、機能訴求ページだけでなく説明書の設定・部品一覧で確定できる。
panasonic,パナソニック,NR-F52BR3,panasonic-nrf52br3,freezing,5. 冷凍機能,freezer-other,その他,低,Panasonic 冷蔵庫カタログ 2026春夏,公式仕様表・2026春夏カタログ,確認済み一次資料に型番単位の明記なし,型番別の冷凍・製氷機能比較表、冷凍室断面図、取扱説明書の運転モード一覧,特殊冷凍、小冷凍室、霜対策、収納段数、独立製氷室は別項目なので、型番別比較表と室構成図の両方が必要。
panasonic,パナソニック,NR-F52BR3,panasonic-nrf52br3,clean,7. 清潔・お手入れ,maintenance,お手入れ,低,Panasonic 冷蔵庫カタログ 2026春夏,公式仕様表・2026春夏カタログ,確認済み一次資料に型番単位の明記なし,公式機能比較表、除菌／抗菌の試験注記、取扱説明書のお手入れ章,脱臭・除菌・抗菌は意味が異なるため、試験対象部位と試験方法が明記された一次資料が必要。
panasonic,パナソニック,NR-F52BR3,panasonic-nrf52br3,smart,9. スマホ連携・IoT,iot-connectivity,通信・対応アプリ,低,Panasonic 冷蔵庫カタログ 2026春夏,公式仕様表・2026春夏カタログ,確認済み一次資料に型番単位の明記なし,メーカー公式アプリ対応機種一覧、ネットワーク設定ガイド、アプリ機能一覧,Wi-Fi搭載とアプリ対応、食材管理、通知、AIは別項目なので、アプリの対応型番表と機能対応表の両方が必要。
panasonic,パナソニック,NR-F52BR3,panasonic-nrf52br3,smart,9. スマホ連携・IoT,iot-food,食材管理・庫内確認,低,Panasonic 冷蔵庫カタログ 2026春夏,公式仕様表・2026春夏カタログ,確認済み一次資料に型番単位の明記なし,メーカー公式アプリ対応機種一覧、ネットワーク設定ガイド、アプリ機能一覧,Wi-Fi搭載とアプリ対応、食材管理、通知、AIは別項目なので、アプリの対応型番表と機能対応表の両方が必要。
panasonic,パナソニック,NR-F52BR3,panasonic-nrf52br3,smart,9. スマホ連携・IoT,iot-monitoring,通知・見守り・遠隔操作,低,Panasonic 冷蔵庫カタログ 2026春夏,公式仕様表・2026春夏カタログ,確認済み一次資料に型番単位の明記なし,メーカー公式アプリ対応機種一覧、ネットワーク設定ガイド、アプリ機能一覧,Wi-Fi搭載とアプリ対応、食材管理、通知、AIは別項目なので、アプリの対応型番表と機能対応表の両方が必要。
panasonic,パナソニック,NR-F52BR3,panasonic-nrf52br3,smart,9. スマホ連携・IoT,iot-ai,AI・音声連携,低,Panasonic 冷蔵庫カタログ 2026春夏,公式仕様表・2026春夏カタログ,確認済み一次資料に型番単位の明記なし,メーカー公式アプリ対応機種一覧、ネットワーク設定ガイド、アプリ機能一覧,Wi-Fi搭載とアプリ対応、食材管理、通知、AIは別項目なので、アプリの対応型番表と機能対応表の両方が必要。
panasonic,パナソニック,NR-F50EX1,panasonic-nrf50ex1,basic,1. 基本情報,colors,カラー,中,Panasonic 冷蔵庫 公式仕様ページ,公式仕様ページ,対象年式が提供カタログ外、または型番別対応表が不足,当該年式の公式商品ページ（アーカイブを含む）または色記号入り価格表,色名・発売月・シリーズ呼称は、総合カタログより個別商品ページや販売店向け価格表の方が型番単位で明記される可能性が高い。
panasonic,パナソニック,NR-F50EX1,panasonic-nrf50ex1,refrigeration,4. 冷蔵機能,door-pocket,ドアポケット,低,Panasonic 冷蔵庫 公式仕様ページ,公式仕様ページ,対象年式が提供カタログ外、または型番別対応表が不足,取扱説明書のチルド設定・棚組み替え・ドアポケット部品一覧、公式鮮度試験ページ,チルドの温度・保存期間と、棚やドアポケットの型番別構成は、機能訴求ページだけでなく説明書の設定・部品一覧で確定できる。
panasonic,パナソニック,NR-F50EX1,panasonic-nrf50ex1,refrigeration,4. 冷蔵機能,fridge-other,その他,低,Panasonic 冷蔵庫 公式仕様ページ,公式仕様ページ,対象年式が提供カタログ外、または型番別対応表が不足,取扱説明書のチルド設定・棚組み替え・ドアポケット部品一覧、公式鮮度試験ページ,チルドの温度・保存期間と、棚やドアポケットの型番別構成は、機能訴求ページだけでなく説明書の設定・部品一覧で確定できる。
panasonic,パナソニック,NR-F50EX1,panasonic-nrf50ex1,freezing,5. 冷凍機能,frost-control,霜付き防止機能,低,Panasonic 冷蔵庫 公式仕様ページ,公式仕様ページ,対象年式が提供カタログ外、または型番別対応表が不足,型番別の冷凍・製氷機能比較表、冷凍室断面図、取扱説明書の運転モード一覧,特殊冷凍、小冷凍室、霜対策、収納段数、独立製氷室は別項目なので、型番別比較表と室構成図の両方が必要。
panasonic,パナソニック,NR-F50EX1,panasonic-nrf50ex1,freezing,5. 冷凍機能,freezer-other,その他,低,Panasonic 冷蔵庫 公式仕様ページ,公式仕様ページ,対象年式が提供カタログ外、または型番別対応表が不足,型番別の冷凍・製氷機能比較表、冷凍室断面図、取扱説明書の運転モード一覧,特殊冷凍、小冷凍室、霜対策、収納段数、独立製氷室は別項目なので、型番別比較表と室構成図の両方が必要。
panasonic,パナソニック,NR-F50EX1,panasonic-nrf50ex1,clean,7. 清潔・お手入れ,maintenance,お手入れ,低,Panasonic 冷蔵庫 公式仕様ページ,公式仕様ページ,対象年式が提供カタログ外、または型番別対応表が不足,公式機能比較表、除菌／抗菌の試験注記、取扱説明書のお手入れ章,脱臭・除菌・抗菌は意味が異なるため、試験対象部位と試験方法が明記された一次資料が必要。
panasonic,パナソニック,NR-F50EX1,panasonic-nrf50ex1,smart,9. スマホ連携・IoT,iot-connectivity,通信・対応アプリ,低,Panasonic 冷蔵庫 公式仕様ページ,公式仕様ページ,対象年式が提供カタログ外、または型番別対応表が不足,メーカー公式アプリ対応機種一覧、ネットワーク設定ガイド、アプリ機能一覧,Wi-Fi搭載とアプリ対応、食材管理、通知、AIは別項目なので、アプリの対応型番表と機能対応表の両方が必要。
panasonic,パナソニック,NR-F50EX1,panasonic-nrf50ex1,smart,9. スマホ連携・IoT,iot-monitoring,通知・見守り・遠隔操作,低,Panasonic 冷蔵庫 公式仕様ページ,公式仕様ページ,対象年式が提供カタログ外、または型番別対応表が不足,メーカー公式アプリ対応機種一覧、ネットワーク設定ガイド、アプリ機能一覧,Wi-Fi搭載とアプリ対応、食材管理、通知、AIは別項目なので、アプリの対応型番表と機能対応表の両方が必要。
panasonic,パナソニック,NR-F50EX1,panasonic-nrf50ex1,smart,9. スマホ連携・IoT,iot-ai,AI・音声連携,低,Panasonic 冷蔵庫 公式仕様ページ,公式仕様ページ,対象年式が提供カタログ外、または型番別対応表が不足,メーカー公式アプリ対応機種一覧、ネットワーク設定ガイド、アプリ機能一覧,Wi-Fi搭載とアプリ対応、食材管理、通知、AIは別項目なので、アプリの対応型番表と機能対応表の両方が必要。
panasonic,パナソニック,NR-F50HY2,panasonic-nrf50hy2,basic,1. 基本情報,colors,カラー,中,Panasonic 冷蔵庫カタログ 2025秋冬,公式仕様表・2025秋冬カタログ,確認済み一次資料に型番単位の明記なし,当該年式の公式商品ページ（アーカイブを含む）または色記号入り価格表,色名・発売月・シリーズ呼称は、総合カタログより個別商品ページや販売店向け価格表の方が型番単位で明記される可能性が高い。
panasonic,パナソニック,NR-F50HY2,panasonic-nrf50hy2,refrigeration,4. 冷蔵機能,door-pocket,ドアポケット,低,Panasonic 冷蔵庫カタログ 2025秋冬,公式仕様表・2025秋冬カタログ,確認済み一次資料に型番単位の明記なし,取扱説明書のチルド設定・棚組み替え・ドアポケット部品一覧、公式鮮度試験ページ,チルドの温度・保存期間と、棚やドアポケットの型番別構成は、機能訴求ページだけでなく説明書の設定・部品一覧で確定できる。
panasonic,パナソニック,NR-F50HY2,panasonic-nrf50hy2,refrigeration,4. 冷蔵機能,fridge-other,その他,低,Panasonic 冷蔵庫カタログ 2025秋冬,公式仕様表・2025秋冬カタログ,確認済み一次資料に型番単位の明記なし,取扱説明書のチルド設定・棚組み替え・ドアポケット部品一覧、公式鮮度試験ページ,チルドの温度・保存期間と、棚やドアポケットの型番別構成は、機能訴求ページだけでなく説明書の設定・部品一覧で確定できる。
panasonic,パナソニック,NR-F50HY2,panasonic-nrf50hy2,freezing,5. 冷凍機能,frost-control,霜付き防止機能,低,Panasonic 冷蔵庫カタログ 2025秋冬,公式仕様表・2025秋冬カタログ,確認済み一次資料に型番単位の明記なし,型番別の冷凍・製氷機能比較表、冷凍室断面図、取扱説明書の運転モード一覧,特殊冷凍、小冷凍室、霜対策、収納段数、独立製氷室は別項目なので、型番別比較表と室構成図の両方が必要。
panasonic,パナソニック,NR-F50HY2,panasonic-nrf50hy2,freezing,5. 冷凍機能,freezer-other,その他,低,Panasonic 冷蔵庫カタログ 2025秋冬,公式仕様表・2025秋冬カタログ,確認済み一次資料に型番単位の明記なし,型番別の冷凍・製氷機能比較表、冷凍室断面図、取扱説明書の運転モード一覧,特殊冷凍、小冷凍室、霜対策、収納段数、独立製氷室は別項目なので、型番別比較表と室構成図の両方が必要。
panasonic,パナソニック,NR-F50HY2,panasonic-nrf50hy2,clean,7. 清潔・お手入れ,maintenance,お手入れ,低,Panasonic 冷蔵庫カタログ 2025秋冬,公式仕様表・2025秋冬カタログ,確認済み一次資料に型番単位の明記なし,公式機能比較表、除菌／抗菌の試験注記、取扱説明書のお手入れ章,脱臭・除菌・抗菌は意味が異なるため、試験対象部位と試験方法が明記された一次資料が必要。
panasonic,パナソニック,NR-F50HY3,panasonic-nrf50hy3,basic,1. 基本情報,colors,カラー,中,Panasonic 冷蔵庫カタログ 2026春夏,公式仕様表・2026春夏カタログ,確認済み一次資料に型番単位の明記なし,当該年式の公式商品ページ（アーカイブを含む）または色記号入り価格表,色名・発売月・シリーズ呼称は、総合カタログより個別商品ページや販売店向け価格表の方が型番単位で明記される可能性が高い。
panasonic,パナソニック,NR-F50HY3,panasonic-nrf50hy3,refrigeration,4. 冷蔵機能,door-pocket,ドアポケット,低,Panasonic 冷蔵庫カタログ 2026春夏,公式仕様表・2026春夏カタログ,確認済み一次資料に型番単位の明記なし,取扱説明書のチルド設定・棚組み替え・ドアポケット部品一覧、公式鮮度試験ページ,チルドの温度・保存期間と、棚やドアポケットの型番別構成は、機能訴求ページだけでなく説明書の設定・部品一覧で確定できる。
panasonic,パナソニック,NR-F50HY3,panasonic-nrf50hy3,refrigeration,4. 冷蔵機能,fridge-other,その他,低,Panasonic 冷蔵庫カタログ 2026春夏,公式仕様表・2026春夏カタログ,確認済み一次資料に型番単位の明記なし,取扱説明書のチルド設定・棚組み替え・ドアポケット部品一覧、公式鮮度試験ページ,チルドの温度・保存期間と、棚やドアポケットの型番別構成は、機能訴求ページだけでなく説明書の設定・部品一覧で確定できる。
panasonic,パナソニック,NR-F50HY3,panasonic-nrf50hy3,freezing,5. 冷凍機能,freezer-other,その他,低,Panasonic 冷蔵庫カタログ 2026春夏,公式仕様表・2026春夏カタログ,確認済み一次資料に型番単位の明記なし,型番別の冷凍・製氷機能比較表、冷凍室断面図、取扱説明書の運転モード一覧,特殊冷凍、小冷凍室、霜対策、収納段数、独立製氷室は別項目なので、型番別比較表と室構成図の両方が必要。
panasonic,パナソニック,NR-F50HY3,panasonic-nrf50hy3,clean,7. 清潔・お手入れ,maintenance,お手入れ,低,Panasonic 冷蔵庫カタログ 2026春夏,公式仕様表・2026春夏カタログ,確認済み一次資料に型番単位の明記なし,公式機能比較表、除菌／抗菌の試験注記、取扱説明書のお手入れ章,脱臭・除菌・抗菌は意味が異なるため、試験対象部位と試験方法が明記された一次資料が必要。
panasonic,パナソニック,NR-F49EY2,panasonic-nrf49ey2,basic,1. 基本情報,colors,カラー,中,Panasonic 冷蔵庫カタログ 2025秋冬,公式仕様表・2025秋冬カタログ,確認済み一次資料に型番単位の明記なし,当該年式の公式商品ページ（アーカイブを含む）または色記号入り価格表,色名・発売月・シリーズ呼称は、総合カタログより個別商品ページや販売店向け価格表の方が型番単位で明記される可能性が高い。
panasonic,パナソニック,NR-F49EY2,panasonic-nrf49ey2,refrigeration,4. 冷蔵機能,door-pocket,ドアポケット,低,Panasonic 冷蔵庫カタログ 2025秋冬,公式仕様表・2025秋冬カタログ,確認済み一次資料に型番単位の明記なし,取扱説明書のチルド設定・棚組み替え・ドアポケット部品一覧、公式鮮度試験ページ,チルドの温度・保存期間と、棚やドアポケットの型番別構成は、機能訴求ページだけでなく説明書の設定・部品一覧で確定できる。
panasonic,パナソニック,NR-F49EY2,panasonic-nrf49ey2,refrigeration,4. 冷蔵機能,fridge-other,その他,低,Panasonic 冷蔵庫カタログ 2025秋冬,公式仕様表・2025秋冬カタログ,確認済み一次資料に型番単位の明記なし,取扱説明書のチルド設定・棚組み替え・ドアポケット部品一覧、公式鮮度試験ページ,チルドの温度・保存期間と、棚やドアポケットの型番別構成は、機能訴求ページだけでなく説明書の設定・部品一覧で確定できる。
panasonic,パナソニック,NR-F49EY2,panasonic-nrf49ey2,freezing,5. 冷凍機能,frost-control,霜付き防止機能,低,Panasonic 冷蔵庫カタログ 2025秋冬,公式仕様表・2025秋冬カタログ,確認済み一次資料に型番単位の明記なし,型番別の冷凍・製氷機能比較表、冷凍室断面図、取扱説明書の運転モード一覧,特殊冷凍、小冷凍室、霜対策、収納段数、独立製氷室は別項目なので、型番別比較表と室構成図の両方が必要。
panasonic,パナソニック,NR-F49EY2,panasonic-nrf49ey2,freezing,5. 冷凍機能,freezer-other,その他,低,Panasonic 冷蔵庫カタログ 2025秋冬,公式仕様表・2025秋冬カタログ,確認済み一次資料に型番単位の明記なし,型番別の冷凍・製氷機能比較表、冷凍室断面図、取扱説明書の運転モード一覧,特殊冷凍、小冷凍室、霜対策、収納段数、独立製氷室は別項目なので、型番別比較表と室構成図の両方が必要。
panasonic,パナソニック,NR-F49EY2,panasonic-nrf49ey2,clean,7. 清潔・お手入れ,maintenance,お手入れ,低,Panasonic 冷蔵庫カタログ 2025秋冬,公式仕様表・2025秋冬カタログ,確認済み一次資料に型番単位の明記なし,公式機能比較表、除菌／抗菌の試験注記、取扱説明書のお手入れ章,脱臭・除菌・抗菌は意味が異なるため、試験対象部位と試験方法が明記された一次資料が必要。
panasonic,パナソニック,NR-F49EY2,panasonic-nrf49ey2,smart,9. スマホ連携・IoT,iot-connectivity,通信・対応アプリ,低,Panasonic 冷蔵庫カタログ 2025秋冬,公式仕様表・2025秋冬カタログ,確認済み一次資料に型番単位の明記なし,メーカー公式アプリ対応機種一覧、ネットワーク設定ガイド、アプリ機能一覧,Wi-Fi搭載とアプリ対応、食材管理、通知、AIは別項目なので、アプリの対応型番表と機能対応表の両方が必要。
panasonic,パナソニック,NR-F49EY2,panasonic-nrf49ey2,smart,9. スマホ連携・IoT,iot-monitoring,通知・見守り・遠隔操作,低,Panasonic 冷蔵庫カタログ 2025秋冬,公式仕様表・2025秋冬カタログ,確認済み一次資料に型番単位の明記なし,メーカー公式アプリ対応機種一覧、ネットワーク設定ガイド、アプリ機能一覧,Wi-Fi搭載とアプリ対応、食材管理、通知、AIは別項目なので、アプリの対応型番表と機能対応表の両方が必要。
panasonic,パナソニック,NR-F49EY2,panasonic-nrf49ey2,smart,9. スマホ連携・IoT,iot-ai,AI・音声連携,低,Panasonic 冷蔵庫カタログ 2025秋冬,公式仕様表・2025秋冬カタログ,確認済み一次資料に型番単位の明記なし,メーカー公式アプリ対応機種一覧、ネットワーク設定ガイド、アプリ機能一覧,Wi-Fi搭載とアプリ対応、食材管理、通知、AIは別項目なので、アプリの対応型番表と機能対応表の両方が必要。
panasonic,パナソニック,NR-F49EY3,panasonic-nrf49ey3,basic,1. 基本情報,colors,カラー,中,Panasonic 冷蔵庫カタログ 2026春夏,公式仕様表・2026春夏カタログ,確認済み一次資料に型番単位の明記なし,当該年式の公式商品ページ（アーカイブを含む）または色記号入り価格表,色名・発売月・シリーズ呼称は、総合カタログより個別商品ページや販売店向け価格表の方が型番単位で明記される可能性が高い。
panasonic,パナソニック,NR-F49EY3,panasonic-nrf49ey3,refrigeration,4. 冷蔵機能,door-pocket,ドアポケット,低,Panasonic 冷蔵庫カタログ 2026春夏,公式仕様表・2026春夏カタログ,確認済み一次資料に型番単位の明記なし,取扱説明書のチルド設定・棚組み替え・ドアポケット部品一覧、公式鮮度試験ページ,チルドの温度・保存期間と、棚やドアポケットの型番別構成は、機能訴求ページだけでなく説明書の設定・部品一覧で確定できる。
panasonic,パナソニック,NR-F49EY3,panasonic-nrf49ey3,refrigeration,4. 冷蔵機能,fridge-other,その他,低,Panasonic 冷蔵庫カタログ 2026春夏,公式仕様表・2026春夏カタログ,確認済み一次資料に型番単位の明記なし,取扱説明書のチルド設定・棚組み替え・ドアポケット部品一覧、公式鮮度試験ページ,チルドの温度・保存期間と、棚やドアポケットの型番別構成は、機能訴求ページだけでなく説明書の設定・部品一覧で確定できる。
panasonic,パナソニック,NR-F49EY3,panasonic-nrf49ey3,freezing,5. 冷凍機能,freezer-other,その他,低,Panasonic 冷蔵庫カタログ 2026春夏,公式仕様表・2026春夏カタログ,確認済み一次資料に型番単位の明記なし,型番別の冷凍・製氷機能比較表、冷凍室断面図、取扱説明書の運転モード一覧,特殊冷凍、小冷凍室、霜対策、収納段数、独立製氷室は別項目なので、型番別比較表と室構成図の両方が必要。
panasonic,パナソニック,NR-F49EY3,panasonic-nrf49ey3,clean,7. 清潔・お手入れ,maintenance,お手入れ,低,Panasonic 冷蔵庫カタログ 2026春夏,公式仕様表・2026春夏カタログ,確認済み一次資料に型番単位の明記なし,公式機能比較表、除菌／抗菌の試験注記、取扱説明書のお手入れ章,脱臭・除菌・抗菌は意味が異なるため、試験対象部位と試験方法が明記された一次資料が必要。
panasonic,パナソニック,NR-F49EY3,panasonic-nrf49ey3,smart,9. スマホ連携・IoT,iot-connectivity,通信・対応アプリ,低,Panasonic 冷蔵庫カタログ 2026春夏,公式仕様表・2026春夏カタログ,確認済み一次資料に型番単位の明記なし,メーカー公式アプリ対応機種一覧、ネットワーク設定ガイド、アプリ機能一覧,Wi-Fi搭載とアプリ対応、食材管理、通知、AIは別項目なので、アプリの対応型番表と機能対応表の両方が必要。
panasonic,パナソニック,NR-F49EY3,panasonic-nrf49ey3,smart,9. スマホ連携・IoT,iot-monitoring,通知・見守り・遠隔操作,低,Panasonic 冷蔵庫カタログ 2026春夏,公式仕様表・2026春夏カタログ,確認済み一次資料に型番単位の明記なし,メーカー公式アプリ対応機種一覧、ネットワーク設定ガイド、アプリ機能一覧,Wi-Fi搭載とアプリ対応、食材管理、通知、AIは別項目なので、アプリの対応型番表と機能対応表の両方が必要。
panasonic,パナソニック,NR-F49EY3,panasonic-nrf49ey3,smart,9. スマホ連携・IoT,iot-ai,AI・音声連携,低,Panasonic 冷蔵庫カタログ 2026春夏,公式仕様表・2026春夏カタログ,確認済み一次資料に型番単位の明記なし,メーカー公式アプリ対応機種一覧、ネットワーク設定ガイド、アプリ機能一覧,Wi-Fi搭載とアプリ対応、食材管理、通知、AIは別項目なので、アプリの対応型番表と機能対応表の両方が必要。
panasonic,パナソニック,NR-E47BR3,panasonic-nre47br3,basic,1. 基本情報,colors,カラー,中,Panasonic 冷蔵庫カタログ 2026春夏,公式仕様表・2026春夏カタログ,確認済み一次資料に型番単位の明記なし,当該年式の公式商品ページ（アーカイブを含む）または色記号入り価格表,色名・発売月・シリーズ呼称は、総合カタログより個別商品ページや販売店向け価格表の方が型番単位で明記される可能性が高い。
panasonic,パナソニック,NR-E47BR3,panasonic-nre47br3,refrigeration,4. 冷蔵機能,door-pocket,ドアポケット,低,Panasonic 冷蔵庫カタログ 2026春夏,公式仕様表・2026春夏カタログ,確認済み一次資料に型番単位の明記なし,取扱説明書のチルド設定・棚組み替え・ドアポケット部品一覧、公式鮮度試験ページ,チルドの温度・保存期間と、棚やドアポケットの型番別構成は、機能訴求ページだけでなく説明書の設定・部品一覧で確定できる。
panasonic,パナソニック,NR-E47BR3,panasonic-nre47br3,refrigeration,4. 冷蔵機能,fridge-other,その他,低,Panasonic 冷蔵庫カタログ 2026春夏,公式仕様表・2026春夏カタログ,確認済み一次資料に型番単位の明記なし,取扱説明書のチルド設定・棚組み替え・ドアポケット部品一覧、公式鮮度試験ページ,チルドの温度・保存期間と、棚やドアポケットの型番別構成は、機能訴求ページだけでなく説明書の設定・部品一覧で確定できる。
panasonic,パナソニック,NR-E47BR3,panasonic-nre47br3,freezing,5. 冷凍機能,freezer-other,その他,低,Panasonic 冷蔵庫カタログ 2026春夏,公式仕様表・2026春夏カタログ,確認済み一次資料に型番単位の明記なし,型番別の冷凍・製氷機能比較表、冷凍室断面図、取扱説明書の運転モード一覧,特殊冷凍、小冷凍室、霜対策、収納段数、独立製氷室は別項目なので、型番別比較表と室構成図の両方が必要。
panasonic,パナソニック,NR-E47BR3,panasonic-nre47br3,clean,7. 清潔・お手入れ,maintenance,お手入れ,低,Panasonic 冷蔵庫カタログ 2026春夏,公式仕様表・2026春夏カタログ,確認済み一次資料に型番単位の明記なし,公式機能比較表、除菌／抗菌の試験注記、取扱説明書のお手入れ章,脱臭・除菌・抗菌は意味が異なるため、試験対象部位と試験方法が明記された一次資料が必要。
panasonic,パナソニック,NR-E47BR3,panasonic-nre47br3,smart,9. スマホ連携・IoT,iot-connectivity,通信・対応アプリ,低,Panasonic 冷蔵庫カタログ 2026春夏,公式仕様表・2026春夏カタログ,確認済み一次資料に型番単位の明記なし,メーカー公式アプリ対応機種一覧、ネットワーク設定ガイド、アプリ機能一覧,Wi-Fi搭載とアプリ対応、食材管理、通知、AIは別項目なので、アプリの対応型番表と機能対応表の両方が必要。
panasonic,パナソニック,NR-E47BR3,panasonic-nre47br3,smart,9. スマホ連携・IoT,iot-food,食材管理・庫内確認,低,Panasonic 冷蔵庫カタログ 2026春夏,公式仕様表・2026春夏カタログ,確認済み一次資料に型番単位の明記なし,メーカー公式アプリ対応機種一覧、ネットワーク設定ガイド、アプリ機能一覧,Wi-Fi搭載とアプリ対応、食材管理、通知、AIは別項目なので、アプリの対応型番表と機能対応表の両方が必要。
panasonic,パナソニック,NR-E47BR3,panasonic-nre47br3,smart,9. スマホ連携・IoT,iot-monitoring,通知・見守り・遠隔操作,低,Panasonic 冷蔵庫カタログ 2026春夏,公式仕様表・2026春夏カタログ,確認済み一次資料に型番単位の明記なし,メーカー公式アプリ対応機種一覧、ネットワーク設定ガイド、アプリ機能一覧,Wi-Fi搭載とアプリ対応、食材管理、通知、AIは別項目なので、アプリの対応型番表と機能対応表の両方が必要。
panasonic,パナソニック,NR-E47BR3,panasonic-nre47br3,smart,9. スマホ連携・IoT,iot-ai,AI・音声連携,低,Panasonic 冷蔵庫カタログ 2026春夏,公式仕様表・2026春夏カタログ,確認済み一次資料に型番単位の明記なし,メーカー公式アプリ対応機種一覧、ネットワーク設定ガイド、アプリ機能一覧,Wi-Fi搭載とアプリ対応、食材管理、通知、AIは別項目なので、アプリの対応型番表と機能対応表の両方が必要。
panasonic,パナソニック,NR-FVF45S2,panasonic-nrfvf45s2,basic,1. 基本情報,colors,カラー,中,Panasonic 冷蔵庫カタログ 2025秋冬,公式仕様表・2025秋冬カタログ,確認済み一次資料に型番単位の明記なし,当該年式の公式商品ページ（アーカイブを含む）または色記号入り価格表,色名・発売月・シリーズ呼称は、総合カタログより個別商品ページや販売店向け価格表の方が型番単位で明記される可能性が高い。
panasonic,パナソニック,NR-FVF45S2,panasonic-nrfvf45s2,refrigeration,4. 冷蔵機能,door-pocket,ドアポケット,低,Panasonic 冷蔵庫カタログ 2025秋冬,公式仕様表・2025秋冬カタログ,確認済み一次資料に型番単位の明記なし,取扱説明書のチルド設定・棚組み替え・ドアポケット部品一覧、公式鮮度試験ページ,チルドの温度・保存期間と、棚やドアポケットの型番別構成は、機能訴求ページだけでなく説明書の設定・部品一覧で確定できる。
panasonic,パナソニック,NR-FVF45S2,panasonic-nrfvf45s2,refrigeration,4. 冷蔵機能,fridge-other,その他,低,Panasonic 冷蔵庫カタログ 2025秋冬,公式仕様表・2025秋冬カタログ,確認済み一次資料に型番単位の明記なし,取扱説明書のチルド設定・棚組み替え・ドアポケット部品一覧、公式鮮度試験ページ,チルドの温度・保存期間と、棚やドアポケットの型番別構成は、機能訴求ページだけでなく説明書の設定・部品一覧で確定できる。
panasonic,パナソニック,NR-FVF45S2,panasonic-nrfvf45s2,freezing,5. 冷凍機能,special-freezing,特殊冷凍機能,低,Panasonic 冷蔵庫カタログ 2025秋冬,公式仕様表・2025秋冬カタログ,確認済み一次資料に型番単位の明記なし,型番別の冷凍・製氷機能比較表、冷凍室断面図、取扱説明書の運転モード一覧,特殊冷凍、小冷凍室、霜対策、収納段数、独立製氷室は別項目なので、型番別比較表と室構成図の両方が必要。
panasonic,パナソニック,NR-FVF45S2,panasonic-nrfvf45s2,freezing,5. 冷凍機能,frost-control,霜付き防止機能,低,Panasonic 冷蔵庫カタログ 2025秋冬,公式仕様表・2025秋冬カタログ,確認済み一次資料に型番単位の明記なし,型番別の冷凍・製氷機能比較表、冷凍室断面図、取扱説明書の運転モード一覧,特殊冷凍、小冷凍室、霜対策、収納段数、独立製氷室は別項目なので、型番別比較表と室構成図の両方が必要。
panasonic,パナソニック,NR-FVF45S2,panasonic-nrfvf45s2,freezing,5. 冷凍機能,freezer-storage,冷凍収納性,低,Panasonic 冷蔵庫カタログ 2025秋冬,公式仕様表・2025秋冬カタログ,確認済み一次資料に型番単位の明記なし,型番別の冷凍・製氷機能比較表、冷凍室断面図、取扱説明書の運転モード一覧,特殊冷凍、小冷凍室、霜対策、収納段数、独立製氷室は別項目なので、型番別比較表と室構成図の両方が必要。
panasonic,パナソニック,NR-FVF45S2,panasonic-nrfvf45s2,freezing,5. 冷凍機能,freezer-other,その他,低,Panasonic 冷蔵庫カタログ 2025秋冬,公式仕様表・2025秋冬カタログ,確認済み一次資料に型番単位の明記なし,型番別の冷凍・製氷機能比較表、冷凍室断面図、取扱説明書の運転モード一覧,特殊冷凍、小冷凍室、霜対策、収納段数、独立製氷室は別項目なので、型番別比較表と室構成図の両方が必要。
panasonic,パナソニック,NR-FVF45S2,panasonic-nrfvf45s2,clean,7. 清潔・お手入れ,maintenance,お手入れ,低,Panasonic 冷蔵庫カタログ 2025秋冬,公式仕様表・2025秋冬カタログ,確認済み一次資料に型番単位の明記なし,公式機能比較表、除菌／抗菌の試験注記、取扱説明書のお手入れ章,脱臭・除菌・抗菌は意味が異なるため、試験対象部位と試験方法が明記された一次資料が必要。
panasonic,パナソニック,NR-FVF45S2,panasonic-nrfvf45s2,smart,9. スマホ連携・IoT,iot-connectivity,通信・対応アプリ,低,Panasonic 冷蔵庫カタログ 2025秋冬,公式仕様表・2025秋冬カタログ,確認済み一次資料に型番単位の明記なし,メーカー公式アプリ対応機種一覧、ネットワーク設定ガイド、アプリ機能一覧,Wi-Fi搭載とアプリ対応、食材管理、通知、AIは別項目なので、アプリの対応型番表と機能対応表の両方が必要。
panasonic,パナソニック,NR-FVF45S2,panasonic-nrfvf45s2,smart,9. スマホ連携・IoT,iot-food,食材管理・庫内確認,低,Panasonic 冷蔵庫カタログ 2025秋冬,公式仕様表・2025秋冬カタログ,確認済み一次資料に型番単位の明記なし,メーカー公式アプリ対応機種一覧、ネットワーク設定ガイド、アプリ機能一覧,Wi-Fi搭載とアプリ対応、食材管理、通知、AIは別項目なので、アプリの対応型番表と機能対応表の両方が必要。
panasonic,パナソニック,NR-FVF45S2,panasonic-nrfvf45s2,smart,9. スマホ連携・IoT,iot-monitoring,通知・見守り・遠隔操作,低,Panasonic 冷蔵庫カタログ 2025秋冬,公式仕様表・2025秋冬カタログ,確認済み一次資料に型番単位の明記なし,メーカー公式アプリ対応機種一覧、ネットワーク設定ガイド、アプリ機能一覧,Wi-Fi搭載とアプリ対応、食材管理、通知、AIは別項目なので、アプリの対応型番表と機能対応表の両方が必要。
panasonic,パナソニック,NR-FVF45S2,panasonic-nrfvf45s2,smart,9. スマホ連携・IoT,iot-ai,AI・音声連携,低,Panasonic 冷蔵庫カタログ 2025秋冬,公式仕様表・2025秋冬カタログ,確認済み一次資料に型番単位の明記なし,メーカー公式アプリ対応機種一覧、ネットワーク設定ガイド、アプリ機能一覧,Wi-Fi搭載とアプリ対応、食材管理、通知、AIは別項目なので、アプリの対応型番表と機能対応表の両方が必要。
panasonic,パナソニック,NR-FVF45S3,panasonic-nrfvf45s3,basic,1. 基本情報,colors,カラー,中,Panasonic 冷蔵庫カタログ 2026春夏,公式仕様表・2026春夏カタログ,確認済み一次資料に型番単位の明記なし,当該年式の公式商品ページ（アーカイブを含む）または色記号入り価格表,色名・発売月・シリーズ呼称は、総合カタログより個別商品ページや販売店向け価格表の方が型番単位で明記される可能性が高い。
panasonic,パナソニック,NR-FVF45S3,panasonic-nrfvf45s3,refrigeration,4. 冷蔵機能,door-pocket,ドアポケット,低,Panasonic 冷蔵庫カタログ 2026春夏,公式仕様表・2026春夏カタログ,確認済み一次資料に型番単位の明記なし,取扱説明書のチルド設定・棚組み替え・ドアポケット部品一覧、公式鮮度試験ページ,チルドの温度・保存期間と、棚やドアポケットの型番別構成は、機能訴求ページだけでなく説明書の設定・部品一覧で確定できる。
panasonic,パナソニック,NR-FVF45S3,panasonic-nrfvf45s3,refrigeration,4. 冷蔵機能,fridge-other,その他,低,Panasonic 冷蔵庫カタログ 2026春夏,公式仕様表・2026春夏カタログ,確認済み一次資料に型番単位の明記なし,取扱説明書のチルド設定・棚組み替え・ドアポケット部品一覧、公式鮮度試験ページ,チルドの温度・保存期間と、棚やドアポケットの型番別構成は、機能訴求ページだけでなく説明書の設定・部品一覧で確定できる。
panasonic,パナソニック,NR-FVF45S3,panasonic-nrfvf45s3,freezing,5. 冷凍機能,special-freezing,特殊冷凍機能,低,Panasonic 冷蔵庫カタログ 2026春夏,公式仕様表・2026春夏カタログ,確認済み一次資料に型番単位の明記なし,型番別の冷凍・製氷機能比較表、冷凍室断面図、取扱説明書の運転モード一覧,特殊冷凍、小冷凍室、霜対策、収納段数、独立製氷室は別項目なので、型番別比較表と室構成図の両方が必要。
panasonic,パナソニック,NR-FVF45S3,panasonic-nrfvf45s3,freezing,5. 冷凍機能,frost-control,霜付き防止機能,低,Panasonic 冷蔵庫カタログ 2026春夏,公式仕様表・2026春夏カタログ,確認済み一次資料に型番単位の明記なし,型番別の冷凍・製氷機能比較表、冷凍室断面図、取扱説明書の運転モード一覧,特殊冷凍、小冷凍室、霜対策、収納段数、独立製氷室は別項目なので、型番別比較表と室構成図の両方が必要。
panasonic,パナソニック,NR-FVF45S3,panasonic-nrfvf45s3,freezing,5. 冷凍機能,freezer-storage,冷凍収納性,低,Panasonic 冷蔵庫カタログ 2026春夏,公式仕様表・2026春夏カタログ,確認済み一次資料に型番単位の明記なし,型番別の冷凍・製氷機能比較表、冷凍室断面図、取扱説明書の運転モード一覧,特殊冷凍、小冷凍室、霜対策、収納段数、独立製氷室は別項目なので、型番別比較表と室構成図の両方が必要。
panasonic,パナソニック,NR-FVF45S3,panasonic-nrfvf45s3,freezing,5. 冷凍機能,freezer-other,その他,低,Panasonic 冷蔵庫カタログ 2026春夏,公式仕様表・2026春夏カタログ,確認済み一次資料に型番単位の明記なし,型番別の冷凍・製氷機能比較表、冷凍室断面図、取扱説明書の運転モード一覧,特殊冷凍、小冷凍室、霜対策、収納段数、独立製氷室は別項目なので、型番別比較表と室構成図の両方が必要。
panasonic,パナソニック,NR-FVF45S3,panasonic-nrfvf45s3,clean,7. 清潔・お手入れ,maintenance,お手入れ,低,Panasonic 冷蔵庫カタログ 2026春夏,公式仕様表・2026春夏カタログ,確認済み一次資料に型番単位の明記なし,公式機能比較表、除菌／抗菌の試験注記、取扱説明書のお手入れ章,脱臭・除菌・抗菌は意味が異なるため、試験対象部位と試験方法が明記された一次資料が必要。
panasonic,パナソニック,NR-FVF45S3,panasonic-nrfvf45s3,smart,9. スマホ連携・IoT,iot-connectivity,通信・対応アプリ,低,Panasonic 冷蔵庫カタログ 2026春夏,公式仕様表・2026春夏カタログ,確認済み一次資料に型番単位の明記なし,メーカー公式アプリ対応機種一覧、ネットワーク設定ガイド、アプリ機能一覧,Wi-Fi搭載とアプリ対応、食材管理、通知、AIは別項目なので、アプリの対応型番表と機能対応表の両方が必要。
panasonic,パナソニック,NR-FVF45S3,panasonic-nrfvf45s3,smart,9. スマホ連携・IoT,iot-food,食材管理・庫内確認,低,Panasonic 冷蔵庫カタログ 2026春夏,公式仕様表・2026春夏カタログ,確認済み一次資料に型番単位の明記なし,メーカー公式アプリ対応機種一覧、ネットワーク設定ガイド、アプリ機能一覧,Wi-Fi搭載とアプリ対応、食材管理、通知、AIは別項目なので、アプリの対応型番表と機能対応表の両方が必要。
panasonic,パナソニック,NR-FVF45S3,panasonic-nrfvf45s3,smart,9. スマホ連携・IoT,iot-monitoring,通知・見守り・遠隔操作,低,Panasonic 冷蔵庫カタログ 2026春夏,公式仕様表・2026春夏カタログ,確認済み一次資料に型番単位の明記なし,メーカー公式アプリ対応機種一覧、ネットワーク設定ガイド、アプリ機能一覧,Wi-Fi搭載とアプリ対応、食材管理、通知、AIは別項目なので、アプリの対応型番表と機能対応表の両方が必要。
panasonic,パナソニック,NR-FVF45S3,panasonic-nrfvf45s3,smart,9. スマホ連携・IoT,iot-ai,AI・音声連携,低,Panasonic 冷蔵庫カタログ 2026春夏,公式仕様表・2026春夏カタログ,確認済み一次資料に型番単位の明記なし,メーカー公式アプリ対応機種一覧、ネットワーク設定ガイド、アプリ機能一覧,Wi-Fi搭載とアプリ対応、食材管理、通知、AIは別項目なので、アプリの対応型番表と機能対応表の両方が必要。
panasonic,パナソニック,NR-E45PX1,panasonic-nre45px1,basic,1. 基本情報,colors,カラー,中,Panasonic 冷蔵庫 公式仕様ページ,公式仕様ページ,対象年式が提供カタログ外、または型番別対応表が不足,当該年式の公式商品ページ（アーカイブを含む）または色記号入り価格表,色名・発売月・シリーズ呼称は、総合カタログより個別商品ページや販売店向け価格表の方が型番単位で明記される可能性が高い。
panasonic,パナソニック,NR-E45PX1,panasonic-nre45px1,refrigeration,4. 冷蔵機能,chilled-function,チルド機能,低,Panasonic 冷蔵庫 公式仕様ページ,公式仕様ページ,対象年式が提供カタログ外、または型番別対応表が不足,取扱説明書のチルド設定・棚組み替え・ドアポケット部品一覧、公式鮮度試験ページ,チルドの温度・保存期間と、棚やドアポケットの型番別構成は、機能訴求ページだけでなく説明書の設定・部品一覧で確定できる。
panasonic,パナソニック,NR-E45PX1,panasonic-nre45px1,refrigeration,4. 冷蔵機能,door-pocket,ドアポケット,低,Panasonic 冷蔵庫 公式仕様ページ,公式仕様ページ,対象年式が提供カタログ外、または型番別対応表が不足,取扱説明書のチルド設定・棚組み替え・ドアポケット部品一覧、公式鮮度試験ページ,チルドの温度・保存期間と、棚やドアポケットの型番別構成は、機能訴求ページだけでなく説明書の設定・部品一覧で確定できる。
panasonic,パナソニック,NR-E45PX1,panasonic-nre45px1,refrigeration,4. 冷蔵機能,fridge-other,その他,低,Panasonic 冷蔵庫 公式仕様ページ,公式仕様ページ,対象年式が提供カタログ外、または型番別対応表が不足,取扱説明書のチルド設定・棚組み替え・ドアポケット部品一覧、公式鮮度試験ページ,チルドの温度・保存期間と、棚やドアポケットの型番別構成は、機能訴求ページだけでなく説明書の設定・部品一覧で確定できる。
panasonic,パナソニック,NR-E45PX1,panasonic-nre45px1,freezing,5. 冷凍機能,special-freezing,特殊冷凍機能,低,Panasonic 冷蔵庫 公式仕様ページ,公式仕様ページ,対象年式が提供カタログ外、または型番別対応表が不足,型番別の冷凍・製氷機能比較表、冷凍室断面図、取扱説明書の運転モード一覧,特殊冷凍、小冷凍室、霜対策、収納段数、独立製氷室は別項目なので、型番別比較表と室構成図の両方が必要。
panasonic,パナソニック,NR-E45PX1,panasonic-nre45px1,freezing,5. 冷凍機能,frost-control,霜付き防止機能,低,Panasonic 冷蔵庫 公式仕様ページ,公式仕様ページ,対象年式が提供カタログ外、または型番別対応表が不足,型番別の冷凍・製氷機能比較表、冷凍室断面図、取扱説明書の運転モード一覧,特殊冷凍、小冷凍室、霜対策、収納段数、独立製氷室は別項目なので、型番別比較表と室構成図の両方が必要。
panasonic,パナソニック,NR-E45PX1,panasonic-nre45px1,freezing,5. 冷凍機能,freezer-storage,冷凍収納性,低,Panasonic 冷蔵庫 公式仕様ページ,公式仕様ページ,対象年式が提供カタログ外、または型番別対応表が不足,型番別の冷凍・製氷機能比較表、冷凍室断面図、取扱説明書の運転モード一覧,特殊冷凍、小冷凍室、霜対策、収納段数、独立製氷室は別項目なので、型番別比較表と室構成図の両方が必要。
panasonic,パナソニック,NR-E45PX1,panasonic-nre45px1,freezing,5. 冷凍機能,freezer-other,その他,低,Panasonic 冷蔵庫 公式仕様ページ,公式仕様ページ,対象年式が提供カタログ外、または型番別対応表が不足,型番別の冷凍・製氷機能比較表、冷凍室断面図、取扱説明書の運転モード一覧,特殊冷凍、小冷凍室、霜対策、収納段数、独立製氷室は別項目なので、型番別比較表と室構成図の両方が必要。
panasonic,パナソニック,NR-E45PX1,panasonic-nre45px1,clean,7. 清潔・お手入れ,clean-air,脱臭・除菌・抗菌,低,Panasonic 冷蔵庫 公式仕様ページ,公式仕様ページ,対象年式が提供カタログ外、または型番別対応表が不足,公式機能比較表、除菌／抗菌の試験注記、取扱説明書のお手入れ章,脱臭・除菌・抗菌は意味が異なるため、試験対象部位と試験方法が明記された一次資料が必要。
panasonic,パナソニック,NR-E45PX1,panasonic-nre45px1,clean,7. 清潔・お手入れ,maintenance,お手入れ,低,Panasonic 冷蔵庫 公式仕様ページ,公式仕様ページ,対象年式が提供カタログ外、または型番別対応表が不足,公式機能比較表、除菌／抗菌の試験注記、取扱説明書のお手入れ章,脱臭・除菌・抗菌は意味が異なるため、試験対象部位と試験方法が明記された一次資料が必要。
panasonic,パナソニック,NR-E45PX1,panasonic-nre45px1,smart,9. スマホ連携・IoT,iot-connectivity,通信・対応アプリ,低,Panasonic 冷蔵庫 公式仕様ページ,公式仕様ページ,対象年式が提供カタログ外、または型番別対応表が不足,メーカー公式アプリ対応機種一覧、ネットワーク設定ガイド、アプリ機能一覧,Wi-Fi搭載とアプリ対応、食材管理、通知、AIは別項目なので、アプリの対応型番表と機能対応表の両方が必要。
panasonic,パナソニック,NR-E45PX1,panasonic-nre45px1,smart,9. スマホ連携・IoT,iot-monitoring,通知・見守り・遠隔操作,低,Panasonic 冷蔵庫 公式仕様ページ,公式仕様ページ,対象年式が提供カタログ外、または型番別対応表が不足,メーカー公式アプリ対応機種一覧、ネットワーク設定ガイド、アプリ機能一覧,Wi-Fi搭載とアプリ対応、食材管理、通知、AIは別項目なので、アプリの対応型番表と機能対応表の両方が必要。
panasonic,パナソニック,NR-E45PX1,panasonic-nre45px1,smart,9. スマホ連携・IoT,iot-ai,AI・音声連携,低,Panasonic 冷蔵庫 公式仕様ページ,公式仕様ページ,対象年式が提供カタログ外、または型番別対応表が不足,メーカー公式アプリ対応機種一覧、ネットワーク設定ガイド、アプリ機能一覧,Wi-Fi搭載とアプリ対応、食材管理、通知、AIは別項目なので、アプリの対応型番表と機能対応表の両方が必要。
panasonic,パナソニック,NR-E45RY2,panasonic-nre45ry2,basic,1. 基本情報,colors,カラー,中,Panasonic 冷蔵庫カタログ 2025秋冬,公式仕様表・2025秋冬カタログ,確認済み一次資料に型番単位の明記なし,当該年式の公式商品ページ（アーカイブを含む）または色記号入り価格表,色名・発売月・シリーズ呼称は、総合カタログより個別商品ページや販売店向け価格表の方が型番単位で明記される可能性が高い。
panasonic,パナソニック,NR-E45RY2,panasonic-nre45ry2,refrigeration,4. 冷蔵機能,door-pocket,ドアポケット,低,Panasonic 冷蔵庫カタログ 2025秋冬,公式仕様表・2025秋冬カタログ,確認済み一次資料に型番単位の明記なし,取扱説明書のチルド設定・棚組み替え・ドアポケット部品一覧、公式鮮度試験ページ,チルドの温度・保存期間と、棚やドアポケットの型番別構成は、機能訴求ページだけでなく説明書の設定・部品一覧で確定できる。
panasonic,パナソニック,NR-E45RY2,panasonic-nre45ry2,refrigeration,4. 冷蔵機能,fridge-other,その他,低,Panasonic 冷蔵庫カタログ 2025秋冬,公式仕様表・2025秋冬カタログ,確認済み一次資料に型番単位の明記なし,取扱説明書のチルド設定・棚組み替え・ドアポケット部品一覧、公式鮮度試験ページ,チルドの温度・保存期間と、棚やドアポケットの型番別構成は、機能訴求ページだけでなく説明書の設定・部品一覧で確定できる。
panasonic,パナソニック,NR-E45RY2,panasonic-nre45ry2,freezing,5. 冷凍機能,frost-control,霜付き防止機能,低,Panasonic 冷蔵庫カタログ 2025秋冬,公式仕様表・2025秋冬カタログ,確認済み一次資料に型番単位の明記なし,型番別の冷凍・製氷機能比較表、冷凍室断面図、取扱説明書の運転モード一覧,特殊冷凍、小冷凍室、霜対策、収納段数、独立製氷室は別項目なので、型番別比較表と室構成図の両方が必要。
panasonic,パナソニック,NR-E45RY2,panasonic-nre45ry2,freezing,5. 冷凍機能,freezer-other,その他,低,Panasonic 冷蔵庫カタログ 2025秋冬,公式仕様表・2025秋冬カタログ,確認済み一次資料に型番単位の明記なし,型番別の冷凍・製氷機能比較表、冷凍室断面図、取扱説明書の運転モード一覧,特殊冷凍、小冷凍室、霜対策、収納段数、独立製氷室は別項目なので、型番別比較表と室構成図の両方が必要。
panasonic,パナソニック,NR-E45RY2,panasonic-nre45ry2,clean,7. 清潔・お手入れ,maintenance,お手入れ,低,Panasonic 冷蔵庫カタログ 2025秋冬,公式仕様表・2025秋冬カタログ,確認済み一次資料に型番単位の明記なし,公式機能比較表、除菌／抗菌の試験注記、取扱説明書のお手入れ章,脱臭・除菌・抗菌は意味が異なるため、試験対象部位と試験方法が明記された一次資料が必要。
panasonic,パナソニック,NR-E45RY2,panasonic-nre45ry2,smart,9. スマホ連携・IoT,iot-connectivity,通信・対応アプリ,低,Panasonic 冷蔵庫カタログ 2025秋冬,公式仕様表・2025秋冬カタログ,確認済み一次資料に型番単位の明記なし,メーカー公式アプリ対応機種一覧、ネットワーク設定ガイド、アプリ機能一覧,Wi-Fi搭載とアプリ対応、食材管理、通知、AIは別項目なので、アプリの対応型番表と機能対応表の両方が必要。
panasonic,パナソニック,NR-E45RY2,panasonic-nre45ry2,smart,9. スマホ連携・IoT,iot-monitoring,通知・見守り・遠隔操作,低,Panasonic 冷蔵庫カタログ 2025秋冬,公式仕様表・2025秋冬カタログ,確認済み一次資料に型番単位の明記なし,メーカー公式アプリ対応機種一覧、ネットワーク設定ガイド、アプリ機能一覧,Wi-Fi搭載とアプリ対応、食材管理、通知、AIは別項目なので、アプリの対応型番表と機能対応表の両方が必要。
panasonic,パナソニック,NR-E45RY2,panasonic-nre45ry2,smart,9. スマホ連携・IoT,iot-ai,AI・音声連携,低,Panasonic 冷蔵庫カタログ 2025秋冬,公式仕様表・2025秋冬カタログ,確認済み一次資料に型番単位の明記なし,メーカー公式アプリ対応機種一覧、ネットワーク設定ガイド、アプリ機能一覧,Wi-Fi搭載とアプリ対応、食材管理、通知、AIは別項目なので、アプリの対応型番表と機能対応表の両方が必要。
panasonic,パナソニック,NR-E45RY3,panasonic-nre45ry3,basic,1. 基本情報,colors,カラー,中,Panasonic 冷蔵庫カタログ 2026春夏,公式仕様表・2026春夏カタログ,確認済み一次資料に型番単位の明記なし,当該年式の公式商品ページ（アーカイブを含む）または色記号入り価格表,色名・発売月・シリーズ呼称は、総合カタログより個別商品ページや販売店向け価格表の方が型番単位で明記される可能性が高い。
panasonic,パナソニック,NR-E45RY3,panasonic-nre45ry3,refrigeration,4. 冷蔵機能,door-pocket,ドアポケット,低,Panasonic 冷蔵庫カタログ 2026春夏,公式仕様表・2026春夏カタログ,確認済み一次資料に型番単位の明記なし,取扱説明書のチルド設定・棚組み替え・ドアポケット部品一覧、公式鮮度試験ページ,チルドの温度・保存期間と、棚やドアポケットの型番別構成は、機能訴求ページだけでなく説明書の設定・部品一覧で確定できる。
panasonic,パナソニック,NR-E45RY3,panasonic-nre45ry3,refrigeration,4. 冷蔵機能,fridge-other,その他,低,Panasonic 冷蔵庫カタログ 2026春夏,公式仕様表・2026春夏カタログ,確認済み一次資料に型番単位の明記なし,取扱説明書のチルド設定・棚組み替え・ドアポケット部品一覧、公式鮮度試験ページ,チルドの温度・保存期間と、棚やドアポケットの型番別構成は、機能訴求ページだけでなく説明書の設定・部品一覧で確定できる。
panasonic,パナソニック,NR-E45RY3,panasonic-nre45ry3,freezing,5. 冷凍機能,freezer-other,その他,低,Panasonic 冷蔵庫カタログ 2026春夏,公式仕様表・2026春夏カタログ,確認済み一次資料に型番単位の明記なし,型番別の冷凍・製氷機能比較表、冷凍室断面図、取扱説明書の運転モード一覧,特殊冷凍、小冷凍室、霜対策、収納段数、独立製氷室は別項目なので、型番別比較表と室構成図の両方が必要。
panasonic,パナソニック,NR-E45RY3,panasonic-nre45ry3,clean,7. 清潔・お手入れ,maintenance,お手入れ,低,Panasonic 冷蔵庫カタログ 2026春夏,公式仕様表・2026春夏カタログ,確認済み一次資料に型番単位の明記なし,公式機能比較表、除菌／抗菌の試験注記、取扱説明書のお手入れ章,脱臭・除菌・抗菌は意味が異なるため、試験対象部位と試験方法が明記された一次資料が必要。
panasonic,パナソニック,NR-E45RY3,panasonic-nre45ry3,smart,9. スマホ連携・IoT,iot-connectivity,通信・対応アプリ,低,Panasonic 冷蔵庫カタログ 2026春夏,公式仕様表・2026春夏カタログ,確認済み一次資料に型番単位の明記なし,メーカー公式アプリ対応機種一覧、ネットワーク設定ガイド、アプリ機能一覧,Wi-Fi搭載とアプリ対応、食材管理、通知、AIは別項目なので、アプリの対応型番表と機能対応表の両方が必要。
panasonic,パナソニック,NR-E45RY3,panasonic-nre45ry3,smart,9. スマホ連携・IoT,iot-monitoring,通知・見守り・遠隔操作,低,Panasonic 冷蔵庫カタログ 2026春夏,公式仕様表・2026春夏カタログ,確認済み一次資料に型番単位の明記なし,メーカー公式アプリ対応機種一覧、ネットワーク設定ガイド、アプリ機能一覧,Wi-Fi搭載とアプリ対応、食材管理、通知、AIは別項目なので、アプリの対応型番表と機能対応表の両方が必要。
panasonic,パナソニック,NR-E45RY3,panasonic-nre45ry3,smart,9. スマホ連携・IoT,iot-ai,AI・音声連携,低,Panasonic 冷蔵庫カタログ 2026春夏,公式仕様表・2026春夏カタログ,確認済み一次資料に型番単位の明記なし,メーカー公式アプリ対応機種一覧、ネットワーク設定ガイド、アプリ機能一覧,Wi-Fi搭載とアプリ対応、食材管理、通知、AIは別項目なので、アプリの対応型番表と機能対応表の両方が必要。
panasonic,パナソニック,NR-F45HY2,panasonic-nrf45hy2,basic,1. 基本情報,colors,カラー,中,Panasonic 冷蔵庫カタログ 2025秋冬,公式仕様表・2025秋冬カタログ,確認済み一次資料に型番単位の明記なし,当該年式の公式商品ページ（アーカイブを含む）または色記号入り価格表,色名・発売月・シリーズ呼称は、総合カタログより個別商品ページや販売店向け価格表の方が型番単位で明記される可能性が高い。
panasonic,パナソニック,NR-F45HY2,panasonic-nrf45hy2,refrigeration,4. 冷蔵機能,door-pocket,ドアポケット,低,Panasonic 冷蔵庫カタログ 2025秋冬,公式仕様表・2025秋冬カタログ,確認済み一次資料に型番単位の明記なし,取扱説明書のチルド設定・棚組み替え・ドアポケット部品一覧、公式鮮度試験ページ,チルドの温度・保存期間と、棚やドアポケットの型番別構成は、機能訴求ページだけでなく説明書の設定・部品一覧で確定できる。
panasonic,パナソニック,NR-F45HY2,panasonic-nrf45hy2,refrigeration,4. 冷蔵機能,fridge-other,その他,低,Panasonic 冷蔵庫カタログ 2025秋冬,公式仕様表・2025秋冬カタログ,確認済み一次資料に型番単位の明記なし,取扱説明書のチルド設定・棚組み替え・ドアポケット部品一覧、公式鮮度試験ページ,チルドの温度・保存期間と、棚やドアポケットの型番別構成は、機能訴求ページだけでなく説明書の設定・部品一覧で確定できる。
panasonic,パナソニック,NR-F45HY2,panasonic-nrf45hy2,freezing,5. 冷凍機能,frost-control,霜付き防止機能,低,Panasonic 冷蔵庫カタログ 2025秋冬,公式仕様表・2025秋冬カタログ,確認済み一次資料に型番単位の明記なし,型番別の冷凍・製氷機能比較表、冷凍室断面図、取扱説明書の運転モード一覧,特殊冷凍、小冷凍室、霜対策、収納段数、独立製氷室は別項目なので、型番別比較表と室構成図の両方が必要。
panasonic,パナソニック,NR-F45HY2,panasonic-nrf45hy2,freezing,5. 冷凍機能,freezer-other,その他,低,Panasonic 冷蔵庫カタログ 2025秋冬,公式仕様表・2025秋冬カタログ,確認済み一次資料に型番単位の明記なし,型番別の冷凍・製氷機能比較表、冷凍室断面図、取扱説明書の運転モード一覧,特殊冷凍、小冷凍室、霜対策、収納段数、独立製氷室は別項目なので、型番別比較表と室構成図の両方が必要。
panasonic,パナソニック,NR-F45HY2,panasonic-nrf45hy2,clean,7. 清潔・お手入れ,maintenance,お手入れ,低,Panasonic 冷蔵庫カタログ 2025秋冬,公式仕様表・2025秋冬カタログ,確認済み一次資料に型番単位の明記なし,公式機能比較表、除菌／抗菌の試験注記、取扱説明書のお手入れ章,脱臭・除菌・抗菌は意味が異なるため、試験対象部位と試験方法が明記された一次資料が必要。
panasonic,パナソニック,NR-F45HY3,panasonic-nrf45hy3,basic,1. 基本情報,colors,カラー,中,Panasonic 冷蔵庫カタログ 2026春夏,公式仕様表・2026春夏カタログ,確認済み一次資料に型番単位の明記なし,当該年式の公式商品ページ（アーカイブを含む）または色記号入り価格表,色名・発売月・シリーズ呼称は、総合カタログより個別商品ページや販売店向け価格表の方が型番単位で明記される可能性が高い。
panasonic,パナソニック,NR-F45HY3,panasonic-nrf45hy3,refrigeration,4. 冷蔵機能,door-pocket,ドアポケット,低,Panasonic 冷蔵庫カタログ 2026春夏,公式仕様表・2026春夏カタログ,確認済み一次資料に型番単位の明記なし,取扱説明書のチルド設定・棚組み替え・ドアポケット部品一覧、公式鮮度試験ページ,チルドの温度・保存期間と、棚やドアポケットの型番別構成は、機能訴求ページだけでなく説明書の設定・部品一覧で確定できる。
panasonic,パナソニック,NR-F45HY3,panasonic-nrf45hy3,refrigeration,4. 冷蔵機能,fridge-other,その他,低,Panasonic 冷蔵庫カタログ 2026春夏,公式仕様表・2026春夏カタログ,確認済み一次資料に型番単位の明記なし,取扱説明書のチルド設定・棚組み替え・ドアポケット部品一覧、公式鮮度試験ページ,チルドの温度・保存期間と、棚やドアポケットの型番別構成は、機能訴求ページだけでなく説明書の設定・部品一覧で確定できる。
panasonic,パナソニック,NR-F45HY3,panasonic-nrf45hy3,freezing,5. 冷凍機能,freezer-other,その他,低,Panasonic 冷蔵庫カタログ 2026春夏,公式仕様表・2026春夏カタログ,確認済み一次資料に型番単位の明記なし,型番別の冷凍・製氷機能比較表、冷凍室断面図、取扱説明書の運転モード一覧,特殊冷凍、小冷凍室、霜対策、収納段数、独立製氷室は別項目なので、型番別比較表と室構成図の両方が必要。
panasonic,パナソニック,NR-F45HY3,panasonic-nrf45hy3,clean,7. 清潔・お手入れ,maintenance,お手入れ,低,Panasonic 冷蔵庫カタログ 2026春夏,公式仕様表・2026春夏カタログ,確認済み一次資料に型番単位の明記なし,公式機能比較表、除菌／抗菌の試験注記、取扱説明書のお手入れ章,脱臭・除菌・抗菌は意味が異なるため、試験対象部位と試験方法が明記された一次資料が必要。
panasonic,パナソニック,NR-E41RY3,panasonic-nre41ry3,basic,1. 基本情報,colors,カラー,中,Panasonic 冷蔵庫カタログ 2026春夏,公式仕様表・2026春夏カタログ,確認済み一次資料に型番単位の明記なし,当該年式の公式商品ページ（アーカイブを含む）または色記号入り価格表,色名・発売月・シリーズ呼称は、総合カタログより個別商品ページや販売店向け価格表の方が型番単位で明記される可能性が高い。
panasonic,パナソニック,NR-E41RY3,panasonic-nre41ry3,refrigeration,4. 冷蔵機能,door-pocket,ドアポケット,低,Panasonic 冷蔵庫カタログ 2026春夏,公式仕様表・2026春夏カタログ,確認済み一次資料に型番単位の明記なし,取扱説明書のチルド設定・棚組み替え・ドアポケット部品一覧、公式鮮度試験ページ,チルドの温度・保存期間と、棚やドアポケットの型番別構成は、機能訴求ページだけでなく説明書の設定・部品一覧で確定できる。
panasonic,パナソニック,NR-E41RY3,panasonic-nre41ry3,refrigeration,4. 冷蔵機能,fridge-other,その他,低,Panasonic 冷蔵庫カタログ 2026春夏,公式仕様表・2026春夏カタログ,確認済み一次資料に型番単位の明記なし,取扱説明書のチルド設定・棚組み替え・ドアポケット部品一覧、公式鮮度試験ページ,チルドの温度・保存期間と、棚やドアポケットの型番別構成は、機能訴求ページだけでなく説明書の設定・部品一覧で確定できる。
panasonic,パナソニック,NR-E41RY3,panasonic-nre41ry3,freezing,5. 冷凍機能,freezer-other,その他,低,Panasonic 冷蔵庫カタログ 2026春夏,公式仕様表・2026春夏カタログ,確認済み一次資料に型番単位の明記なし,型番別の冷凍・製氷機能比較表、冷凍室断面図、取扱説明書の運転モード一覧,特殊冷凍、小冷凍室、霜対策、収納段数、独立製氷室は別項目なので、型番別比較表と室構成図の両方が必要。
panasonic,パナソニック,NR-E41RY3,panasonic-nre41ry3,clean,7. 清潔・お手入れ,maintenance,お手入れ,低,Panasonic 冷蔵庫カタログ 2026春夏,公式仕様表・2026春夏カタログ,確認済み一次資料に型番単位の明記なし,公式機能比較表、除菌／抗菌の試験注記、取扱説明書のお手入れ章,脱臭・除菌・抗菌は意味が異なるため、試験対象部位と試験方法が明記された一次資料が必要。
panasonic,パナソニック,NR-E41RY3,panasonic-nre41ry3,smart,9. スマホ連携・IoT,iot-connectivity,通信・対応アプリ,低,Panasonic 冷蔵庫カタログ 2026春夏,公式仕様表・2026春夏カタログ,確認済み一次資料に型番単位の明記なし,メーカー公式アプリ対応機種一覧、ネットワーク設定ガイド、アプリ機能一覧,Wi-Fi搭載とアプリ対応、食材管理、通知、AIは別項目なので、アプリの対応型番表と機能対応表の両方が必要。
panasonic,パナソニック,NR-E41RY3,panasonic-nre41ry3,smart,9. スマホ連携・IoT,iot-monitoring,通知・見守り・遠隔操作,低,Panasonic 冷蔵庫カタログ 2026春夏,公式仕様表・2026春夏カタログ,確認済み一次資料に型番単位の明記なし,メーカー公式アプリ対応機種一覧、ネットワーク設定ガイド、アプリ機能一覧,Wi-Fi搭載とアプリ対応、食材管理、通知、AIは別項目なので、アプリの対応型番表と機能対応表の両方が必要。
panasonic,パナソニック,NR-E41RY3,panasonic-nre41ry3,smart,9. スマホ連携・IoT,iot-ai,AI・音声連携,低,Panasonic 冷蔵庫カタログ 2026春夏,公式仕様表・2026春夏カタログ,確認済み一次資料に型番単位の明記なし,メーカー公式アプリ対応機種一覧、ネットワーク設定ガイド、アプリ機能一覧,Wi-Fi搭載とアプリ対応、食材管理、通知、AIは別項目なので、アプリの対応型番表と機能対応表の両方が必要。
panasonic,パナソニック,NR-C374GC,panasonic-nrc374gc,basic,1. 基本情報,colors,カラー,中,Panasonic 冷蔵庫 公式仕様ページ,公式仕様ページ,対象年式が提供カタログ外、または型番別対応表が不足,当該年式の公式商品ページ（アーカイブを含む）または色記号入り価格表,色名・発売月・シリーズ呼称は、総合カタログより個別商品ページや販売店向け価格表の方が型番単位で明記される可能性が高い。
panasonic,パナソニック,NR-C374GC,panasonic-nrc374gc,refrigeration,4. 冷蔵機能,fridge-storage,扉・棚・収納,低,Panasonic 冷蔵庫 公式仕様ページ,公式仕様ページ,対象年式が提供カタログ外、または型番別対応表が不足,取扱説明書のチルド設定・棚組み替え・ドアポケット部品一覧、公式鮮度試験ページ,チルドの温度・保存期間と、棚やドアポケットの型番別構成は、機能訴求ページだけでなく説明書の設定・部品一覧で確定できる。
panasonic,パナソニック,NR-C374GC,panasonic-nrc374gc,refrigeration,4. 冷蔵機能,door-pocket,ドアポケット,低,Panasonic 冷蔵庫 公式仕様ページ,公式仕様ページ,対象年式が提供カタログ外、または型番別対応表が不足,取扱説明書のチルド設定・棚組み替え・ドアポケット部品一覧、公式鮮度試験ページ,チルドの温度・保存期間と、棚やドアポケットの型番別構成は、機能訴求ページだけでなく説明書の設定・部品一覧で確定できる。
panasonic,パナソニック,NR-C374GC,panasonic-nrc374gc,refrigeration,4. 冷蔵機能,fridge-other,その他,低,Panasonic 冷蔵庫 公式仕様ページ,公式仕様ページ,対象年式が提供カタログ外、または型番別対応表が不足,取扱説明書のチルド設定・棚組み替え・ドアポケット部品一覧、公式鮮度試験ページ,チルドの温度・保存期間と、棚やドアポケットの型番別構成は、機能訴求ページだけでなく説明書の設定・部品一覧で確定できる。
panasonic,パナソニック,NR-C374GC,panasonic-nrc374gc,freezing,5. 冷凍機能,special-freezing,特殊冷凍機能,低,Panasonic 冷蔵庫 公式仕様ページ,公式仕様ページ,対象年式が提供カタログ外、または型番別対応表が不足,型番別の冷凍・製氷機能比較表、冷凍室断面図、取扱説明書の運転モード一覧,特殊冷凍、小冷凍室、霜対策、収納段数、独立製氷室は別項目なので、型番別比較表と室構成図の両方が必要。
panasonic,パナソニック,NR-C374GC,panasonic-nrc374gc,freezing,5. 冷凍機能,frost-control,霜付き防止機能,低,Panasonic 冷蔵庫 公式仕様ページ,公式仕様ページ,対象年式が提供カタログ外、または型番別対応表が不足,型番別の冷凍・製氷機能比較表、冷凍室断面図、取扱説明書の運転モード一覧,特殊冷凍、小冷凍室、霜対策、収納段数、独立製氷室は別項目なので、型番別比較表と室構成図の両方が必要。
panasonic,パナソニック,NR-C374GC,panasonic-nrc374gc,freezing,5. 冷凍機能,freezer-storage,冷凍収納性,低,Panasonic 冷蔵庫 公式仕様ページ,公式仕様ページ,対象年式が提供カタログ外、または型番別対応表が不足,型番別の冷凍・製氷機能比較表、冷凍室断面図、取扱説明書の運転モード一覧,特殊冷凍、小冷凍室、霜対策、収納段数、独立製氷室は別項目なので、型番別比較表と室構成図の両方が必要。
panasonic,パナソニック,NR-C374GC,panasonic-nrc374gc,freezing,5. 冷凍機能,freezer-other,その他,低,Panasonic 冷蔵庫 公式仕様ページ,公式仕様ページ,対象年式が提供カタログ外、または型番別対応表が不足,型番別の冷凍・製氷機能比較表、冷凍室断面図、取扱説明書の運転モード一覧,特殊冷凍、小冷凍室、霜対策、収納段数、独立製氷室は別項目なので、型番別比較表と室構成図の両方が必要。
panasonic,パナソニック,NR-C374GC,panasonic-nrc374gc,clean,7. 清潔・お手入れ,maintenance,お手入れ,低,Panasonic 冷蔵庫 公式仕様ページ,公式仕様ページ,対象年式が提供カタログ外、または型番別対応表が不足,公式機能比較表、除菌／抗菌の試験注記、取扱説明書のお手入れ章,脱臭・除菌・抗菌は意味が異なるため、試験対象部位と試験方法が明記された一次資料が必要。
panasonic,パナソニック,NR-C374GC,panasonic-nrc374gc,smart,9. スマホ連携・IoT,iot-connectivity,通信・対応アプリ,低,Panasonic 冷蔵庫 公式仕様ページ,公式仕様ページ,対象年式が提供カタログ外、または型番別対応表が不足,メーカー公式アプリ対応機種一覧、ネットワーク設定ガイド、アプリ機能一覧,Wi-Fi搭載とアプリ対応、食材管理、通知、AIは別項目なので、アプリの対応型番表と機能対応表の両方が必要。
panasonic,パナソニック,NR-C374GC,panasonic-nrc374gc,smart,9. スマホ連携・IoT,iot-food,食材管理・庫内確認,低,Panasonic 冷蔵庫 公式仕様ページ,公式仕様ページ,対象年式が提供カタログ外、または型番別対応表が不足,メーカー公式アプリ対応機種一覧、ネットワーク設定ガイド、アプリ機能一覧,Wi-Fi搭載とアプリ対応、食材管理、通知、AIは別項目なので、アプリの対応型番表と機能対応表の両方が必要。
panasonic,パナソニック,NR-C374GC,panasonic-nrc374gc,smart,9. スマホ連携・IoT,iot-monitoring,通知・見守り・遠隔操作,低,Panasonic 冷蔵庫 公式仕様ページ,公式仕様ページ,対象年式が提供カタログ外、または型番別対応表が不足,メーカー公式アプリ対応機種一覧、ネットワーク設定ガイド、アプリ機能一覧,Wi-Fi搭載とアプリ対応、食材管理、通知、AIは別項目なので、アプリの対応型番表と機能対応表の両方が必要。
panasonic,パナソニック,NR-C374GC,panasonic-nrc374gc,smart,9. スマホ連携・IoT,iot-ai,AI・音声連携,低,Panasonic 冷蔵庫 公式仕様ページ,公式仕様ページ,対象年式が提供カタログ外、または型番別対応表が不足,メーカー公式アプリ対応機種一覧、ネットワーク設定ガイド、アプリ機能一覧,Wi-Fi搭載とアプリ対応、食材管理、通知、AIは別項目なので、アプリの対応型番表と機能対応表の両方が必要。
panasonic,パナソニック,NR-C37ES1,panasonic-nrc37es1,refrigeration,4. 冷蔵機能,door-pocket,ドアポケット,低,Panasonic 冷蔵庫 公式仕様ページ,公式仕様ページ,対象年式が提供カタログ外、または型番別対応表が不足,取扱説明書のチルド設定・棚組み替え・ドアポケット部品一覧、公式鮮度試験ページ,チルドの温度・保存期間と、棚やドアポケットの型番別構成は、機能訴求ページだけでなく説明書の設定・部品一覧で確定できる。
panasonic,パナソニック,NR-C37ES1,panasonic-nrc37es1,refrigeration,4. 冷蔵機能,fridge-other,その他,低,Panasonic 冷蔵庫 公式仕様ページ,公式仕様ページ,対象年式が提供カタログ外、または型番別対応表が不足,取扱説明書のチルド設定・棚組み替え・ドアポケット部品一覧、公式鮮度試験ページ,チルドの温度・保存期間と、棚やドアポケットの型番別構成は、機能訴求ページだけでなく説明書の設定・部品一覧で確定できる。
panasonic,パナソニック,NR-C37ES1,panasonic-nrc37es1,freezing,5. 冷凍機能,special-freezing,特殊冷凍機能,低,Panasonic 冷蔵庫 公式仕様ページ,公式仕様ページ,対象年式が提供カタログ外、または型番別対応表が不足,型番別の冷凍・製氷機能比較表、冷凍室断面図、取扱説明書の運転モード一覧,特殊冷凍、小冷凍室、霜対策、収納段数、独立製氷室は別項目なので、型番別比較表と室構成図の両方が必要。
panasonic,パナソニック,NR-C37ES1,panasonic-nrc37es1,freezing,5. 冷凍機能,frost-control,霜付き防止機能,低,Panasonic 冷蔵庫 公式仕様ページ,公式仕様ページ,対象年式が提供カタログ外、または型番別対応表が不足,型番別の冷凍・製氷機能比較表、冷凍室断面図、取扱説明書の運転モード一覧,特殊冷凍、小冷凍室、霜対策、収納段数、独立製氷室は別項目なので、型番別比較表と室構成図の両方が必要。
panasonic,パナソニック,NR-C37ES1,panasonic-nrc37es1,freezing,5. 冷凍機能,freezer-storage,冷凍収納性,低,Panasonic 冷蔵庫 公式仕様ページ,公式仕様ページ,対象年式が提供カタログ外、または型番別対応表が不足,型番別の冷凍・製氷機能比較表、冷凍室断面図、取扱説明書の運転モード一覧,特殊冷凍、小冷凍室、霜対策、収納段数、独立製氷室は別項目なので、型番別比較表と室構成図の両方が必要。
panasonic,パナソニック,NR-C37ES1,panasonic-nrc37es1,freezing,5. 冷凍機能,freezer-other,その他,低,Panasonic 冷蔵庫 公式仕様ページ,公式仕様ページ,対象年式が提供カタログ外、または型番別対応表が不足,型番別の冷凍・製氷機能比較表、冷凍室断面図、取扱説明書の運転モード一覧,特殊冷凍、小冷凍室、霜対策、収納段数、独立製氷室は別項目なので、型番別比較表と室構成図の両方が必要。
panasonic,パナソニック,NR-C37ES1,panasonic-nrc37es1,clean,7. 清潔・お手入れ,clean-air,脱臭・除菌・抗菌,低,Panasonic 冷蔵庫 公式仕様ページ,公式仕様ページ,対象年式が提供カタログ外、または型番別対応表が不足,公式機能比較表、除菌／抗菌の試験注記、取扱説明書のお手入れ章,脱臭・除菌・抗菌は意味が異なるため、試験対象部位と試験方法が明記された一次資料が必要。
panasonic,パナソニック,NR-C37ES1,panasonic-nrc37es1,clean,7. 清潔・お手入れ,maintenance,お手入れ,低,Panasonic 冷蔵庫 公式仕様ページ,公式仕様ページ,対象年式が提供カタログ外、または型番別対応表が不足,公式機能比較表、除菌／抗菌の試験注記、取扱説明書のお手入れ章,脱臭・除菌・抗菌は意味が異なるため、試験対象部位と試験方法が明記された一次資料が必要。
panasonic,パナソニック,NR-C37ES1,panasonic-nrc37es1,smart,9. スマホ連携・IoT,iot-connectivity,通信・対応アプリ,低,Panasonic 冷蔵庫 公式仕様ページ,公式仕様ページ,対象年式が提供カタログ外、または型番別対応表が不足,メーカー公式アプリ対応機種一覧、ネットワーク設定ガイド、アプリ機能一覧,Wi-Fi搭載とアプリ対応、食材管理、通知、AIは別項目なので、アプリの対応型番表と機能対応表の両方が必要。
panasonic,パナソニック,NR-C37ES1,panasonic-nrc37es1,smart,9. スマホ連携・IoT,iot-food,食材管理・庫内確認,低,Panasonic 冷蔵庫 公式仕様ページ,公式仕様ページ,対象年式が提供カタログ外、または型番別対応表が不足,メーカー公式アプリ対応機種一覧、ネットワーク設定ガイド、アプリ機能一覧,Wi-Fi搭載とアプリ対応、食材管理、通知、AIは別項目なので、アプリの対応型番表と機能対応表の両方が必要。
panasonic,パナソニック,NR-C37ES1,panasonic-nrc37es1,smart,9. スマホ連携・IoT,iot-monitoring,通知・見守り・遠隔操作,低,Panasonic 冷蔵庫 公式仕様ページ,公式仕様ページ,対象年式が提供カタログ外、または型番別対応表が不足,メーカー公式アプリ対応機種一覧、ネットワーク設定ガイド、アプリ機能一覧,Wi-Fi搭載とアプリ対応、食材管理、通知、AIは別項目なので、アプリの対応型番表と機能対応表の両方が必要。
panasonic,パナソニック,NR-C37ES1,panasonic-nrc37es1,smart,9. スマホ連携・IoT,iot-ai,AI・音声連携,低,Panasonic 冷蔵庫 公式仕様ページ,公式仕様ページ,対象年式が提供カタログ外、または型番別対応表が不足,メーカー公式アプリ対応機種一覧、ネットワーク設定ガイド、アプリ機能一覧,Wi-Fi搭載とアプリ対応、食材管理、通知、AIは別項目なので、アプリの対応型番表と機能対応表の両方が必要。
panasonic,パナソニック,NR-C37ES2,panasonic-nrc37es2,refrigeration,4. 冷蔵機能,door-pocket,ドアポケット,低,Panasonic 冷蔵庫カタログ 2025秋冬,公式仕様表・2025秋冬カタログ,確認済み一次資料に型番単位の明記なし,取扱説明書のチルド設定・棚組み替え・ドアポケット部品一覧、公式鮮度試験ページ,チルドの温度・保存期間と、棚やドアポケットの型番別構成は、機能訴求ページだけでなく説明書の設定・部品一覧で確定できる。
panasonic,パナソニック,NR-C37ES2,panasonic-nrc37es2,refrigeration,4. 冷蔵機能,fridge-other,その他,低,Panasonic 冷蔵庫カタログ 2025秋冬,公式仕様表・2025秋冬カタログ,確認済み一次資料に型番単位の明記なし,取扱説明書のチルド設定・棚組み替え・ドアポケット部品一覧、公式鮮度試験ページ,チルドの温度・保存期間と、棚やドアポケットの型番別構成は、機能訴求ページだけでなく説明書の設定・部品一覧で確定できる。
panasonic,パナソニック,NR-C37ES2,panasonic-nrc37es2,freezing,5. 冷凍機能,special-freezing,特殊冷凍機能,低,Panasonic 冷蔵庫カタログ 2025秋冬,公式仕様表・2025秋冬カタログ,確認済み一次資料に型番単位の明記なし,型番別の冷凍・製氷機能比較表、冷凍室断面図、取扱説明書の運転モード一覧,特殊冷凍、小冷凍室、霜対策、収納段数、独立製氷室は別項目なので、型番別比較表と室構成図の両方が必要。
panasonic,パナソニック,NR-C37ES2,panasonic-nrc37es2,freezing,5. 冷凍機能,frost-control,霜付き防止機能,低,Panasonic 冷蔵庫カタログ 2025秋冬,公式仕様表・2025秋冬カタログ,確認済み一次資料に型番単位の明記なし,型番別の冷凍・製氷機能比較表、冷凍室断面図、取扱説明書の運転モード一覧,特殊冷凍、小冷凍室、霜対策、収納段数、独立製氷室は別項目なので、型番別比較表と室構成図の両方が必要。
panasonic,パナソニック,NR-C37ES2,panasonic-nrc37es2,freezing,5. 冷凍機能,freezer-storage,冷凍収納性,低,Panasonic 冷蔵庫カタログ 2025秋冬,公式仕様表・2025秋冬カタログ,確認済み一次資料に型番単位の明記なし,型番別の冷凍・製氷機能比較表、冷凍室断面図、取扱説明書の運転モード一覧,特殊冷凍、小冷凍室、霜対策、収納段数、独立製氷室は別項目なので、型番別比較表と室構成図の両方が必要。
panasonic,パナソニック,NR-C37ES2,panasonic-nrc37es2,freezing,5. 冷凍機能,freezer-other,その他,低,Panasonic 冷蔵庫カタログ 2025秋冬,公式仕様表・2025秋冬カタログ,確認済み一次資料に型番単位の明記なし,型番別の冷凍・製氷機能比較表、冷凍室断面図、取扱説明書の運転モード一覧,特殊冷凍、小冷凍室、霜対策、収納段数、独立製氷室は別項目なので、型番別比較表と室構成図の両方が必要。
panasonic,パナソニック,NR-C37ES2,panasonic-nrc37es2,clean,7. 清潔・お手入れ,clean-air,脱臭・除菌・抗菌,低,Panasonic 冷蔵庫カタログ 2025秋冬,公式仕様表・2025秋冬カタログ,確認済み一次資料に型番単位の明記なし,公式機能比較表、除菌／抗菌の試験注記、取扱説明書のお手入れ章,脱臭・除菌・抗菌は意味が異なるため、試験対象部位と試験方法が明記された一次資料が必要。
panasonic,パナソニック,NR-C37ES2,panasonic-nrc37es2,clean,7. 清潔・お手入れ,maintenance,お手入れ,低,Panasonic 冷蔵庫カタログ 2025秋冬,公式仕様表・2025秋冬カタログ,確認済み一次資料に型番単位の明記なし,公式機能比較表、除菌／抗菌の試験注記、取扱説明書のお手入れ章,脱臭・除菌・抗菌は意味が異なるため、試験対象部位と試験方法が明記された一次資料が必要。
panasonic,パナソニック,NR-C37ES2,panasonic-nrc37es2,smart,9. スマホ連携・IoT,iot-connectivity,通信・対応アプリ,低,Panasonic 冷蔵庫カタログ 2025秋冬,公式仕様表・2025秋冬カタログ,確認済み一次資料に型番単位の明記なし,メーカー公式アプリ対応機種一覧、ネットワーク設定ガイド、アプリ機能一覧,Wi-Fi搭載とアプリ対応、食材管理、通知、AIは別項目なので、アプリの対応型番表と機能対応表の両方が必要。
panasonic,パナソニック,NR-C37ES2,panasonic-nrc37es2,smart,9. スマホ連携・IoT,iot-food,食材管理・庫内確認,低,Panasonic 冷蔵庫カタログ 2025秋冬,公式仕様表・2025秋冬カタログ,確認済み一次資料に型番単位の明記なし,メーカー公式アプリ対応機種一覧、ネットワーク設定ガイド、アプリ機能一覧,Wi-Fi搭載とアプリ対応、食材管理、通知、AIは別項目なので、アプリの対応型番表と機能対応表の両方が必要。
panasonic,パナソニック,NR-C37ES2,panasonic-nrc37es2,smart,9. スマホ連携・IoT,iot-monitoring,通知・見守り・遠隔操作,低,Panasonic 冷蔵庫カタログ 2025秋冬,公式仕様表・2025秋冬カタログ,確認済み一次資料に型番単位の明記なし,メーカー公式アプリ対応機種一覧、ネットワーク設定ガイド、アプリ機能一覧,Wi-Fi搭載とアプリ対応、食材管理、通知、AIは別項目なので、アプリの対応型番表と機能対応表の両方が必要。
panasonic,パナソニック,NR-C37ES2,panasonic-nrc37es2,smart,9. スマホ連携・IoT,iot-ai,AI・音声連携,低,Panasonic 冷蔵庫カタログ 2025秋冬,公式仕様表・2025秋冬カタログ,確認済み一次資料に型番単位の明記なし,メーカー公式アプリ対応機種一覧、ネットワーク設定ガイド、アプリ機能一覧,Wi-Fi搭載とアプリ対応、食材管理、通知、AIは別項目なので、アプリの対応型番表と機能対応表の両方が必要。
panasonic,パナソニック,NR-C37WS2 / WS2L,panasonic-nr-c37ws2,size,2. サイズ・容量,chilled-capacity,チルドルーム容量,低,Panasonic 冷蔵庫カタログ 2025秋冬,公式仕様表・2025秋冬カタログ,確認済み一次資料に型番単位の明記なし,公式仕様表、銘板画像、取扱説明書末尾の仕様欄,外形寸法・質量・室容量・省エネ基準値は、取扱説明書の仕様欄または本体銘板で確定できる。
panasonic,パナソニック,NR-C37WS2 / WS2L,panasonic-nr-c37ws2,refrigeration,4. 冷蔵機能,door-pocket,ドアポケット,低,Panasonic 冷蔵庫カタログ 2025秋冬,公式仕様表・2025秋冬カタログ,確認済み一次資料に型番単位の明記なし,取扱説明書のチルド設定・棚組み替え・ドアポケット部品一覧、公式鮮度試験ページ,チルドの温度・保存期間と、棚やドアポケットの型番別構成は、機能訴求ページだけでなく説明書の設定・部品一覧で確定できる。
panasonic,パナソニック,NR-C37WS2 / WS2L,panasonic-nr-c37ws2,refrigeration,4. 冷蔵機能,fridge-other,その他,低,Panasonic 冷蔵庫カタログ 2025秋冬,公式仕様表・2025秋冬カタログ,確認済み一次資料に型番単位の明記なし,取扱説明書のチルド設定・棚組み替え・ドアポケット部品一覧、公式鮮度試験ページ,チルドの温度・保存期間と、棚やドアポケットの型番別構成は、機能訴求ページだけでなく説明書の設定・部品一覧で確定できる。
panasonic,パナソニック,NR-C37WS2 / WS2L,panasonic-nr-c37ws2,freezing,5. 冷凍機能,special-freezing,特殊冷凍機能,低,Panasonic 冷蔵庫カタログ 2025秋冬,公式仕様表・2025秋冬カタログ,確認済み一次資料に型番単位の明記なし,型番別の冷凍・製氷機能比較表、冷凍室断面図、取扱説明書の運転モード一覧,特殊冷凍、小冷凍室、霜対策、収納段数、独立製氷室は別項目なので、型番別比較表と室構成図の両方が必要。
panasonic,パナソニック,NR-C37WS2 / WS2L,panasonic-nr-c37ws2,freezing,5. 冷凍機能,frost-control,霜付き防止機能,低,Panasonic 冷蔵庫カタログ 2025秋冬,公式仕様表・2025秋冬カタログ,確認済み一次資料に型番単位の明記なし,型番別の冷凍・製氷機能比較表、冷凍室断面図、取扱説明書の運転モード一覧,特殊冷凍、小冷凍室、霜対策、収納段数、独立製氷室は別項目なので、型番別比較表と室構成図の両方が必要。
panasonic,パナソニック,NR-C37WS2 / WS2L,panasonic-nr-c37ws2,freezing,5. 冷凍機能,freezer-other,その他,低,Panasonic 冷蔵庫カタログ 2025秋冬,公式仕様表・2025秋冬カタログ,確認済み一次資料に型番単位の明記なし,型番別の冷凍・製氷機能比較表、冷凍室断面図、取扱説明書の運転モード一覧,特殊冷凍、小冷凍室、霜対策、収納段数、独立製氷室は別項目なので、型番別比較表と室構成図の両方が必要。
panasonic,パナソニック,NR-C37WS2 / WS2L,panasonic-nr-c37ws2,clean,7. 清潔・お手入れ,maintenance,お手入れ,低,Panasonic 冷蔵庫カタログ 2025秋冬,公式仕様表・2025秋冬カタログ,確認済み一次資料に型番単位の明記なし,公式機能比較表、除菌／抗菌の試験注記、取扱説明書のお手入れ章,脱臭・除菌・抗菌は意味が異なるため、試験対象部位と試験方法が明記された一次資料が必要。
panasonic,パナソニック,NR-C37WS2 / WS2L,panasonic-nr-c37ws2,smart,9. スマホ連携・IoT,iot-connectivity,通信・対応アプリ,低,Panasonic 冷蔵庫カタログ 2025秋冬,公式仕様表・2025秋冬カタログ,確認済み一次資料に型番単位の明記なし,メーカー公式アプリ対応機種一覧、ネットワーク設定ガイド、アプリ機能一覧,Wi-Fi搭載とアプリ対応、食材管理、通知、AIは別項目なので、アプリの対応型番表と機能対応表の両方が必要。
panasonic,パナソニック,NR-C37WS2 / WS2L,panasonic-nr-c37ws2,smart,9. スマホ連携・IoT,iot-food,食材管理・庫内確認,低,Panasonic 冷蔵庫カタログ 2025秋冬,公式仕様表・2025秋冬カタログ,確認済み一次資料に型番単位の明記なし,メーカー公式アプリ対応機種一覧、ネットワーク設定ガイド、アプリ機能一覧,Wi-Fi搭載とアプリ対応、食材管理、通知、AIは別項目なので、アプリの対応型番表と機能対応表の両方が必要。
panasonic,パナソニック,NR-C37WS2 / WS2L,panasonic-nr-c37ws2,smart,9. スマホ連携・IoT,iot-monitoring,通知・見守り・遠隔操作,低,Panasonic 冷蔵庫カタログ 2025秋冬,公式仕様表・2025秋冬カタログ,確認済み一次資料に型番単位の明記なし,メーカー公式アプリ対応機種一覧、ネットワーク設定ガイド、アプリ機能一覧,Wi-Fi搭載とアプリ対応、食材管理、通知、AIは別項目なので、アプリの対応型番表と機能対応表の両方が必要。
panasonic,パナソニック,NR-C37WS2 / WS2L,panasonic-nr-c37ws2,smart,9. スマホ連携・IoT,iot-ai,AI・音声連携,低,Panasonic 冷蔵庫カタログ 2025秋冬,公式仕様表・2025秋冬カタログ,確認済み一次資料に型番単位の明記なし,メーカー公式アプリ対応機種一覧、ネットワーク設定ガイド、アプリ機能一覧,Wi-Fi搭載とアプリ対応、食材管理、通知、AIは別項目なので、アプリの対応型番表と機能対応表の両方が必要。
panasonic,パナソニック,NR-B18C3,panasonic-nr-b18c3,refrigeration,4. 冷蔵機能,chilled-function,チルド機能,低,Panasonic 冷蔵庫カタログ 2026春夏,10–11,確認済み一次資料に型番単位の明記なし,取扱説明書のチルド設定・棚組み替え・ドアポケット部品一覧、公式鮮度試験ページ,チルドの温度・保存期間と、棚やドアポケットの型番別構成は、機能訴求ページだけでなく説明書の設定・部品一覧で確定できる。
panasonic,パナソニック,NR-B18C3,panasonic-nr-b18c3,refrigeration,4. 冷蔵機能,fridge-storage,扉・棚・収納,低,Panasonic 冷蔵庫カタログ 2026春夏,10–11,確認済み一次資料に型番単位の明記なし,取扱説明書のチルド設定・棚組み替え・ドアポケット部品一覧、公式鮮度試験ページ,チルドの温度・保存期間と、棚やドアポケットの型番別構成は、機能訴求ページだけでなく説明書の設定・部品一覧で確定できる。
panasonic,パナソニック,NR-B18C3,panasonic-nr-b18c3,refrigeration,4. 冷蔵機能,door-pocket,ドアポケット,低,Panasonic 冷蔵庫カタログ 2026春夏,10–11,確認済み一次資料に型番単位の明記なし,取扱説明書のチルド設定・棚組み替え・ドアポケット部品一覧、公式鮮度試験ページ,チルドの温度・保存期間と、棚やドアポケットの型番別構成は、機能訴求ページだけでなく説明書の設定・部品一覧で確定できる。
panasonic,パナソニック,NR-B18C3,panasonic-nr-b18c3,freezing,5. 冷凍機能,special-freezing,特殊冷凍機能,低,Panasonic 冷蔵庫カタログ 2026春夏,10–11,確認済み一次資料に型番単位の明記なし,型番別の冷凍・製氷機能比較表、冷凍室断面図、取扱説明書の運転モード一覧,特殊冷凍、小冷凍室、霜対策、収納段数、独立製氷室は別項目なので、型番別比較表と室構成図の両方が必要。
panasonic,パナソニック,NR-B18C3,panasonic-nr-b18c3,freezing,5. 冷凍機能,frost-control,霜付き防止機能,低,Panasonic 冷蔵庫カタログ 2026春夏,10–11,確認済み一次資料に型番単位の明記なし,型番別の冷凍・製氷機能比較表、冷凍室断面図、取扱説明書の運転モード一覧,特殊冷凍、小冷凍室、霜対策、収納段数、独立製氷室は別項目なので、型番別比較表と室構成図の両方が必要。
panasonic,パナソニック,NR-B18C3,panasonic-nr-b18c3,freezing,5. 冷凍機能,freezer-other,その他,低,Panasonic 冷蔵庫カタログ 2026春夏,10–11,確認済み一次資料に型番単位の明記なし,型番別の冷凍・製氷機能比較表、冷凍室断面図、取扱説明書の運転モード一覧,特殊冷凍、小冷凍室、霜対策、収納段数、独立製氷室は別項目なので、型番別比較表と室構成図の両方が必要。
panasonic,パナソニック,NR-B18C3,panasonic-nr-b18c3,vegetables,6. 野菜保存,vegetable-freshness,鮮度保存,低,Panasonic 冷蔵庫カタログ 2026春夏,10–11,確認済み一次資料に型番単位の明記なし,公式鮮度試験ページ、野菜室断面図、機能比較表,湿度制御・エチレン分解・密閉構造は別機能なので、試験条件または部材名まで示す公式技術ページが必要。
panasonic,パナソニック,NR-B18C3,panasonic-nr-b18c3,clean,7. 清潔・お手入れ,clean-air,脱臭・除菌・抗菌,低,Panasonic 冷蔵庫カタログ 2026春夏,10–11,確認済み一次資料に型番単位の明記なし,公式機能比較表、除菌／抗菌の試験注記、取扱説明書のお手入れ章,脱臭・除菌・抗菌は意味が異なるため、試験対象部位と試験方法が明記された一次資料が必要。
panasonic,パナソニック,NR-B18C3,panasonic-nr-b18c3,clean,7. 清潔・お手入れ,maintenance,お手入れ,低,Panasonic 冷蔵庫カタログ 2026春夏,10–11,確認済み一次資料に型番単位の明記なし,公式機能比較表、除菌／抗菌の試験注記、取扱説明書のお手入れ章,脱臭・除菌・抗菌は意味が異なるため、試験対象部位と試験方法が明記された一次資料が必要。
panasonic,パナソニック,NR-B18C3,panasonic-nr-b18c3,energy,8. 省エネ性,energy-ai,省エネ運転・AI学習,低,Panasonic 冷蔵庫カタログ 2026春夏,10–11,確認済み一次資料に型番単位の明記なし,公式仕様表、省エネラベル、型番別機能比較表,年間消費電力量は仕様表、AI・センサーの有無は機能比較表、達成率は統一省エネラベルで確定できる。
panasonic,パナソニック,NR-B18C3,panasonic-nr-b18c3,smart,9. スマホ連携・IoT,iot-connectivity,通信・対応アプリ,低,Panasonic 冷蔵庫カタログ 2026春夏,10–11,確認済み一次資料に型番単位の明記なし,メーカー公式アプリ対応機種一覧、ネットワーク設定ガイド、アプリ機能一覧,Wi-Fi搭載とアプリ対応、食材管理、通知、AIは別項目なので、アプリの対応型番表と機能対応表の両方が必要。
panasonic,パナソニック,NR-B18C3,panasonic-nr-b18c3,smart,9. スマホ連携・IoT,iot-food,食材管理・庫内確認,低,Panasonic 冷蔵庫カタログ 2026春夏,10–11,確認済み一次資料に型番単位の明記なし,メーカー公式アプリ対応機種一覧、ネットワーク設定ガイド、アプリ機能一覧,Wi-Fi搭載とアプリ対応、食材管理、通知、AIは別項目なので、アプリの対応型番表と機能対応表の両方が必要。
panasonic,パナソニック,NR-B18C3,panasonic-nr-b18c3,smart,9. スマホ連携・IoT,iot-monitoring,通知・見守り・遠隔操作,低,Panasonic 冷蔵庫カタログ 2026春夏,10–11,確認済み一次資料に型番単位の明記なし,メーカー公式アプリ対応機種一覧、ネットワーク設定ガイド、アプリ機能一覧,Wi-Fi搭載とアプリ対応、食材管理、通知、AIは別項目なので、アプリの対応型番表と機能対応表の両方が必要。
panasonic,パナソニック,NR-B18C3,panasonic-nr-b18c3,smart,9. スマホ連携・IoT,iot-ai,AI・音声連携,低,Panasonic 冷蔵庫カタログ 2026春夏,10–11,確認済み一次資料に型番単位の明記なし,メーカー公式アプリ対応機種一覧、ネットワーク設定ガイド、アプリ機能一覧,Wi-Fi搭載とアプリ対応、食材管理、通知、AIは別項目なので、アプリの対応型番表と機能対応表の両方が必要。
hitachi,日立,R-GXCC67X,hitachi-r-gxcc67x,basic,1. 基本情報,colors,カラー,中,HITACHI 2025年冷蔵庫公式資料,公式資料および2026カタログ仕様表,確認済み一次資料に型番単位の明記なし,当該年式の公式商品ページ（アーカイブを含む）または色記号入り価格表,色名・発売月・シリーズ呼称は、総合カタログより個別商品ページや販売店向け価格表の方が型番単位で明記される可能性が高い。
hitachi,日立,R-GXCC67X,hitachi-r-gxcc67x,freezing,5. 冷凍機能,freezer-other,その他,低,HITACHI 2025年冷蔵庫公式資料,公式資料および2026カタログ仕様表,確認済み一次資料に型番単位の明記なし,型番別の冷凍・製氷機能比較表、冷凍室断面図、取扱説明書の運転モード一覧,特殊冷凍、小冷凍室、霜対策、収納段数、独立製氷室は別項目なので、型番別比較表と室構成図の両方が必要。
hitachi,日立,R-GXCC67X,hitachi-r-gxcc67x,smart,9. スマホ連携・IoT,iot-monitoring,通知・見守り・遠隔操作,低,HITACHI 2025年冷蔵庫公式資料,公式資料および2026カタログ仕様表,確認済み一次資料に型番単位の明記なし,メーカー公式アプリ対応機種一覧、ネットワーク設定ガイド、アプリ機能一覧,Wi-Fi搭載とアプリ対応、食材管理、通知、AIは別項目なので、アプリの対応型番表と機能対応表の両方が必要。
hitachi,日立,R-HZC62Y,hitachi-r-hzc62y,freezing,5. 冷凍機能,freezer-other,その他,低,HITACHI 冷蔵庫総合カタログ 2026-3,3–8,確認済み一次資料に型番単位の明記なし,型番別の冷凍・製氷機能比較表、冷凍室断面図、取扱説明書の運転モード一覧,特殊冷凍、小冷凍室、霜対策、収納段数、独立製氷室は別項目なので、型番別比較表と室構成図の両方が必要。
hitachi,日立,R-HZC62Y,hitachi-r-hzc62y,smart,9. スマホ連携・IoT,iot-food,食材管理・庫内確認,低,HITACHI 冷蔵庫総合カタログ 2026-3,3–8,確認済み一次資料に型番単位の明記なし,メーカー公式アプリ対応機種一覧、ネットワーク設定ガイド、アプリ機能一覧,Wi-Fi搭載とアプリ対応、食材管理、通知、AIは別項目なので、アプリの対応型番表と機能対応表の両方が必要。
hitachi,日立,R-HZC62Y,hitachi-r-hzc62y,smart,9. スマホ連携・IoT,iot-ai,AI・音声連携,低,HITACHI 冷蔵庫総合カタログ 2026-3,3–8,確認済み一次資料に型番単位の明記なし,メーカー公式アプリ対応機種一覧、ネットワーク設定ガイド、アプリ機能一覧,Wi-Fi搭載とアプリ対応、食材管理、通知、AIは別項目なので、アプリの対応型番表と機能対応表の両方が必要。
hitachi,日立,R-H54Y,hitachi-rh54y,basic,1. 基本情報,colors,カラー,中,HITACHI 冷蔵庫総合カタログ 2026-3,13–14,確認済み一次資料に型番単位の明記なし,当該年式の公式商品ページ（アーカイブを含む）または色記号入り価格表,色名・発売月・シリーズ呼称は、総合カタログより個別商品ページや販売店向け価格表の方が型番単位で明記される可能性が高い。
hitachi,日立,R-H54Y,hitachi-rh54y,refrigeration,4. 冷蔵機能,fridge-other,その他,低,HITACHI 冷蔵庫総合カタログ 2026-3,13–14,確認済み一次資料に型番単位の明記なし,取扱説明書のチルド設定・棚組み替え・ドアポケット部品一覧、公式鮮度試験ページ,チルドの温度・保存期間と、棚やドアポケットの型番別構成は、機能訴求ページだけでなく説明書の設定・部品一覧で確定できる。
hitachi,日立,R-H54Y,hitachi-rh54y,freezing,5. 冷凍機能,freezer-other,その他,低,HITACHI 冷蔵庫総合カタログ 2026-3,13–14,確認済み一次資料に型番単位の明記なし,型番別の冷凍・製氷機能比較表、冷凍室断面図、取扱説明書の運転モード一覧,特殊冷凍、小冷凍室、霜対策、収納段数、独立製氷室は別項目なので、型番別比較表と室構成図の両方が必要。
hitachi,日立,R-H54Y,hitachi-rh54y,smart,9. スマホ連携・IoT,iot-connectivity,通信・対応アプリ,低,HITACHI 冷蔵庫総合カタログ 2026-3,13–14,確認済み一次資料に型番単位の明記なし,メーカー公式アプリ対応機種一覧、ネットワーク設定ガイド、アプリ機能一覧,Wi-Fi搭載とアプリ対応、食材管理、通知、AIは別項目なので、アプリの対応型番表と機能対応表の両方が必要。
hitachi,日立,R-H54Y,hitachi-rh54y,smart,9. スマホ連携・IoT,iot-food,食材管理・庫内確認,低,HITACHI 冷蔵庫総合カタログ 2026-3,13–14,確認済み一次資料に型番単位の明記なし,メーカー公式アプリ対応機種一覧、ネットワーク設定ガイド、アプリ機能一覧,Wi-Fi搭載とアプリ対応、食材管理、通知、AIは別項目なので、アプリの対応型番表と機能対応表の両方が必要。
hitachi,日立,R-H54Y,hitachi-rh54y,smart,9. スマホ連携・IoT,iot-monitoring,通知・見守り・遠隔操作,低,HITACHI 冷蔵庫総合カタログ 2026-3,13–14,確認済み一次資料に型番単位の明記なし,メーカー公式アプリ対応機種一覧、ネットワーク設定ガイド、アプリ機能一覧,Wi-Fi搭載とアプリ対応、食材管理、通知、AIは別項目なので、アプリの対応型番表と機能対応表の両方が必要。
hitachi,日立,R-H54Y,hitachi-rh54y,smart,9. スマホ連携・IoT,iot-ai,AI・音声連携,低,HITACHI 冷蔵庫総合カタログ 2026-3,13–14,確認済み一次資料に型番単位の明記なし,メーカー公式アプリ対応機種一覧、ネットワーク設定ガイド、アプリ機能一覧,Wi-Fi搭載とアプリ対応、食材管理、通知、AIは別項目なので、アプリの対応型番表と機能対応表の両方が必要。
hitachi,日立,R-HWC54X,hitachi-rhwc54x,basic,1. 基本情報,colors,カラー,中,HITACHI 2025年冷蔵庫公式資料,8・公式仕様ページ,確認済み一次資料に型番単位の明記なし,当該年式の公式商品ページ（アーカイブを含む）または色記号入り価格表,色名・発売月・シリーズ呼称は、総合カタログより個別商品ページや販売店向け価格表の方が型番単位で明記される可能性が高い。
hitachi,日立,R-HWC54X,hitachi-rhwc54x,freezing,5. 冷凍機能,freezer-other,その他,低,HITACHI 2025年冷蔵庫公式資料,8・公式仕様ページ,確認済み一次資料に型番単位の明記なし,型番別の冷凍・製氷機能比較表、冷凍室断面図、取扱説明書の運転モード一覧,特殊冷凍、小冷凍室、霜対策、収納段数、独立製氷室は別項目なので、型番別比較表と室構成図の両方が必要。
hitachi,日立,R-HWC54X,hitachi-rhwc54x,smart,9. スマホ連携・IoT,iot-food,食材管理・庫内確認,低,HITACHI 2025年冷蔵庫公式資料,8・公式仕様ページ,確認済み一次資料に型番単位の明記なし,メーカー公式アプリ対応機種一覧、ネットワーク設定ガイド、アプリ機能一覧,Wi-Fi搭載とアプリ対応、食材管理、通知、AIは別項目なので、アプリの対応型番表と機能対応表の両方が必要。
hitachi,日立,R-HWC54X,hitachi-rhwc54x,smart,9. スマホ連携・IoT,iot-ai,AI・音声連携,低,HITACHI 2025年冷蔵庫公式資料,8・公式仕様ページ,確認済み一次資料に型番単位の明記なし,メーカー公式アプリ対応機種一覧、ネットワーク設定ガイド、アプリ機能一覧,Wi-Fi搭載とアプリ対応、食材管理、通知、AIは別項目なので、アプリの対応型番表と機能対応表の両方が必要。
hitachi,日立,R-HWC54Y,hitachi-r-hwc54y,basic,1. 基本情報,colors,カラー,中,HITACHI 冷蔵庫総合カタログ 2026-3,13–14,確認済み一次資料に型番単位の明記なし,当該年式の公式商品ページ（アーカイブを含む）または色記号入り価格表,色名・発売月・シリーズ呼称は、総合カタログより個別商品ページや販売店向け価格表の方が型番単位で明記される可能性が高い。
hitachi,日立,R-HWC54Y,hitachi-r-hwc54y,freezing,5. 冷凍機能,freezer-other,その他,低,HITACHI 冷蔵庫総合カタログ 2026-3,13–14,確認済み一次資料に型番単位の明記なし,型番別の冷凍・製氷機能比較表、冷凍室断面図、取扱説明書の運転モード一覧,特殊冷凍、小冷凍室、霜対策、収納段数、独立製氷室は別項目なので、型番別比較表と室構成図の両方が必要。
hitachi,日立,R-HWC54Y,hitachi-r-hwc54y,smart,9. スマホ連携・IoT,iot-food,食材管理・庫内確認,低,HITACHI 冷蔵庫総合カタログ 2026-3,13–14,確認済み一次資料に型番単位の明記なし,メーカー公式アプリ対応機種一覧、ネットワーク設定ガイド、アプリ機能一覧,Wi-Fi搭載とアプリ対応、食材管理、通知、AIは別項目なので、アプリの対応型番表と機能対応表の両方が必要。
hitachi,日立,R-HWC54Y,hitachi-r-hwc54y,smart,9. スマホ連携・IoT,iot-ai,AI・音声連携,低,HITACHI 冷蔵庫総合カタログ 2026-3,13–14,確認済み一次資料に型番単位の明記なし,メーカー公式アプリ対応機種一覧、ネットワーク設定ガイド、アプリ機能一覧,Wi-Fi搭載とアプリ対応、食材管理、通知、AIは別項目なので、アプリの対応型番表と機能対応表の両方が必要。
hitachi,日立,R-HXC54X,hitachi-rhxc54x,basic,1. 基本情報,colors,カラー,中,HITACHI 2025年冷蔵庫公式資料,8・公式仕様ページ,確認済み一次資料に型番単位の明記なし,当該年式の公式商品ページ（アーカイブを含む）または色記号入り価格表,色名・発売月・シリーズ呼称は、総合カタログより個別商品ページや販売店向け価格表の方が型番単位で明記される可能性が高い。
hitachi,日立,R-HXC54X,hitachi-rhxc54x,freezing,5. 冷凍機能,freezer-other,その他,低,HITACHI 2025年冷蔵庫公式資料,8・公式仕様ページ,確認済み一次資料に型番単位の明記なし,型番別の冷凍・製氷機能比較表、冷凍室断面図、取扱説明書の運転モード一覧,特殊冷凍、小冷凍室、霜対策、収納段数、独立製氷室は別項目なので、型番別比較表と室構成図の両方が必要。
hitachi,日立,R-HXC54X,hitachi-rhxc54x,smart,9. スマホ連携・IoT,iot-food,食材管理・庫内確認,低,HITACHI 2025年冷蔵庫公式資料,8・公式仕様ページ,確認済み一次資料に型番単位の明記なし,メーカー公式アプリ対応機種一覧、ネットワーク設定ガイド、アプリ機能一覧,Wi-Fi搭載とアプリ対応、食材管理、通知、AIは別項目なので、アプリの対応型番表と機能対応表の両方が必要。
hitachi,日立,R-HXC54X,hitachi-rhxc54x,smart,9. スマホ連携・IoT,iot-ai,AI・音声連携,低,HITACHI 2025年冷蔵庫公式資料,8・公式仕様ページ,確認済み一次資料に型番単位の明記なし,メーカー公式アプリ対応機種一覧、ネットワーク設定ガイド、アプリ機能一覧,Wi-Fi搭載とアプリ対応、食材管理、通知、AIは別項目なので、アプリの対応型番表と機能対応表の両方が必要。
hitachi,日立,R-HXCC54X,hitachi-rhxcc54x,basic,1. 基本情報,colors,カラー,中,HITACHI 2025年冷蔵庫公式資料,8・公式仕様ページ,確認済み一次資料に型番単位の明記なし,当該年式の公式商品ページ（アーカイブを含む）または色記号入り価格表,色名・発売月・シリーズ呼称は、総合カタログより個別商品ページや販売店向け価格表の方が型番単位で明記される可能性が高い。
hitachi,日立,R-HXCC54X,hitachi-rhxcc54x,freezing,5. 冷凍機能,freezer-other,その他,低,HITACHI 2025年冷蔵庫公式資料,8・公式仕様ページ,確認済み一次資料に型番単位の明記なし,型番別の冷凍・製氷機能比較表、冷凍室断面図、取扱説明書の運転モード一覧,特殊冷凍、小冷凍室、霜対策、収納段数、独立製氷室は別項目なので、型番別比較表と室構成図の両方が必要。
hitachi,日立,R-HZC54Y,hitachi-rhzc54y,basic,1. 基本情報,colors,カラー,中,HITACHI 冷蔵庫総合カタログ 2026-3,13–14,確認済み一次資料に型番単位の明記なし,当該年式の公式商品ページ（アーカイブを含む）または色記号入り価格表,色名・発売月・シリーズ呼称は、総合カタログより個別商品ページや販売店向け価格表の方が型番単位で明記される可能性が高い。
hitachi,日立,R-HZC54Y,hitachi-rhzc54y,freezing,5. 冷凍機能,freezer-other,その他,低,HITACHI 冷蔵庫総合カタログ 2026-3,13–14,確認済み一次資料に型番単位の明記なし,型番別の冷凍・製氷機能比較表、冷凍室断面図、取扱説明書の運転モード一覧,特殊冷凍、小冷凍室、霜対策、収納段数、独立製氷室は別項目なので、型番別比較表と室構成図の両方が必要。
hitachi,日立,R-HZC54Y,hitachi-rhzc54y,smart,9. スマホ連携・IoT,iot-food,食材管理・庫内確認,低,HITACHI 冷蔵庫総合カタログ 2026-3,13–14,確認済み一次資料に型番単位の明記なし,メーカー公式アプリ対応機種一覧、ネットワーク設定ガイド、アプリ機能一覧,Wi-Fi搭載とアプリ対応、食材管理、通知、AIは別項目なので、アプリの対応型番表と機能対応表の両方が必要。
hitachi,日立,R-HZC54Y,hitachi-rhzc54y,smart,9. スマホ連携・IoT,iot-ai,AI・音声連携,低,HITACHI 冷蔵庫総合カタログ 2026-3,13–14,確認済み一次資料に型番単位の明記なし,メーカー公式アプリ対応機種一覧、ネットワーク設定ガイド、アプリ機能一覧,Wi-Fi搭載とアプリ対応、食材管理、通知、AIは別項目なので、アプリの対応型番表と機能対応表の両方が必要。
hitachi,日立,R-VWC50X,hitachi-rvwc50x,refrigeration,4. 冷蔵機能,fridge-other,その他,低,HITACHI 2025年冷蔵庫公式資料,8・公式仕様ページ,確認済み一次資料に型番単位の明記なし,取扱説明書のチルド設定・棚組み替え・ドアポケット部品一覧、公式鮮度試験ページ,チルドの温度・保存期間と、棚やドアポケットの型番別構成は、機能訴求ページだけでなく説明書の設定・部品一覧で確定できる。
hitachi,日立,R-VWC50X,hitachi-rvwc50x,freezing,5. 冷凍機能,frost-control,霜付き防止機能,低,HITACHI 2025年冷蔵庫公式資料,8・公式仕様ページ,確認済み一次資料に型番単位の明記なし,型番別の冷凍・製氷機能比較表、冷凍室断面図、取扱説明書の運転モード一覧,特殊冷凍、小冷凍室、霜対策、収納段数、独立製氷室は別項目なので、型番別比較表と室構成図の両方が必要。
hitachi,日立,R-VWC50X,hitachi-rvwc50x,freezing,5. 冷凍機能,freezer-other,その他,低,HITACHI 2025年冷蔵庫公式資料,8・公式仕様ページ,確認済み一次資料に型番単位の明記なし,型番別の冷凍・製氷機能比較表、冷凍室断面図、取扱説明書の運転モード一覧,特殊冷凍、小冷凍室、霜対策、収納段数、独立製氷室は別項目なので、型番別比較表と室構成図の両方が必要。
hitachi,日立,R-VWC50X,hitachi-rvwc50x,smart,9. スマホ連携・IoT,iot-food,食材管理・庫内確認,低,HITACHI 2025年冷蔵庫公式資料,8・公式仕様ページ,確認済み一次資料に型番単位の明記なし,メーカー公式アプリ対応機種一覧、ネットワーク設定ガイド、アプリ機能一覧,Wi-Fi搭載とアプリ対応、食材管理、通知、AIは別項目なので、アプリの対応型番表と機能対応表の両方が必要。
hitachi,日立,R-VWC50X,hitachi-rvwc50x,smart,9. スマホ連携・IoT,iot-ai,AI・音声連携,低,HITACHI 2025年冷蔵庫公式資料,8・公式仕様ページ,確認済み一次資料に型番単位の明記なし,メーカー公式アプリ対応機種一覧、ネットワーク設定ガイド、アプリ機能一覧,Wi-Fi搭載とアプリ対応、食材管理、通知、AIは別項目なので、アプリの対応型番表と機能対応表の両方が必要。
hitachi,日立,R-H49X,hitachi-rh49x,basic,1. 基本情報,colors,カラー,中,HITACHI 2025年冷蔵庫公式資料,8・公式仕様ページ,確認済み一次資料に型番単位の明記なし,当該年式の公式商品ページ（アーカイブを含む）または色記号入り価格表,色名・発売月・シリーズ呼称は、総合カタログより個別商品ページや販売店向け価格表の方が型番単位で明記される可能性が高い。
hitachi,日立,R-H49X,hitachi-rh49x,refrigeration,4. 冷蔵機能,fridge-other,その他,低,HITACHI 2025年冷蔵庫公式資料,8・公式仕様ページ,確認済み一次資料に型番単位の明記なし,取扱説明書のチルド設定・棚組み替え・ドアポケット部品一覧、公式鮮度試験ページ,チルドの温度・保存期間と、棚やドアポケットの型番別構成は、機能訴求ページだけでなく説明書の設定・部品一覧で確定できる。
hitachi,日立,R-H49X,hitachi-rh49x,freezing,5. 冷凍機能,freezer-other,その他,低,HITACHI 2025年冷蔵庫公式資料,8・公式仕様ページ,確認済み一次資料に型番単位の明記なし,型番別の冷凍・製氷機能比較表、冷凍室断面図、取扱説明書の運転モード一覧,特殊冷凍、小冷凍室、霜対策、収納段数、独立製氷室は別項目なので、型番別比較表と室構成図の両方が必要。
hitachi,日立,R-H49X,hitachi-rh49x,smart,9. スマホ連携・IoT,iot-connectivity,通信・対応アプリ,低,HITACHI 2025年冷蔵庫公式資料,8・公式仕様ページ,確認済み一次資料に型番単位の明記なし,メーカー公式アプリ対応機種一覧、ネットワーク設定ガイド、アプリ機能一覧,Wi-Fi搭載とアプリ対応、食材管理、通知、AIは別項目なので、アプリの対応型番表と機能対応表の両方が必要。
hitachi,日立,R-H49X,hitachi-rh49x,smart,9. スマホ連携・IoT,iot-food,食材管理・庫内確認,低,HITACHI 2025年冷蔵庫公式資料,8・公式仕様ページ,確認済み一次資料に型番単位の明記なし,メーカー公式アプリ対応機種一覧、ネットワーク設定ガイド、アプリ機能一覧,Wi-Fi搭載とアプリ対応、食材管理、通知、AIは別項目なので、アプリの対応型番表と機能対応表の両方が必要。
hitachi,日立,R-H49X,hitachi-rh49x,smart,9. スマホ連携・IoT,iot-monitoring,通知・見守り・遠隔操作,低,HITACHI 2025年冷蔵庫公式資料,8・公式仕様ページ,確認済み一次資料に型番単位の明記なし,メーカー公式アプリ対応機種一覧、ネットワーク設定ガイド、アプリ機能一覧,Wi-Fi搭載とアプリ対応、食材管理、通知、AIは別項目なので、アプリの対応型番表と機能対応表の両方が必要。
hitachi,日立,R-H49X,hitachi-rh49x,smart,9. スマホ連携・IoT,iot-ai,AI・音声連携,低,HITACHI 2025年冷蔵庫公式資料,8・公式仕様ページ,確認済み一次資料に型番単位の明記なし,メーカー公式アプリ対応機種一覧、ネットワーク設定ガイド、アプリ機能一覧,Wi-Fi搭載とアプリ対応、食材管理、通知、AIは別項目なので、アプリの対応型番表と機能対応表の両方が必要。
hitachi,日立,R-H49Y,hitachi-rh49y,basic,1. 基本情報,colors,カラー,中,HITACHI 冷蔵庫総合カタログ 2026-3,13–14,確認済み一次資料に型番単位の明記なし,当該年式の公式商品ページ（アーカイブを含む）または色記号入り価格表,色名・発売月・シリーズ呼称は、総合カタログより個別商品ページや販売店向け価格表の方が型番単位で明記される可能性が高い。
hitachi,日立,R-H49Y,hitachi-rh49y,refrigeration,4. 冷蔵機能,fridge-other,その他,低,HITACHI 冷蔵庫総合カタログ 2026-3,13–14,確認済み一次資料に型番単位の明記なし,取扱説明書のチルド設定・棚組み替え・ドアポケット部品一覧、公式鮮度試験ページ,チルドの温度・保存期間と、棚やドアポケットの型番別構成は、機能訴求ページだけでなく説明書の設定・部品一覧で確定できる。
hitachi,日立,R-H49Y,hitachi-rh49y,freezing,5. 冷凍機能,freezer-other,その他,低,HITACHI 冷蔵庫総合カタログ 2026-3,13–14,確認済み一次資料に型番単位の明記なし,型番別の冷凍・製氷機能比較表、冷凍室断面図、取扱説明書の運転モード一覧,特殊冷凍、小冷凍室、霜対策、収納段数、独立製氷室は別項目なので、型番別比較表と室構成図の両方が必要。
hitachi,日立,R-H49Y,hitachi-rh49y,smart,9. スマホ連携・IoT,iot-connectivity,通信・対応アプリ,低,HITACHI 冷蔵庫総合カタログ 2026-3,13–14,確認済み一次資料に型番単位の明記なし,メーカー公式アプリ対応機種一覧、ネットワーク設定ガイド、アプリ機能一覧,Wi-Fi搭載とアプリ対応、食材管理、通知、AIは別項目なので、アプリの対応型番表と機能対応表の両方が必要。
hitachi,日立,R-H49Y,hitachi-rh49y,smart,9. スマホ連携・IoT,iot-food,食材管理・庫内確認,低,HITACHI 冷蔵庫総合カタログ 2026-3,13–14,確認済み一次資料に型番単位の明記なし,メーカー公式アプリ対応機種一覧、ネットワーク設定ガイド、アプリ機能一覧,Wi-Fi搭載とアプリ対応、食材管理、通知、AIは別項目なので、アプリの対応型番表と機能対応表の両方が必要。
hitachi,日立,R-H49Y,hitachi-rh49y,smart,9. スマホ連携・IoT,iot-monitoring,通知・見守り・遠隔操作,低,HITACHI 冷蔵庫総合カタログ 2026-3,13–14,確認済み一次資料に型番単位の明記なし,メーカー公式アプリ対応機種一覧、ネットワーク設定ガイド、アプリ機能一覧,Wi-Fi搭載とアプリ対応、食材管理、通知、AIは別項目なので、アプリの対応型番表と機能対応表の両方が必要。
hitachi,日立,R-H49Y,hitachi-rh49y,smart,9. スマホ連携・IoT,iot-ai,AI・音声連携,低,HITACHI 冷蔵庫総合カタログ 2026-3,13–14,確認済み一次資料に型番単位の明記なし,メーカー公式アプリ対応機種一覧、ネットワーク設定ガイド、アプリ機能一覧,Wi-Fi搭載とアプリ対応、食材管理、通知、AIは別項目なので、アプリの対応型番表と機能対応表の両方が必要。
hitachi,日立,R-HW49V,hitachi-rhw49v,basic,1. 基本情報,colors,カラー,中,日立 冷蔵庫 公式製品・仕様ページ,公式仕様ページ,対象年式が提供カタログ外、または型番別対応表が不足,当該年式の公式商品ページ（アーカイブを含む）または色記号入り価格表,色名・発売月・シリーズ呼称は、総合カタログより個別商品ページや販売店向け価格表の方が型番単位で明記される可能性が高い。
hitachi,日立,R-HW49V,hitachi-rhw49v,refrigeration,4. 冷蔵機能,fridge-other,その他,低,日立 冷蔵庫 公式製品・仕様ページ,公式仕様ページ,対象年式が提供カタログ外、または型番別対応表が不足,取扱説明書のチルド設定・棚組み替え・ドアポケット部品一覧、公式鮮度試験ページ,チルドの温度・保存期間と、棚やドアポケットの型番別構成は、機能訴求ページだけでなく説明書の設定・部品一覧で確定できる。
hitachi,日立,R-HW49V,hitachi-rhw49v,freezing,5. 冷凍機能,frost-control,霜付き防止機能,低,日立 冷蔵庫 公式製品・仕様ページ,公式仕様ページ,対象年式が提供カタログ外、または型番別対応表が不足,型番別の冷凍・製氷機能比較表、冷凍室断面図、取扱説明書の運転モード一覧,特殊冷凍、小冷凍室、霜対策、収納段数、独立製氷室は別項目なので、型番別比較表と室構成図の両方が必要。
hitachi,日立,R-HW49V,hitachi-rhw49v,freezing,5. 冷凍機能,freezer-other,その他,低,日立 冷蔵庫 公式製品・仕様ページ,公式仕様ページ,対象年式が提供カタログ外、または型番別対応表が不足,型番別の冷凍・製氷機能比較表、冷凍室断面図、取扱説明書の運転モード一覧,特殊冷凍、小冷凍室、霜対策、収納段数、独立製氷室は別項目なので、型番別比較表と室構成図の両方が必要。
hitachi,日立,R-HW49V,hitachi-rhw49v,smart,9. スマホ連携・IoT,iot-connectivity,通信・対応アプリ,低,日立 冷蔵庫 公式製品・仕様ページ,公式仕様ページ,対象年式が提供カタログ外、または型番別対応表が不足,メーカー公式アプリ対応機種一覧、ネットワーク設定ガイド、アプリ機能一覧,Wi-Fi搭載とアプリ対応、食材管理、通知、AIは別項目なので、アプリの対応型番表と機能対応表の両方が必要。
hitachi,日立,R-HW49V,hitachi-rhw49v,smart,9. スマホ連携・IoT,iot-food,食材管理・庫内確認,低,日立 冷蔵庫 公式製品・仕様ページ,公式仕様ページ,対象年式が提供カタログ外、または型番別対応表が不足,メーカー公式アプリ対応機種一覧、ネットワーク設定ガイド、アプリ機能一覧,Wi-Fi搭載とアプリ対応、食材管理、通知、AIは別項目なので、アプリの対応型番表と機能対応表の両方が必要。
hitachi,日立,R-HW49V,hitachi-rhw49v,smart,9. スマホ連携・IoT,iot-monitoring,通知・見守り・遠隔操作,低,日立 冷蔵庫 公式製品・仕様ページ,公式仕様ページ,対象年式が提供カタログ外、または型番別対応表が不足,メーカー公式アプリ対応機種一覧、ネットワーク設定ガイド、アプリ機能一覧,Wi-Fi搭載とアプリ対応、食材管理、通知、AIは別項目なので、アプリの対応型番表と機能対応表の両方が必要。
hitachi,日立,R-HW49V,hitachi-rhw49v,smart,9. スマホ連携・IoT,iot-ai,AI・音声連携,低,日立 冷蔵庫 公式製品・仕様ページ,公式仕様ページ,対象年式が提供カタログ外、または型番別対応表が不足,メーカー公式アプリ対応機種一覧、ネットワーク設定ガイド、アプリ機能一覧,Wi-Fi搭載とアプリ対応、食材管理、通知、AIは別項目なので、アプリの対応型番表と機能対応表の両方が必要。
hitachi,日立,R-HWC49X,hitachi-rhwc49x,basic,1. 基本情報,colors,カラー,中,HITACHI 2025年冷蔵庫公式資料,8・公式仕様ページ,確認済み一次資料に型番単位の明記なし,当該年式の公式商品ページ（アーカイブを含む）または色記号入り価格表,色名・発売月・シリーズ呼称は、総合カタログより個別商品ページや販売店向け価格表の方が型番単位で明記される可能性が高い。
hitachi,日立,R-HWC49X,hitachi-rhwc49x,freezing,5. 冷凍機能,freezer-other,その他,低,HITACHI 2025年冷蔵庫公式資料,8・公式仕様ページ,確認済み一次資料に型番単位の明記なし,型番別の冷凍・製氷機能比較表、冷凍室断面図、取扱説明書の運転モード一覧,特殊冷凍、小冷凍室、霜対策、収納段数、独立製氷室は別項目なので、型番別比較表と室構成図の両方が必要。
hitachi,日立,R-HWC49X,hitachi-rhwc49x,smart,9. スマホ連携・IoT,iot-food,食材管理・庫内確認,低,HITACHI 2025年冷蔵庫公式資料,8・公式仕様ページ,確認済み一次資料に型番単位の明記なし,メーカー公式アプリ対応機種一覧、ネットワーク設定ガイド、アプリ機能一覧,Wi-Fi搭載とアプリ対応、食材管理、通知、AIは別項目なので、アプリの対応型番表と機能対応表の両方が必要。
hitachi,日立,R-HWC49X,hitachi-rhwc49x,smart,9. スマホ連携・IoT,iot-ai,AI・音声連携,低,HITACHI 2025年冷蔵庫公式資料,8・公式仕様ページ,確認済み一次資料に型番単位の明記なし,メーカー公式アプリ対応機種一覧、ネットワーク設定ガイド、アプリ機能一覧,Wi-Fi搭載とアプリ対応、食材管理、通知、AIは別項目なので、アプリの対応型番表と機能対応表の両方が必要。
hitachi,日立,R-HWC49Y,hitachi-rhwc49y,basic,1. 基本情報,colors,カラー,中,HITACHI 冷蔵庫総合カタログ 2026-3,13–14,確認済み一次資料に型番単位の明記なし,当該年式の公式商品ページ（アーカイブを含む）または色記号入り価格表,色名・発売月・シリーズ呼称は、総合カタログより個別商品ページや販売店向け価格表の方が型番単位で明記される可能性が高い。
hitachi,日立,R-HWC49Y,hitachi-rhwc49y,freezing,5. 冷凍機能,freezer-other,その他,低,HITACHI 冷蔵庫総合カタログ 2026-3,13–14,確認済み一次資料に型番単位の明記なし,型番別の冷凍・製氷機能比較表、冷凍室断面図、取扱説明書の運転モード一覧,特殊冷凍、小冷凍室、霜対策、収納段数、独立製氷室は別項目なので、型番別比較表と室構成図の両方が必要。
hitachi,日立,R-HWC49Y,hitachi-rhwc49y,smart,9. スマホ連携・IoT,iot-food,食材管理・庫内確認,低,HITACHI 冷蔵庫総合カタログ 2026-3,13–14,確認済み一次資料に型番単位の明記なし,メーカー公式アプリ対応機種一覧、ネットワーク設定ガイド、アプリ機能一覧,Wi-Fi搭載とアプリ対応、食材管理、通知、AIは別項目なので、アプリの対応型番表と機能対応表の両方が必要。
hitachi,日立,R-HWC49Y,hitachi-rhwc49y,smart,9. スマホ連携・IoT,iot-ai,AI・音声連携,低,HITACHI 冷蔵庫総合カタログ 2026-3,13–14,確認済み一次資料に型番単位の明記なし,メーカー公式アプリ対応機種一覧、ネットワーク設定ガイド、アプリ機能一覧,Wi-Fi搭載とアプリ対応、食材管理、通知、AIは別項目なので、アプリの対応型番表と機能対応表の両方が必要。
hitachi,日立,R-HWS47V,hitachi-rhws47v,refrigeration,4. 冷蔵機能,fridge-other,その他,低,日立 冷蔵庫 公式製品・仕様ページ,公式仕様ページ,対象年式が提供カタログ外、または型番別対応表が不足,取扱説明書のチルド設定・棚組み替え・ドアポケット部品一覧、公式鮮度試験ページ,チルドの温度・保存期間と、棚やドアポケットの型番別構成は、機能訴求ページだけでなく説明書の設定・部品一覧で確定できる。
hitachi,日立,R-HWS47V,hitachi-rhws47v,freezing,5. 冷凍機能,freezer-other,その他,低,日立 冷蔵庫 公式製品・仕様ページ,公式仕様ページ,対象年式が提供カタログ外、または型番別対応表が不足,型番別の冷凍・製氷機能比較表、冷凍室断面図、取扱説明書の運転モード一覧,特殊冷凍、小冷凍室、霜対策、収納段数、独立製氷室は別項目なので、型番別比較表と室構成図の両方が必要。
hitachi,日立,R-HWS47V,hitachi-rhws47v,smart,9. スマホ連携・IoT,iot-connectivity,通信・対応アプリ,低,日立 冷蔵庫 公式製品・仕様ページ,公式仕様ページ,対象年式が提供カタログ外、または型番別対応表が不足,メーカー公式アプリ対応機種一覧、ネットワーク設定ガイド、アプリ機能一覧,Wi-Fi搭載とアプリ対応、食材管理、通知、AIは別項目なので、アプリの対応型番表と機能対応表の両方が必要。
hitachi,日立,R-HWS47V,hitachi-rhws47v,smart,9. スマホ連携・IoT,iot-food,食材管理・庫内確認,低,日立 冷蔵庫 公式製品・仕様ページ,公式仕様ページ,対象年式が提供カタログ外、または型番別対応表が不足,メーカー公式アプリ対応機種一覧、ネットワーク設定ガイド、アプリ機能一覧,Wi-Fi搭載とアプリ対応、食材管理、通知、AIは別項目なので、アプリの対応型番表と機能対応表の両方が必要。
hitachi,日立,R-HWS47V,hitachi-rhws47v,smart,9. スマホ連携・IoT,iot-monitoring,通知・見守り・遠隔操作,低,日立 冷蔵庫 公式製品・仕様ページ,公式仕様ページ,対象年式が提供カタログ外、または型番別対応表が不足,メーカー公式アプリ対応機種一覧、ネットワーク設定ガイド、アプリ機能一覧,Wi-Fi搭載とアプリ対応、食材管理、通知、AIは別項目なので、アプリの対応型番表と機能対応表の両方が必要。
hitachi,日立,R-HWS47V,hitachi-rhws47v,smart,9. スマホ連携・IoT,iot-ai,AI・音声連携,低,日立 冷蔵庫 公式製品・仕様ページ,公式仕様ページ,対象年式が提供カタログ外、または型番別対応表が不足,メーカー公式アプリ対応機種一覧、ネットワーク設定ガイド、アプリ機能一覧,Wi-Fi搭載とアプリ対応、食材管理、通知、AIは別項目なので、アプリの対応型番表と機能対応表の両方が必要。
hitachi,日立,R-HWS47X,hitachi-rhws47x,refrigeration,4. 冷蔵機能,fridge-other,その他,低,HITACHI 2025年冷蔵庫公式資料,8・公式仕様ページ,確認済み一次資料に型番単位の明記なし,取扱説明書のチルド設定・棚組み替え・ドアポケット部品一覧、公式鮮度試験ページ,チルドの温度・保存期間と、棚やドアポケットの型番別構成は、機能訴求ページだけでなく説明書の設定・部品一覧で確定できる。
hitachi,日立,R-HWS47X,hitachi-rhws47x,freezing,5. 冷凍機能,freezer-other,その他,低,HITACHI 2025年冷蔵庫公式資料,8・公式仕様ページ,確認済み一次資料に型番単位の明記なし,型番別の冷凍・製氷機能比較表、冷凍室断面図、取扱説明書の運転モード一覧,特殊冷凍、小冷凍室、霜対策、収納段数、独立製氷室は別項目なので、型番別比較表と室構成図の両方が必要。
hitachi,日立,R-HWS47X,hitachi-rhws47x,smart,9. スマホ連携・IoT,iot-connectivity,通信・対応アプリ,低,HITACHI 2025年冷蔵庫公式資料,8・公式仕様ページ,確認済み一次資料に型番単位の明記なし,メーカー公式アプリ対応機種一覧、ネットワーク設定ガイド、アプリ機能一覧,Wi-Fi搭載とアプリ対応、食材管理、通知、AIは別項目なので、アプリの対応型番表と機能対応表の両方が必要。
hitachi,日立,R-HWS47X,hitachi-rhws47x,smart,9. スマホ連携・IoT,iot-food,食材管理・庫内確認,低,HITACHI 2025年冷蔵庫公式資料,8・公式仕様ページ,確認済み一次資料に型番単位の明記なし,メーカー公式アプリ対応機種一覧、ネットワーク設定ガイド、アプリ機能一覧,Wi-Fi搭載とアプリ対応、食材管理、通知、AIは別項目なので、アプリの対応型番表と機能対応表の両方が必要。
hitachi,日立,R-HWS47X,hitachi-rhws47x,smart,9. スマホ連携・IoT,iot-monitoring,通知・見守り・遠隔操作,低,HITACHI 2025年冷蔵庫公式資料,8・公式仕様ページ,確認済み一次資料に型番単位の明記なし,メーカー公式アプリ対応機種一覧、ネットワーク設定ガイド、アプリ機能一覧,Wi-Fi搭載とアプリ対応、食材管理、通知、AIは別項目なので、アプリの対応型番表と機能対応表の両方が必要。
hitachi,日立,R-HWS47X,hitachi-rhws47x,smart,9. スマホ連携・IoT,iot-ai,AI・音声連携,低,HITACHI 2025年冷蔵庫公式資料,8・公式仕様ページ,確認済み一次資料に型番単位の明記なし,メーカー公式アプリ対応機種一覧、ネットワーク設定ガイド、アプリ機能一覧,Wi-Fi搭載とアプリ対応、食材管理、通知、AIは別項目なので、アプリの対応型番表と機能対応表の両方が必要。
hitachi,日立,R-K40T,hitachi-rk40t,refrigeration,4. 冷蔵機能,fridge-storage,扉・棚・収納,低,HITACHI 冷蔵庫総合カタログ 2026-3,13–14,確認済み一次資料に型番単位の明記なし,取扱説明書のチルド設定・棚組み替え・ドアポケット部品一覧、公式鮮度試験ページ,チルドの温度・保存期間と、棚やドアポケットの型番別構成は、機能訴求ページだけでなく説明書の設定・部品一覧で確定できる。
hitachi,日立,R-K40T,hitachi-rk40t,refrigeration,4. 冷蔵機能,door-pocket,ドアポケット,低,HITACHI 冷蔵庫総合カタログ 2026-3,13–14,確認済み一次資料に型番単位の明記なし,取扱説明書のチルド設定・棚組み替え・ドアポケット部品一覧、公式鮮度試験ページ,チルドの温度・保存期間と、棚やドアポケットの型番別構成は、機能訴求ページだけでなく説明書の設定・部品一覧で確定できる。
hitachi,日立,R-K40T,hitachi-rk40t,refrigeration,4. 冷蔵機能,fridge-other,その他,低,HITACHI 冷蔵庫総合カタログ 2026-3,13–14,確認済み一次資料に型番単位の明記なし,取扱説明書のチルド設定・棚組み替え・ドアポケット部品一覧、公式鮮度試験ページ,チルドの温度・保存期間と、棚やドアポケットの型番別構成は、機能訴求ページだけでなく説明書の設定・部品一覧で確定できる。
hitachi,日立,R-K40T,hitachi-rk40t,freezing,5. 冷凍機能,frost-control,霜付き防止機能,低,HITACHI 冷蔵庫総合カタログ 2026-3,13–14,確認済み一次資料に型番単位の明記なし,型番別の冷凍・製氷機能比較表、冷凍室断面図、取扱説明書の運転モード一覧,特殊冷凍、小冷凍室、霜対策、収納段数、独立製氷室は別項目なので、型番別比較表と室構成図の両方が必要。
hitachi,日立,R-K40T,hitachi-rk40t,freezing,5. 冷凍機能,freezer-other,その他,低,HITACHI 冷蔵庫総合カタログ 2026-3,13–14,確認済み一次資料に型番単位の明記なし,型番別の冷凍・製氷機能比較表、冷凍室断面図、取扱説明書の運転モード一覧,特殊冷凍、小冷凍室、霜対策、収納段数、独立製氷室は別項目なので、型番別比較表と室構成図の両方が必要。
hitachi,日立,R-K40T,hitachi-rk40t,clean,7. 清潔・お手入れ,clean-air,脱臭・除菌・抗菌,低,HITACHI 冷蔵庫総合カタログ 2026-3,13–14,確認済み一次資料に型番単位の明記なし,公式機能比較表、除菌／抗菌の試験注記、取扱説明書のお手入れ章,脱臭・除菌・抗菌は意味が異なるため、試験対象部位と試験方法が明記された一次資料が必要。
hitachi,日立,R-K40T,hitachi-rk40t,energy,8. 省エネ性,energy-ai,省エネ運転・AI学習,低,HITACHI 冷蔵庫総合カタログ 2026-3,13–14,確認済み一次資料に型番単位の明記なし,公式仕様表、省エネラベル、型番別機能比較表,年間消費電力量は仕様表、AI・センサーの有無は機能比較表、達成率は統一省エネラベルで確定できる。
hitachi,日立,R-K40T,hitachi-rk40t,smart,9. スマホ連携・IoT,iot-connectivity,通信・対応アプリ,低,HITACHI 冷蔵庫総合カタログ 2026-3,13–14,確認済み一次資料に型番単位の明記なし,メーカー公式アプリ対応機種一覧、ネットワーク設定ガイド、アプリ機能一覧,Wi-Fi搭載とアプリ対応、食材管理、通知、AIは別項目なので、アプリの対応型番表と機能対応表の両方が必要。
hitachi,日立,R-K40T,hitachi-rk40t,smart,9. スマホ連携・IoT,iot-food,食材管理・庫内確認,低,HITACHI 冷蔵庫総合カタログ 2026-3,13–14,確認済み一次資料に型番単位の明記なし,メーカー公式アプリ対応機種一覧、ネットワーク設定ガイド、アプリ機能一覧,Wi-Fi搭載とアプリ対応、食材管理、通知、AIは別項目なので、アプリの対応型番表と機能対応表の両方が必要。
hitachi,日立,R-K40T,hitachi-rk40t,smart,9. スマホ連携・IoT,iot-monitoring,通知・見守り・遠隔操作,低,HITACHI 冷蔵庫総合カタログ 2026-3,13–14,確認済み一次資料に型番単位の明記なし,メーカー公式アプリ対応機種一覧、ネットワーク設定ガイド、アプリ機能一覧,Wi-Fi搭載とアプリ対応、食材管理、通知、AIは別項目なので、アプリの対応型番表と機能対応表の両方が必要。
hitachi,日立,R-K40T,hitachi-rk40t,smart,9. スマホ連携・IoT,iot-ai,AI・音声連携,低,HITACHI 冷蔵庫総合カタログ 2026-3,13–14,確認済み一次資料に型番単位の明記なし,メーカー公式アプリ対応機種一覧、ネットワーク設定ガイド、アプリ機能一覧,Wi-Fi搭載とアプリ対応、食材管理、通知、AIは別項目なので、アプリの対応型番表と機能対応表の両方が必要。
hitachi,日立,R-V38V,hitachi-rv38v,basic,1. 基本情報,colors,カラー,中,日立 冷蔵庫 公式製品・仕様ページ,公式仕様ページ,対象年式が提供カタログ外、または型番別対応表が不足,当該年式の公式商品ページ（アーカイブを含む）または色記号入り価格表,色名・発売月・シリーズ呼称は、総合カタログより個別商品ページや販売店向け価格表の方が型番単位で明記される可能性が高い。
hitachi,日立,R-V38V,hitachi-rv38v,refrigeration,4. 冷蔵機能,door-pocket,ドアポケット,低,日立 冷蔵庫 公式製品・仕様ページ,公式仕様ページ,対象年式が提供カタログ外、または型番別対応表が不足,取扱説明書のチルド設定・棚組み替え・ドアポケット部品一覧、公式鮮度試験ページ,チルドの温度・保存期間と、棚やドアポケットの型番別構成は、機能訴求ページだけでなく説明書の設定・部品一覧で確定できる。
hitachi,日立,R-V38V,hitachi-rv38v,refrigeration,4. 冷蔵機能,fridge-other,その他,低,日立 冷蔵庫 公式製品・仕様ページ,公式仕様ページ,対象年式が提供カタログ外、または型番別対応表が不足,取扱説明書のチルド設定・棚組み替え・ドアポケット部品一覧、公式鮮度試験ページ,チルドの温度・保存期間と、棚やドアポケットの型番別構成は、機能訴求ページだけでなく説明書の設定・部品一覧で確定できる。
hitachi,日立,R-V38V,hitachi-rv38v,freezing,5. 冷凍機能,frost-control,霜付き防止機能,低,日立 冷蔵庫 公式製品・仕様ページ,公式仕様ページ,対象年式が提供カタログ外、または型番別対応表が不足,型番別の冷凍・製氷機能比較表、冷凍室断面図、取扱説明書の運転モード一覧,特殊冷凍、小冷凍室、霜対策、収納段数、独立製氷室は別項目なので、型番別比較表と室構成図の両方が必要。
hitachi,日立,R-V38V,hitachi-rv38v,freezing,5. 冷凍機能,freezer-other,その他,低,日立 冷蔵庫 公式製品・仕様ページ,公式仕様ページ,対象年式が提供カタログ外、または型番別対応表が不足,型番別の冷凍・製氷機能比較表、冷凍室断面図、取扱説明書の運転モード一覧,特殊冷凍、小冷凍室、霜対策、収納段数、独立製氷室は別項目なので、型番別比較表と室構成図の両方が必要。
hitachi,日立,R-V38V,hitachi-rv38v,energy,8. 省エネ性,energy-ai,省エネ運転・AI学習,低,日立 冷蔵庫 公式製品・仕様ページ,公式仕様ページ,対象年式が提供カタログ外、または型番別対応表が不足,公式仕様表、省エネラベル、型番別機能比較表,年間消費電力量は仕様表、AI・センサーの有無は機能比較表、達成率は統一省エネラベルで確定できる。
hitachi,日立,R-V38V,hitachi-rv38v,smart,9. スマホ連携・IoT,iot-connectivity,通信・対応アプリ,低,日立 冷蔵庫 公式製品・仕様ページ,公式仕様ページ,対象年式が提供カタログ外、または型番別対応表が不足,メーカー公式アプリ対応機種一覧、ネットワーク設定ガイド、アプリ機能一覧,Wi-Fi搭載とアプリ対応、食材管理、通知、AIは別項目なので、アプリの対応型番表と機能対応表の両方が必要。
hitachi,日立,R-V38V,hitachi-rv38v,smart,9. スマホ連携・IoT,iot-food,食材管理・庫内確認,低,日立 冷蔵庫 公式製品・仕様ページ,公式仕様ページ,対象年式が提供カタログ外、または型番別対応表が不足,メーカー公式アプリ対応機種一覧、ネットワーク設定ガイド、アプリ機能一覧,Wi-Fi搭載とアプリ対応、食材管理、通知、AIは別項目なので、アプリの対応型番表と機能対応表の両方が必要。
hitachi,日立,R-V38V,hitachi-rv38v,smart,9. スマホ連携・IoT,iot-monitoring,通知・見守り・遠隔操作,低,日立 冷蔵庫 公式製品・仕様ページ,公式仕様ページ,対象年式が提供カタログ外、または型番別対応表が不足,メーカー公式アプリ対応機種一覧、ネットワーク設定ガイド、アプリ機能一覧,Wi-Fi搭載とアプリ対応、食材管理、通知、AIは別項目なので、アプリの対応型番表と機能対応表の両方が必要。
hitachi,日立,R-V38V,hitachi-rv38v,smart,9. スマホ連携・IoT,iot-ai,AI・音声連携,低,日立 冷蔵庫 公式製品・仕様ページ,公式仕様ページ,対象年式が提供カタログ外、または型番別対応表が不足,メーカー公式アプリ対応機種一覧、ネットワーク設定ガイド、アプリ機能一覧,Wi-Fi搭載とアプリ対応、食材管理、通知、AIは別項目なので、アプリの対応型番表と機能対応表の両方が必要。
hitachi,日立,R-V38X,hitachi-rv38x,basic,1. 基本情報,colors,カラー,中,HITACHI 2025年冷蔵庫公式資料,8・公式仕様ページ,確認済み一次資料に型番単位の明記なし,当該年式の公式商品ページ（アーカイブを含む）または色記号入り価格表,色名・発売月・シリーズ呼称は、総合カタログより個別商品ページや販売店向け価格表の方が型番単位で明記される可能性が高い。
hitachi,日立,R-V38X,hitachi-rv38x,refrigeration,4. 冷蔵機能,door-pocket,ドアポケット,低,HITACHI 2025年冷蔵庫公式資料,8・公式仕様ページ,確認済み一次資料に型番単位の明記なし,取扱説明書のチルド設定・棚組み替え・ドアポケット部品一覧、公式鮮度試験ページ,チルドの温度・保存期間と、棚やドアポケットの型番別構成は、機能訴求ページだけでなく説明書の設定・部品一覧で確定できる。
hitachi,日立,R-V38X,hitachi-rv38x,refrigeration,4. 冷蔵機能,fridge-other,その他,低,HITACHI 2025年冷蔵庫公式資料,8・公式仕様ページ,確認済み一次資料に型番単位の明記なし,取扱説明書のチルド設定・棚組み替え・ドアポケット部品一覧、公式鮮度試験ページ,チルドの温度・保存期間と、棚やドアポケットの型番別構成は、機能訴求ページだけでなく説明書の設定・部品一覧で確定できる。
hitachi,日立,R-V38X,hitachi-rv38x,freezing,5. 冷凍機能,frost-control,霜付き防止機能,低,HITACHI 2025年冷蔵庫公式資料,8・公式仕様ページ,確認済み一次資料に型番単位の明記なし,型番別の冷凍・製氷機能比較表、冷凍室断面図、取扱説明書の運転モード一覧,特殊冷凍、小冷凍室、霜対策、収納段数、独立製氷室は別項目なので、型番別比較表と室構成図の両方が必要。
hitachi,日立,R-V38X,hitachi-rv38x,freezing,5. 冷凍機能,freezer-other,その他,低,HITACHI 2025年冷蔵庫公式資料,8・公式仕様ページ,確認済み一次資料に型番単位の明記なし,型番別の冷凍・製氷機能比較表、冷凍室断面図、取扱説明書の運転モード一覧,特殊冷凍、小冷凍室、霜対策、収納段数、独立製氷室は別項目なので、型番別比較表と室構成図の両方が必要。
hitachi,日立,R-V38X,hitachi-rv38x,energy,8. 省エネ性,energy-ai,省エネ運転・AI学習,低,HITACHI 2025年冷蔵庫公式資料,8・公式仕様ページ,確認済み一次資料に型番単位の明記なし,公式仕様表、省エネラベル、型番別機能比較表,年間消費電力量は仕様表、AI・センサーの有無は機能比較表、達成率は統一省エネラベルで確定できる。
hitachi,日立,R-V38X,hitachi-rv38x,smart,9. スマホ連携・IoT,iot-connectivity,通信・対応アプリ,低,HITACHI 2025年冷蔵庫公式資料,8・公式仕様ページ,確認済み一次資料に型番単位の明記なし,メーカー公式アプリ対応機種一覧、ネットワーク設定ガイド、アプリ機能一覧,Wi-Fi搭載とアプリ対応、食材管理、通知、AIは別項目なので、アプリの対応型番表と機能対応表の両方が必要。
hitachi,日立,R-V38X,hitachi-rv38x,smart,9. スマホ連携・IoT,iot-food,食材管理・庫内確認,低,HITACHI 2025年冷蔵庫公式資料,8・公式仕様ページ,確認済み一次資料に型番単位の明記なし,メーカー公式アプリ対応機種一覧、ネットワーク設定ガイド、アプリ機能一覧,Wi-Fi搭載とアプリ対応、食材管理、通知、AIは別項目なので、アプリの対応型番表と機能対応表の両方が必要。
hitachi,日立,R-V38X,hitachi-rv38x,smart,9. スマホ連携・IoT,iot-monitoring,通知・見守り・遠隔操作,低,HITACHI 2025年冷蔵庫公式資料,8・公式仕様ページ,確認済み一次資料に型番単位の明記なし,メーカー公式アプリ対応機種一覧、ネットワーク設定ガイド、アプリ機能一覧,Wi-Fi搭載とアプリ対応、食材管理、通知、AIは別項目なので、アプリの対応型番表と機能対応表の両方が必要。
hitachi,日立,R-V38X,hitachi-rv38x,smart,9. スマホ連携・IoT,iot-ai,AI・音声連携,低,HITACHI 2025年冷蔵庫公式資料,8・公式仕様ページ,確認済み一次資料に型番単位の明記なし,メーカー公式アプリ対応機種一覧、ネットワーク設定ガイド、アプリ機能一覧,Wi-Fi搭載とアプリ対応、食材管理、通知、AIは別項目なので、アプリの対応型番表と機能対応表の両方が必要。
mitsubishi,三菱電機,MR-WZ61N,mitsubishi-mr-wz61n,refrigeration,4. 冷蔵機能,door-pocket,ドアポケット,低,MITSUBISHI 冷蔵庫総合カタログ 2026-01,1–7,確認済み一次資料に型番単位の明記なし,取扱説明書のチルド設定・棚組み替え・ドアポケット部品一覧、公式鮮度試験ページ,チルドの温度・保存期間と、棚やドアポケットの型番別構成は、機能訴求ページだけでなく説明書の設定・部品一覧で確定できる。
mitsubishi,三菱電機,MR-WZ61N,mitsubishi-mr-wz61n,refrigeration,4. 冷蔵機能,fridge-other,その他,低,MITSUBISHI 冷蔵庫総合カタログ 2026-01,1–7,確認済み一次資料に型番単位の明記なし,取扱説明書のチルド設定・棚組み替え・ドアポケット部品一覧、公式鮮度試験ページ,チルドの温度・保存期間と、棚やドアポケットの型番別構成は、機能訴求ページだけでなく説明書の設定・部品一覧で確定できる。
mitsubishi,三菱電機,MR-WZ61N,mitsubishi-mr-wz61n,freezing,5. 冷凍機能,freezer-other,その他,低,MITSUBISHI 冷蔵庫総合カタログ 2026-01,1–7,確認済み一次資料に型番単位の明記なし,型番別の冷凍・製氷機能比較表、冷凍室断面図、取扱説明書の運転モード一覧,特殊冷凍、小冷凍室、霜対策、収納段数、独立製氷室は別項目なので、型番別比較表と室構成図の両方が必要。
mitsubishi,三菱電機,MR-WZ61N,mitsubishi-mr-wz61n,smart,9. スマホ連携・IoT,iot-food,食材管理・庫内確認,低,MITSUBISHI 冷蔵庫総合カタログ 2026-01,1–7,確認済み一次資料に型番単位の明記なし,メーカー公式アプリ対応機種一覧、ネットワーク設定ガイド、アプリ機能一覧,Wi-Fi搭載とアプリ対応、食材管理、通知、AIは別項目なので、アプリの対応型番表と機能対応表の両方が必要。
mitsubishi,三菱電機,MR-MZ60N,mitsubishi-mr-mz60n,refrigeration,4. 冷蔵機能,door-pocket,ドアポケット,低,MITSUBISHI 冷蔵庫総合カタログ 2026-01,1–7,確認済み一次資料に型番単位の明記なし,取扱説明書のチルド設定・棚組み替え・ドアポケット部品一覧、公式鮮度試験ページ,チルドの温度・保存期間と、棚やドアポケットの型番別構成は、機能訴求ページだけでなく説明書の設定・部品一覧で確定できる。
mitsubishi,三菱電機,MR-MZ60N,mitsubishi-mr-mz60n,refrigeration,4. 冷蔵機能,fridge-other,その他,低,MITSUBISHI 冷蔵庫総合カタログ 2026-01,1–7,確認済み一次資料に型番単位の明記なし,取扱説明書のチルド設定・棚組み替え・ドアポケット部品一覧、公式鮮度試験ページ,チルドの温度・保存期間と、棚やドアポケットの型番別構成は、機能訴求ページだけでなく説明書の設定・部品一覧で確定できる。
mitsubishi,三菱電機,MR-MZ60N,mitsubishi-mr-mz60n,freezing,5. 冷凍機能,freezer-other,その他,低,MITSUBISHI 冷蔵庫総合カタログ 2026-01,1–7,確認済み一次資料に型番単位の明記なし,型番別の冷凍・製氷機能比較表、冷凍室断面図、取扱説明書の運転モード一覧,特殊冷凍、小冷凍室、霜対策、収納段数、独立製氷室は別項目なので、型番別比較表と室構成図の両方が必要。
mitsubishi,三菱電機,MR-MZ60N,mitsubishi-mr-mz60n,smart,9. スマホ連携・IoT,iot-food,食材管理・庫内確認,低,MITSUBISHI 冷蔵庫総合カタログ 2026-01,1–7,確認済み一次資料に型番単位の明記なし,メーカー公式アプリ対応機種一覧、ネットワーク設定ガイド、アプリ機能一覧,Wi-Fi搭載とアプリ対応、食材管理、通知、AIは別項目なので、アプリの対応型番表と機能対応表の両方が必要。
mitsubishi,三菱電機,MR-JW55N,mitsubishi-mrjw55n,refrigeration,4. 冷蔵機能,door-pocket,ドアポケット,低,MITSUBISHI 冷蔵庫総合カタログ 2026-01,5–6,確認済み一次資料に型番単位の明記なし,取扱説明書のチルド設定・棚組み替え・ドアポケット部品一覧、公式鮮度試験ページ,チルドの温度・保存期間と、棚やドアポケットの型番別構成は、機能訴求ページだけでなく説明書の設定・部品一覧で確定できる。
mitsubishi,三菱電機,MR-JW55N,mitsubishi-mrjw55n,refrigeration,4. 冷蔵機能,fridge-other,その他,低,MITSUBISHI 冷蔵庫総合カタログ 2026-01,5–6,確認済み一次資料に型番単位の明記なし,取扱説明書のチルド設定・棚組み替え・ドアポケット部品一覧、公式鮮度試験ページ,チルドの温度・保存期間と、棚やドアポケットの型番別構成は、機能訴求ページだけでなく説明書の設定・部品一覧で確定できる。
mitsubishi,三菱電機,MR-JW55N,mitsubishi-mrjw55n,freezing,5. 冷凍機能,freezer-other,その他,低,MITSUBISHI 冷蔵庫総合カタログ 2026-01,5–6,確認済み一次資料に型番単位の明記なし,型番別の冷凍・製氷機能比較表、冷凍室断面図、取扱説明書の運転モード一覧,特殊冷凍、小冷凍室、霜対策、収納段数、独立製氷室は別項目なので、型番別比較表と室構成図の両方が必要。
mitsubishi,三菱電機,MR-JW55N,mitsubishi-mrjw55n,smart,9. スマホ連携・IoT,iot-connectivity,通信・対応アプリ,低,MITSUBISHI 冷蔵庫総合カタログ 2026-01,5–6,確認済み一次資料に型番単位の明記なし,メーカー公式アプリ対応機種一覧、ネットワーク設定ガイド、アプリ機能一覧,Wi-Fi搭載とアプリ対応、食材管理、通知、AIは別項目なので、アプリの対応型番表と機能対応表の両方が必要。
mitsubishi,三菱電機,MR-JW55N,mitsubishi-mrjw55n,smart,9. スマホ連携・IoT,iot-food,食材管理・庫内確認,低,MITSUBISHI 冷蔵庫総合カタログ 2026-01,5–6,確認済み一次資料に型番単位の明記なし,メーカー公式アプリ対応機種一覧、ネットワーク設定ガイド、アプリ機能一覧,Wi-Fi搭載とアプリ対応、食材管理、通知、AIは別項目なので、アプリの対応型番表と機能対応表の両方が必要。
mitsubishi,三菱電機,MR-JW55N,mitsubishi-mrjw55n,smart,9. スマホ連携・IoT,iot-monitoring,通知・見守り・遠隔操作,低,MITSUBISHI 冷蔵庫総合カタログ 2026-01,5–6,確認済み一次資料に型番単位の明記なし,メーカー公式アプリ対応機種一覧、ネットワーク設定ガイド、アプリ機能一覧,Wi-Fi搭載とアプリ対応、食材管理、通知、AIは別項目なので、アプリの対応型番表と機能対応表の両方が必要。
mitsubishi,三菱電機,MR-WZ55J,mitsubishi-mrwz55j,basic,1. 基本情報,colors,カラー,中,三菱電機 冷蔵庫 公式製品情報,公式仕様ページ,対象年式が提供カタログ外、または型番別対応表が不足,当該年式の公式商品ページ（アーカイブを含む）または色記号入り価格表,色名・発売月・シリーズ呼称は、総合カタログより個別商品ページや販売店向け価格表の方が型番単位で明記される可能性が高い。
mitsubishi,三菱電機,MR-WZ55J,mitsubishi-mrwz55j,refrigeration,4. 冷蔵機能,door-pocket,ドアポケット,低,三菱電機 冷蔵庫 公式製品情報,公式仕様ページ,対象年式が提供カタログ外、または型番別対応表が不足,取扱説明書のチルド設定・棚組み替え・ドアポケット部品一覧、公式鮮度試験ページ,チルドの温度・保存期間と、棚やドアポケットの型番別構成は、機能訴求ページだけでなく説明書の設定・部品一覧で確定できる。
mitsubishi,三菱電機,MR-WZ55J,mitsubishi-mrwz55j,refrigeration,4. 冷蔵機能,fridge-other,その他,低,三菱電機 冷蔵庫 公式製品情報,公式仕様ページ,対象年式が提供カタログ外、または型番別対応表が不足,取扱説明書のチルド設定・棚組み替え・ドアポケット部品一覧、公式鮮度試験ページ,チルドの温度・保存期間と、棚やドアポケットの型番別構成は、機能訴求ページだけでなく説明書の設定・部品一覧で確定できる。
mitsubishi,三菱電機,MR-WZ55J,mitsubishi-mrwz55j,freezing,5. 冷凍機能,freezer-other,その他,低,三菱電機 冷蔵庫 公式製品情報,公式仕様ページ,対象年式が提供カタログ外、または型番別対応表が不足,型番別の冷凍・製氷機能比較表、冷凍室断面図、取扱説明書の運転モード一覧,特殊冷凍、小冷凍室、霜対策、収納段数、独立製氷室は別項目なので、型番別比較表と室構成図の両方が必要。
mitsubishi,三菱電機,MR-WZ55J,mitsubishi-mrwz55j,smart,9. スマホ連携・IoT,iot-food,食材管理・庫内確認,低,三菱電機 冷蔵庫 公式製品情報,公式仕様ページ,対象年式が提供カタログ外、または型番別対応表が不足,メーカー公式アプリ対応機種一覧、ネットワーク設定ガイド、アプリ機能一覧,Wi-Fi搭載とアプリ対応、食材管理、通知、AIは別項目なので、アプリの対応型番表と機能対応表の両方が必要。
mitsubishi,三菱電機,MR-WZ55M,mitsubishi-mrwz55m,basic,1. 基本情報,colors,カラー,中,MITSUBISHI 冷蔵庫総合カタログ 2025-05,5–6・公式仕様ページ,確認済み一次資料に型番単位の明記なし,当該年式の公式商品ページ（アーカイブを含む）または色記号入り価格表,色名・発売月・シリーズ呼称は、総合カタログより個別商品ページや販売店向け価格表の方が型番単位で明記される可能性が高い。
mitsubishi,三菱電機,MR-WZ55M,mitsubishi-mrwz55m,refrigeration,4. 冷蔵機能,door-pocket,ドアポケット,低,MITSUBISHI 冷蔵庫総合カタログ 2025-05,5–6・公式仕様ページ,確認済み一次資料に型番単位の明記なし,取扱説明書のチルド設定・棚組み替え・ドアポケット部品一覧、公式鮮度試験ページ,チルドの温度・保存期間と、棚やドアポケットの型番別構成は、機能訴求ページだけでなく説明書の設定・部品一覧で確定できる。
mitsubishi,三菱電機,MR-WZ55M,mitsubishi-mrwz55m,refrigeration,4. 冷蔵機能,fridge-other,その他,低,MITSUBISHI 冷蔵庫総合カタログ 2025-05,5–6・公式仕様ページ,確認済み一次資料に型番単位の明記なし,取扱説明書のチルド設定・棚組み替え・ドアポケット部品一覧、公式鮮度試験ページ,チルドの温度・保存期間と、棚やドアポケットの型番別構成は、機能訴求ページだけでなく説明書の設定・部品一覧で確定できる。
mitsubishi,三菱電機,MR-WZ55M,mitsubishi-mrwz55m,freezing,5. 冷凍機能,freezer-other,その他,低,MITSUBISHI 冷蔵庫総合カタログ 2025-05,5–6・公式仕様ページ,確認済み一次資料に型番単位の明記なし,型番別の冷凍・製氷機能比較表、冷凍室断面図、取扱説明書の運転モード一覧,特殊冷凍、小冷凍室、霜対策、収納段数、独立製氷室は別項目なので、型番別比較表と室構成図の両方が必要。
mitsubishi,三菱電機,MR-WZ55M,mitsubishi-mrwz55m,smart,9. スマホ連携・IoT,iot-food,食材管理・庫内確認,低,MITSUBISHI 冷蔵庫総合カタログ 2025-05,5–6・公式仕様ページ,確認済み一次資料に型番単位の明記なし,メーカー公式アプリ対応機種一覧、ネットワーク設定ガイド、アプリ機能一覧,Wi-Fi搭載とアプリ対応、食材管理、通知、AIは別項目なので、アプリの対応型番表と機能対応表の両方が必要。
mitsubishi,三菱電機,MR-WZ55N,mitsubishi-mrwz55n,refrigeration,4. 冷蔵機能,door-pocket,ドアポケット,低,MITSUBISHI 冷蔵庫総合カタログ 2026-01,5–6,確認済み一次資料に型番単位の明記なし,取扱説明書のチルド設定・棚組み替え・ドアポケット部品一覧、公式鮮度試験ページ,チルドの温度・保存期間と、棚やドアポケットの型番別構成は、機能訴求ページだけでなく説明書の設定・部品一覧で確定できる。
mitsubishi,三菱電機,MR-WZ55N,mitsubishi-mrwz55n,refrigeration,4. 冷蔵機能,fridge-other,その他,低,MITSUBISHI 冷蔵庫総合カタログ 2026-01,5–6,確認済み一次資料に型番単位の明記なし,取扱説明書のチルド設定・棚組み替え・ドアポケット部品一覧、公式鮮度試験ページ,チルドの温度・保存期間と、棚やドアポケットの型番別構成は、機能訴求ページだけでなく説明書の設定・部品一覧で確定できる。
mitsubishi,三菱電機,MR-WZ55N,mitsubishi-mrwz55n,freezing,5. 冷凍機能,freezer-other,その他,低,MITSUBISHI 冷蔵庫総合カタログ 2026-01,5–6,確認済み一次資料に型番単位の明記なし,型番別の冷凍・製氷機能比較表、冷凍室断面図、取扱説明書の運転モード一覧,特殊冷凍、小冷凍室、霜対策、収納段数、独立製氷室は別項目なので、型番別比較表と室構成図の両方が必要。
mitsubishi,三菱電機,MR-WZ55N,mitsubishi-mrwz55n,smart,9. スマホ連携・IoT,iot-food,食材管理・庫内確認,低,MITSUBISHI 冷蔵庫総合カタログ 2026-01,5–6,確認済み一次資料に型番単位の明記なし,メーカー公式アプリ対応機種一覧、ネットワーク設定ガイド、アプリ機能一覧,Wi-Fi搭載とアプリ対応、食材管理、通知、AIは別項目なので、アプリの対応型番表と機能対応表の両方が必要。
mitsubishi,三菱電機,MR-JM54N,mitsubishi-mrjm54n,refrigeration,4. 冷蔵機能,door-pocket,ドアポケット,低,MITSUBISHI 冷蔵庫総合カタログ 2026-01,5–6,確認済み一次資料に型番単位の明記なし,取扱説明書のチルド設定・棚組み替え・ドアポケット部品一覧、公式鮮度試験ページ,チルドの温度・保存期間と、棚やドアポケットの型番別構成は、機能訴求ページだけでなく説明書の設定・部品一覧で確定できる。
mitsubishi,三菱電機,MR-JM54N,mitsubishi-mrjm54n,refrigeration,4. 冷蔵機能,fridge-other,その他,低,MITSUBISHI 冷蔵庫総合カタログ 2026-01,5–6,確認済み一次資料に型番単位の明記なし,取扱説明書のチルド設定・棚組み替え・ドアポケット部品一覧、公式鮮度試験ページ,チルドの温度・保存期間と、棚やドアポケットの型番別構成は、機能訴求ページだけでなく説明書の設定・部品一覧で確定できる。
mitsubishi,三菱電機,MR-JM54N,mitsubishi-mrjm54n,freezing,5. 冷凍機能,freezer-other,その他,低,MITSUBISHI 冷蔵庫総合カタログ 2026-01,5–6,確認済み一次資料に型番単位の明記なし,型番別の冷凍・製氷機能比較表、冷凍室断面図、取扱説明書の運転モード一覧,特殊冷凍、小冷凍室、霜対策、収納段数、独立製氷室は別項目なので、型番別比較表と室構成図の両方が必要。
mitsubishi,三菱電機,MR-JM54N,mitsubishi-mrjm54n,smart,9. スマホ連携・IoT,iot-connectivity,通信・対応アプリ,低,MITSUBISHI 冷蔵庫総合カタログ 2026-01,5–6,確認済み一次資料に型番単位の明記なし,メーカー公式アプリ対応機種一覧、ネットワーク設定ガイド、アプリ機能一覧,Wi-Fi搭載とアプリ対応、食材管理、通知、AIは別項目なので、アプリの対応型番表と機能対応表の両方が必要。
mitsubishi,三菱電機,MR-JM54N,mitsubishi-mrjm54n,smart,9. スマホ連携・IoT,iot-food,食材管理・庫内確認,低,MITSUBISHI 冷蔵庫総合カタログ 2026-01,5–6,確認済み一次資料に型番単位の明記なし,メーカー公式アプリ対応機種一覧、ネットワーク設定ガイド、アプリ機能一覧,Wi-Fi搭載とアプリ対応、食材管理、通知、AIは別項目なので、アプリの対応型番表と機能対応表の両方が必要。
mitsubishi,三菱電機,MR-JM54N,mitsubishi-mrjm54n,smart,9. スマホ連携・IoT,iot-monitoring,通知・見守り・遠隔操作,低,MITSUBISHI 冷蔵庫総合カタログ 2026-01,5–6,確認済み一次資料に型番単位の明記なし,メーカー公式アプリ対応機種一覧、ネットワーク設定ガイド、アプリ機能一覧,Wi-Fi搭載とアプリ対応、食材管理、通知、AIは別項目なので、アプリの対応型番表と機能対応表の両方が必要。
mitsubishi,三菱電機,MR-MZ54M,mitsubishi-mrmz54m,basic,1. 基本情報,colors,カラー,中,MITSUBISHI 冷蔵庫総合カタログ 2025-05,5–6・公式仕様ページ,確認済み一次資料に型番単位の明記なし,当該年式の公式商品ページ（アーカイブを含む）または色記号入り価格表,色名・発売月・シリーズ呼称は、総合カタログより個別商品ページや販売店向け価格表の方が型番単位で明記される可能性が高い。
mitsubishi,三菱電機,MR-MZ54M,mitsubishi-mrmz54m,refrigeration,4. 冷蔵機能,door-pocket,ドアポケット,低,MITSUBISHI 冷蔵庫総合カタログ 2025-05,5–6・公式仕様ページ,確認済み一次資料に型番単位の明記なし,取扱説明書のチルド設定・棚組み替え・ドアポケット部品一覧、公式鮮度試験ページ,チルドの温度・保存期間と、棚やドアポケットの型番別構成は、機能訴求ページだけでなく説明書の設定・部品一覧で確定できる。
mitsubishi,三菱電機,MR-MZ54M,mitsubishi-mrmz54m,refrigeration,4. 冷蔵機能,fridge-other,その他,低,MITSUBISHI 冷蔵庫総合カタログ 2025-05,5–6・公式仕様ページ,確認済み一次資料に型番単位の明記なし,取扱説明書のチルド設定・棚組み替え・ドアポケット部品一覧、公式鮮度試験ページ,チルドの温度・保存期間と、棚やドアポケットの型番別構成は、機能訴求ページだけでなく説明書の設定・部品一覧で確定できる。
mitsubishi,三菱電機,MR-MZ54M,mitsubishi-mrmz54m,freezing,5. 冷凍機能,freezer-other,その他,低,MITSUBISHI 冷蔵庫総合カタログ 2025-05,5–6・公式仕様ページ,確認済み一次資料に型番単位の明記なし,型番別の冷凍・製氷機能比較表、冷凍室断面図、取扱説明書の運転モード一覧,特殊冷凍、小冷凍室、霜対策、収納段数、独立製氷室は別項目なので、型番別比較表と室構成図の両方が必要。
mitsubishi,三菱電機,MR-MZ54M,mitsubishi-mrmz54m,smart,9. スマホ連携・IoT,iot-food,食材管理・庫内確認,低,MITSUBISHI 冷蔵庫総合カタログ 2025-05,5–6・公式仕様ページ,確認済み一次資料に型番単位の明記なし,メーカー公式アプリ対応機種一覧、ネットワーク設定ガイド、アプリ機能一覧,Wi-Fi搭載とアプリ対応、食材管理、通知、AIは別項目なので、アプリの対応型番表と機能対応表の両方が必要。
mitsubishi,三菱電機,MR-MZ54N,mitsubishi-mrmz54n,refrigeration,4. 冷蔵機能,door-pocket,ドアポケット,低,MITSUBISHI 冷蔵庫総合カタログ 2026-01,5–6,確認済み一次資料に型番単位の明記なし,取扱説明書のチルド設定・棚組み替え・ドアポケット部品一覧、公式鮮度試験ページ,チルドの温度・保存期間と、棚やドアポケットの型番別構成は、機能訴求ページだけでなく説明書の設定・部品一覧で確定できる。
mitsubishi,三菱電機,MR-MZ54N,mitsubishi-mrmz54n,refrigeration,4. 冷蔵機能,fridge-other,その他,低,MITSUBISHI 冷蔵庫総合カタログ 2026-01,5–6,確認済み一次資料に型番単位の明記なし,取扱説明書のチルド設定・棚組み替え・ドアポケット部品一覧、公式鮮度試験ページ,チルドの温度・保存期間と、棚やドアポケットの型番別構成は、機能訴求ページだけでなく説明書の設定・部品一覧で確定できる。
mitsubishi,三菱電機,MR-MZ54N,mitsubishi-mrmz54n,freezing,5. 冷凍機能,freezer-other,その他,低,MITSUBISHI 冷蔵庫総合カタログ 2026-01,5–6,確認済み一次資料に型番単位の明記なし,型番別の冷凍・製氷機能比較表、冷凍室断面図、取扱説明書の運転モード一覧,特殊冷凍、小冷凍室、霜対策、収納段数、独立製氷室は別項目なので、型番別比較表と室構成図の両方が必要。
mitsubishi,三菱電機,MR-MZ54N,mitsubishi-mrmz54n,smart,9. スマホ連携・IoT,iot-food,食材管理・庫内確認,低,MITSUBISHI 冷蔵庫総合カタログ 2026-01,5–6,確認済み一次資料に型番単位の明記なし,メーカー公式アプリ対応機種一覧、ネットワーク設定ガイド、アプリ機能一覧,Wi-Fi搭載とアプリ対応、食材管理、通知、AIは別項目なので、アプリの対応型番表と機能対応表の両方が必要。
mitsubishi,三菱電機,MR-JW50M,mitsubishi-mrjw50m,basic,1. 基本情報,colors,カラー,中,MITSUBISHI 冷蔵庫総合カタログ 2025-05,5–6・公式仕様ページ,確認済み一次資料に型番単位の明記なし,当該年式の公式商品ページ（アーカイブを含む）または色記号入り価格表,色名・発売月・シリーズ呼称は、総合カタログより個別商品ページや販売店向け価格表の方が型番単位で明記される可能性が高い。
mitsubishi,三菱電機,MR-JW50M,mitsubishi-mrjw50m,refrigeration,4. 冷蔵機能,door-pocket,ドアポケット,低,MITSUBISHI 冷蔵庫総合カタログ 2025-05,5–6・公式仕様ページ,確認済み一次資料に型番単位の明記なし,取扱説明書のチルド設定・棚組み替え・ドアポケット部品一覧、公式鮮度試験ページ,チルドの温度・保存期間と、棚やドアポケットの型番別構成は、機能訴求ページだけでなく説明書の設定・部品一覧で確定できる。
mitsubishi,三菱電機,MR-JW50M,mitsubishi-mrjw50m,refrigeration,4. 冷蔵機能,fridge-other,その他,低,MITSUBISHI 冷蔵庫総合カタログ 2025-05,5–6・公式仕様ページ,確認済み一次資料に型番単位の明記なし,取扱説明書のチルド設定・棚組み替え・ドアポケット部品一覧、公式鮮度試験ページ,チルドの温度・保存期間と、棚やドアポケットの型番別構成は、機能訴求ページだけでなく説明書の設定・部品一覧で確定できる。
mitsubishi,三菱電機,MR-JW50M,mitsubishi-mrjw50m,freezing,5. 冷凍機能,freezer-other,その他,低,MITSUBISHI 冷蔵庫総合カタログ 2025-05,5–6・公式仕様ページ,確認済み一次資料に型番単位の明記なし,型番別の冷凍・製氷機能比較表、冷凍室断面図、取扱説明書の運転モード一覧,特殊冷凍、小冷凍室、霜対策、収納段数、独立製氷室は別項目なので、型番別比較表と室構成図の両方が必要。
mitsubishi,三菱電機,MR-JW50M,mitsubishi-mrjw50m,smart,9. スマホ連携・IoT,iot-connectivity,通信・対応アプリ,低,MITSUBISHI 冷蔵庫総合カタログ 2025-05,5–6・公式仕様ページ,確認済み一次資料に型番単位の明記なし,メーカー公式アプリ対応機種一覧、ネットワーク設定ガイド、アプリ機能一覧,Wi-Fi搭載とアプリ対応、食材管理、通知、AIは別項目なので、アプリの対応型番表と機能対応表の両方が必要。
mitsubishi,三菱電機,MR-JW50M,mitsubishi-mrjw50m,smart,9. スマホ連携・IoT,iot-food,食材管理・庫内確認,低,MITSUBISHI 冷蔵庫総合カタログ 2025-05,5–6・公式仕様ページ,確認済み一次資料に型番単位の明記なし,メーカー公式アプリ対応機種一覧、ネットワーク設定ガイド、アプリ機能一覧,Wi-Fi搭載とアプリ対応、食材管理、通知、AIは別項目なので、アプリの対応型番表と機能対応表の両方が必要。
mitsubishi,三菱電機,MR-JW50M,mitsubishi-mrjw50m,smart,9. スマホ連携・IoT,iot-monitoring,通知・見守り・遠隔操作,低,MITSUBISHI 冷蔵庫総合カタログ 2025-05,5–6・公式仕様ページ,確認済み一次資料に型番単位の明記なし,メーカー公式アプリ対応機種一覧、ネットワーク設定ガイド、アプリ機能一覧,Wi-Fi搭載とアプリ対応、食材管理、通知、AIは別項目なので、アプリの対応型番表と機能対応表の両方が必要。
mitsubishi,三菱電機,MR-JW50N,mitsubishi-mrjw50n,refrigeration,4. 冷蔵機能,door-pocket,ドアポケット,低,MITSUBISHI 冷蔵庫総合カタログ 2026-01,5–6,確認済み一次資料に型番単位の明記なし,取扱説明書のチルド設定・棚組み替え・ドアポケット部品一覧、公式鮮度試験ページ,チルドの温度・保存期間と、棚やドアポケットの型番別構成は、機能訴求ページだけでなく説明書の設定・部品一覧で確定できる。
mitsubishi,三菱電機,MR-JW50N,mitsubishi-mrjw50n,refrigeration,4. 冷蔵機能,fridge-other,その他,低,MITSUBISHI 冷蔵庫総合カタログ 2026-01,5–6,確認済み一次資料に型番単位の明記なし,取扱説明書のチルド設定・棚組み替え・ドアポケット部品一覧、公式鮮度試験ページ,チルドの温度・保存期間と、棚やドアポケットの型番別構成は、機能訴求ページだけでなく説明書の設定・部品一覧で確定できる。
mitsubishi,三菱電機,MR-JW50N,mitsubishi-mrjw50n,freezing,5. 冷凍機能,freezer-other,その他,低,MITSUBISHI 冷蔵庫総合カタログ 2026-01,5–6,確認済み一次資料に型番単位の明記なし,型番別の冷凍・製氷機能比較表、冷凍室断面図、取扱説明書の運転モード一覧,特殊冷凍、小冷凍室、霜対策、収納段数、独立製氷室は別項目なので、型番別比較表と室構成図の両方が必要。
mitsubishi,三菱電機,MR-JW50N,mitsubishi-mrjw50n,smart,9. スマホ連携・IoT,iot-connectivity,通信・対応アプリ,低,MITSUBISHI 冷蔵庫総合カタログ 2026-01,5–6,確認済み一次資料に型番単位の明記なし,メーカー公式アプリ対応機種一覧、ネットワーク設定ガイド、アプリ機能一覧,Wi-Fi搭載とアプリ対応、食材管理、通知、AIは別項目なので、アプリの対応型番表と機能対応表の両方が必要。
mitsubishi,三菱電機,MR-JW50N,mitsubishi-mrjw50n,smart,9. スマホ連携・IoT,iot-food,食材管理・庫内確認,低,MITSUBISHI 冷蔵庫総合カタログ 2026-01,5–6,確認済み一次資料に型番単位の明記なし,メーカー公式アプリ対応機種一覧、ネットワーク設定ガイド、アプリ機能一覧,Wi-Fi搭載とアプリ対応、食材管理、通知、AIは別項目なので、アプリの対応型番表と機能対応表の両方が必要。
mitsubishi,三菱電機,MR-JW50N,mitsubishi-mrjw50n,smart,9. スマホ連携・IoT,iot-monitoring,通知・見守り・遠隔操作,低,MITSUBISHI 冷蔵庫総合カタログ 2026-01,5–6,確認済み一次資料に型番単位の明記なし,メーカー公式アプリ対応機種一覧、ネットワーク設定ガイド、アプリ機能一覧,Wi-Fi搭載とアプリ対応、食材管理、通知、AIは別項目なので、アプリの対応型番表と機能対応表の両方が必要。
mitsubishi,三菱電機,MR-WZ50M,mitsubishi-mrwz50m,basic,1. 基本情報,colors,カラー,中,MITSUBISHI 冷蔵庫総合カタログ 2025-05,5–6・公式仕様ページ,確認済み一次資料に型番単位の明記なし,当該年式の公式商品ページ（アーカイブを含む）または色記号入り価格表,色名・発売月・シリーズ呼称は、総合カタログより個別商品ページや販売店向け価格表の方が型番単位で明記される可能性が高い。
mitsubishi,三菱電機,MR-WZ50M,mitsubishi-mrwz50m,refrigeration,4. 冷蔵機能,door-pocket,ドアポケット,低,MITSUBISHI 冷蔵庫総合カタログ 2025-05,5–6・公式仕様ページ,確認済み一次資料に型番単位の明記なし,取扱説明書のチルド設定・棚組み替え・ドアポケット部品一覧、公式鮮度試験ページ,チルドの温度・保存期間と、棚やドアポケットの型番別構成は、機能訴求ページだけでなく説明書の設定・部品一覧で確定できる。
mitsubishi,三菱電機,MR-WZ50M,mitsubishi-mrwz50m,refrigeration,4. 冷蔵機能,fridge-other,その他,低,MITSUBISHI 冷蔵庫総合カタログ 2025-05,5–6・公式仕様ページ,確認済み一次資料に型番単位の明記なし,取扱説明書のチルド設定・棚組み替え・ドアポケット部品一覧、公式鮮度試験ページ,チルドの温度・保存期間と、棚やドアポケットの型番別構成は、機能訴求ページだけでなく説明書の設定・部品一覧で確定できる。
mitsubishi,三菱電機,MR-WZ50M,mitsubishi-mrwz50m,freezing,5. 冷凍機能,freezer-other,その他,低,MITSUBISHI 冷蔵庫総合カタログ 2025-05,5–6・公式仕様ページ,確認済み一次資料に型番単位の明記なし,型番別の冷凍・製氷機能比較表、冷凍室断面図、取扱説明書の運転モード一覧,特殊冷凍、小冷凍室、霜対策、収納段数、独立製氷室は別項目なので、型番別比較表と室構成図の両方が必要。
mitsubishi,三菱電機,MR-WZ50M,mitsubishi-mrwz50m,smart,9. スマホ連携・IoT,iot-food,食材管理・庫内確認,低,MITSUBISHI 冷蔵庫総合カタログ 2025-05,5–6・公式仕様ページ,確認済み一次資料に型番単位の明記なし,メーカー公式アプリ対応機種一覧、ネットワーク設定ガイド、アプリ機能一覧,Wi-Fi搭載とアプリ対応、食材管理、通知、AIは別項目なので、アプリの対応型番表と機能対応表の両方が必要。
mitsubishi,三菱電機,MR-WZ50N,mitsubishi-mr-wz50n,refrigeration,4. 冷蔵機能,door-pocket,ドアポケット,低,MITSUBISHI 冷蔵庫総合カタログ 2026-01,5–6,確認済み一次資料に型番単位の明記なし,取扱説明書のチルド設定・棚組み替え・ドアポケット部品一覧、公式鮮度試験ページ,チルドの温度・保存期間と、棚やドアポケットの型番別構成は、機能訴求ページだけでなく説明書の設定・部品一覧で確定できる。
mitsubishi,三菱電機,MR-WZ50N,mitsubishi-mr-wz50n,refrigeration,4. 冷蔵機能,fridge-other,その他,低,MITSUBISHI 冷蔵庫総合カタログ 2026-01,5–6,確認済み一次資料に型番単位の明記なし,取扱説明書のチルド設定・棚組み替え・ドアポケット部品一覧、公式鮮度試験ページ,チルドの温度・保存期間と、棚やドアポケットの型番別構成は、機能訴求ページだけでなく説明書の設定・部品一覧で確定できる。
mitsubishi,三菱電機,MR-WZ50N,mitsubishi-mr-wz50n,freezing,5. 冷凍機能,freezer-other,その他,低,MITSUBISHI 冷蔵庫総合カタログ 2026-01,5–6,確認済み一次資料に型番単位の明記なし,型番別の冷凍・製氷機能比較表、冷凍室断面図、取扱説明書の運転モード一覧,特殊冷凍、小冷凍室、霜対策、収納段数、独立製氷室は別項目なので、型番別比較表と室構成図の両方が必要。
mitsubishi,三菱電機,MR-WZ50N,mitsubishi-mr-wz50n,smart,9. スマホ連携・IoT,iot-food,食材管理・庫内確認,低,MITSUBISHI 冷蔵庫総合カタログ 2026-01,5–6,確認済み一次資料に型番単位の明記なし,メーカー公式アプリ対応機種一覧、ネットワーク設定ガイド、アプリ機能一覧,Wi-Fi搭載とアプリ対応、食材管理、通知、AIは別項目なので、アプリの対応型番表と機能対応表の両方が必要。
mitsubishi,三菱電機,MR-JM49N,mitsubishi-mrjm49n,refrigeration,4. 冷蔵機能,door-pocket,ドアポケット,低,MITSUBISHI 冷蔵庫総合カタログ 2026-01,5–6,確認済み一次資料に型番単位の明記なし,取扱説明書のチルド設定・棚組み替え・ドアポケット部品一覧、公式鮮度試験ページ,チルドの温度・保存期間と、棚やドアポケットの型番別構成は、機能訴求ページだけでなく説明書の設定・部品一覧で確定できる。
mitsubishi,三菱電機,MR-JM49N,mitsubishi-mrjm49n,refrigeration,4. 冷蔵機能,fridge-other,その他,低,MITSUBISHI 冷蔵庫総合カタログ 2026-01,5–6,確認済み一次資料に型番単位の明記なし,取扱説明書のチルド設定・棚組み替え・ドアポケット部品一覧、公式鮮度試験ページ,チルドの温度・保存期間と、棚やドアポケットの型番別構成は、機能訴求ページだけでなく説明書の設定・部品一覧で確定できる。
mitsubishi,三菱電機,MR-JM49N,mitsubishi-mrjm49n,freezing,5. 冷凍機能,freezer-other,その他,低,MITSUBISHI 冷蔵庫総合カタログ 2026-01,5–6,確認済み一次資料に型番単位の明記なし,型番別の冷凍・製氷機能比較表、冷凍室断面図、取扱説明書の運転モード一覧,特殊冷凍、小冷凍室、霜対策、収納段数、独立製氷室は別項目なので、型番別比較表と室構成図の両方が必要。
mitsubishi,三菱電機,MR-JM49N,mitsubishi-mrjm49n,smart,9. スマホ連携・IoT,iot-connectivity,通信・対応アプリ,低,MITSUBISHI 冷蔵庫総合カタログ 2026-01,5–6,確認済み一次資料に型番単位の明記なし,メーカー公式アプリ対応機種一覧、ネットワーク設定ガイド、アプリ機能一覧,Wi-Fi搭載とアプリ対応、食材管理、通知、AIは別項目なので、アプリの対応型番表と機能対応表の両方が必要。
mitsubishi,三菱電機,MR-JM49N,mitsubishi-mrjm49n,smart,9. スマホ連携・IoT,iot-food,食材管理・庫内確認,低,MITSUBISHI 冷蔵庫総合カタログ 2026-01,5–6,確認済み一次資料に型番単位の明記なし,メーカー公式アプリ対応機種一覧、ネットワーク設定ガイド、アプリ機能一覧,Wi-Fi搭載とアプリ対応、食材管理、通知、AIは別項目なので、アプリの対応型番表と機能対応表の両方が必要。
mitsubishi,三菱電機,MR-JM49N,mitsubishi-mrjm49n,smart,9. スマホ連携・IoT,iot-monitoring,通知・見守り・遠隔操作,低,MITSUBISHI 冷蔵庫総合カタログ 2026-01,5–6,確認済み一次資料に型番単位の明記なし,メーカー公式アプリ対応機種一覧、ネットワーク設定ガイド、アプリ機能一覧,Wi-Fi搭載とアプリ対応、食材管理、通知、AIは別項目なので、アプリの対応型番表と機能対応表の両方が必要。
mitsubishi,三菱電機,MR-MZ49M,mitsubishi-mrmz49m,basic,1. 基本情報,colors,カラー,中,MITSUBISHI 冷蔵庫総合カタログ 2025-05,5–6・公式仕様ページ,確認済み一次資料に型番単位の明記なし,当該年式の公式商品ページ（アーカイブを含む）または色記号入り価格表,色名・発売月・シリーズ呼称は、総合カタログより個別商品ページや販売店向け価格表の方が型番単位で明記される可能性が高い。
mitsubishi,三菱電機,MR-MZ49M,mitsubishi-mrmz49m,refrigeration,4. 冷蔵機能,door-pocket,ドアポケット,低,MITSUBISHI 冷蔵庫総合カタログ 2025-05,5–6・公式仕様ページ,確認済み一次資料に型番単位の明記なし,取扱説明書のチルド設定・棚組み替え・ドアポケット部品一覧、公式鮮度試験ページ,チルドの温度・保存期間と、棚やドアポケットの型番別構成は、機能訴求ページだけでなく説明書の設定・部品一覧で確定できる。
mitsubishi,三菱電機,MR-MZ49M,mitsubishi-mrmz49m,refrigeration,4. 冷蔵機能,fridge-other,その他,低,MITSUBISHI 冷蔵庫総合カタログ 2025-05,5–6・公式仕様ページ,確認済み一次資料に型番単位の明記なし,取扱説明書のチルド設定・棚組み替え・ドアポケット部品一覧、公式鮮度試験ページ,チルドの温度・保存期間と、棚やドアポケットの型番別構成は、機能訴求ページだけでなく説明書の設定・部品一覧で確定できる。
mitsubishi,三菱電機,MR-MZ49M,mitsubishi-mrmz49m,freezing,5. 冷凍機能,freezer-other,その他,低,MITSUBISHI 冷蔵庫総合カタログ 2025-05,5–6・公式仕様ページ,確認済み一次資料に型番単位の明記なし,型番別の冷凍・製氷機能比較表、冷凍室断面図、取扱説明書の運転モード一覧,特殊冷凍、小冷凍室、霜対策、収納段数、独立製氷室は別項目なので、型番別比較表と室構成図の両方が必要。
mitsubishi,三菱電機,MR-MZ49M,mitsubishi-mrmz49m,smart,9. スマホ連携・IoT,iot-food,食材管理・庫内確認,低,MITSUBISHI 冷蔵庫総合カタログ 2025-05,5–6・公式仕様ページ,確認済み一次資料に型番単位の明記なし,メーカー公式アプリ対応機種一覧、ネットワーク設定ガイド、アプリ機能一覧,Wi-Fi搭載とアプリ対応、食材管理、通知、AIは別項目なので、アプリの対応型番表と機能対応表の両方が必要。
mitsubishi,三菱電機,MR-MZ49N,mitsubishi-mrmz49n,refrigeration,4. 冷蔵機能,door-pocket,ドアポケット,低,MITSUBISHI 冷蔵庫総合カタログ 2026-01,5–6,確認済み一次資料に型番単位の明記なし,取扱説明書のチルド設定・棚組み替え・ドアポケット部品一覧、公式鮮度試験ページ,チルドの温度・保存期間と、棚やドアポケットの型番別構成は、機能訴求ページだけでなく説明書の設定・部品一覧で確定できる。
mitsubishi,三菱電機,MR-MZ49N,mitsubishi-mrmz49n,refrigeration,4. 冷蔵機能,fridge-other,その他,低,MITSUBISHI 冷蔵庫総合カタログ 2026-01,5–6,確認済み一次資料に型番単位の明記なし,取扱説明書のチルド設定・棚組み替え・ドアポケット部品一覧、公式鮮度試験ページ,チルドの温度・保存期間と、棚やドアポケットの型番別構成は、機能訴求ページだけでなく説明書の設定・部品一覧で確定できる。
mitsubishi,三菱電機,MR-MZ49N,mitsubishi-mrmz49n,freezing,5. 冷凍機能,freezer-other,その他,低,MITSUBISHI 冷蔵庫総合カタログ 2026-01,5–6,確認済み一次資料に型番単位の明記なし,型番別の冷凍・製氷機能比較表、冷凍室断面図、取扱説明書の運転モード一覧,特殊冷凍、小冷凍室、霜対策、収納段数、独立製氷室は別項目なので、型番別比較表と室構成図の両方が必要。
mitsubishi,三菱電機,MR-MZ49N,mitsubishi-mrmz49n,smart,9. スマホ連携・IoT,iot-food,食材管理・庫内確認,低,MITSUBISHI 冷蔵庫総合カタログ 2026-01,5–6,確認済み一次資料に型番単位の明記なし,メーカー公式アプリ対応機種一覧、ネットワーク設定ガイド、アプリ機能一覧,Wi-Fi搭載とアプリ対応、食材管理、通知、AIは別項目なので、アプリの対応型番表と機能対応表の両方が必要。
mitsubishi,三菱電機,MR-WXD47LM,mitsubishi-mrwxd47lm,basic,1. 基本情報,colors,カラー,中,MITSUBISHI 冷蔵庫総合カタログ 2025-05,5–6・公式仕様ページ,確認済み一次資料に型番単位の明記なし,当該年式の公式商品ページ（アーカイブを含む）または色記号入り価格表,色名・発売月・シリーズ呼称は、総合カタログより個別商品ページや販売店向け価格表の方が型番単位で明記される可能性が高い。
mitsubishi,三菱電機,MR-WXD47LM,mitsubishi-mrwxd47lm,refrigeration,4. 冷蔵機能,door-pocket,ドアポケット,低,MITSUBISHI 冷蔵庫総合カタログ 2025-05,5–6・公式仕様ページ,確認済み一次資料に型番単位の明記なし,取扱説明書のチルド設定・棚組み替え・ドアポケット部品一覧、公式鮮度試験ページ,チルドの温度・保存期間と、棚やドアポケットの型番別構成は、機能訴求ページだけでなく説明書の設定・部品一覧で確定できる。
mitsubishi,三菱電機,MR-WXD47LM,mitsubishi-mrwxd47lm,refrigeration,4. 冷蔵機能,fridge-other,その他,低,MITSUBISHI 冷蔵庫総合カタログ 2025-05,5–6・公式仕様ページ,確認済み一次資料に型番単位の明記なし,取扱説明書のチルド設定・棚組み替え・ドアポケット部品一覧、公式鮮度試験ページ,チルドの温度・保存期間と、棚やドアポケットの型番別構成は、機能訴求ページだけでなく説明書の設定・部品一覧で確定できる。
mitsubishi,三菱電機,MR-WXD47LM,mitsubishi-mrwxd47lm,freezing,5. 冷凍機能,freezer-other,その他,低,MITSUBISHI 冷蔵庫総合カタログ 2025-05,5–6・公式仕様ページ,確認済み一次資料に型番単位の明記なし,型番別の冷凍・製氷機能比較表、冷凍室断面図、取扱説明書の運転モード一覧,特殊冷凍、小冷凍室、霜対策、収納段数、独立製氷室は別項目なので、型番別比較表と室構成図の両方が必要。
mitsubishi,三菱電機,MR-WXD47LM,mitsubishi-mrwxd47lm,smart,9. スマホ連携・IoT,iot-food,食材管理・庫内確認,低,MITSUBISHI 冷蔵庫総合カタログ 2025-05,5–6・公式仕様ページ,確認済み一次資料に型番単位の明記なし,メーカー公式アプリ対応機種一覧、ネットワーク設定ガイド、アプリ機能一覧,Wi-Fi搭載とアプリ対応、食材管理、通知、AIは別項目なので、アプリの対応型番表と機能対応表の両方が必要。
mitsubishi,三菱電機,MR-WXD47LN,mitsubishi-mrwxd47ln,refrigeration,4. 冷蔵機能,door-pocket,ドアポケット,低,MITSUBISHI 冷蔵庫総合カタログ 2026-01,5–6,確認済み一次資料に型番単位の明記なし,取扱説明書のチルド設定・棚組み替え・ドアポケット部品一覧、公式鮮度試験ページ,チルドの温度・保存期間と、棚やドアポケットの型番別構成は、機能訴求ページだけでなく説明書の設定・部品一覧で確定できる。
mitsubishi,三菱電機,MR-WXD47LN,mitsubishi-mrwxd47ln,refrigeration,4. 冷蔵機能,fridge-other,その他,低,MITSUBISHI 冷蔵庫総合カタログ 2026-01,5–6,確認済み一次資料に型番単位の明記なし,取扱説明書のチルド設定・棚組み替え・ドアポケット部品一覧、公式鮮度試験ページ,チルドの温度・保存期間と、棚やドアポケットの型番別構成は、機能訴求ページだけでなく説明書の設定・部品一覧で確定できる。
mitsubishi,三菱電機,MR-WXD47LN,mitsubishi-mrwxd47ln,freezing,5. 冷凍機能,freezer-other,その他,低,MITSUBISHI 冷蔵庫総合カタログ 2026-01,5–6,確認済み一次資料に型番単位の明記なし,型番別の冷凍・製氷機能比較表、冷凍室断面図、取扱説明書の運転モード一覧,特殊冷凍、小冷凍室、霜対策、収納段数、独立製氷室は別項目なので、型番別比較表と室構成図の両方が必要。
mitsubishi,三菱電機,MR-WXD47LN,mitsubishi-mrwxd47ln,smart,9. スマホ連携・IoT,iot-food,食材管理・庫内確認,低,MITSUBISHI 冷蔵庫総合カタログ 2026-01,5–6,確認済み一次資料に型番単位の明記なし,メーカー公式アプリ対応機種一覧、ネットワーク設定ガイド、アプリ機能一覧,Wi-Fi搭載とアプリ対応、食材管理、通知、AIは別項目なので、アプリの対応型番表と機能対応表の両方が必要。
mitsubishi,三菱電機,MR-BD46K,mitsubishi-mrbd46k,basic,1. 基本情報,colors,カラー,中,MITSUBISHI 冷蔵庫総合カタログ 2025-05,5–6・公式仕様ページ,確認済み一次資料に型番単位の明記なし,当該年式の公式商品ページ（アーカイブを含む）または色記号入り価格表,色名・発売月・シリーズ呼称は、総合カタログより個別商品ページや販売店向け価格表の方が型番単位で明記される可能性が高い。
mitsubishi,三菱電機,MR-BD46K,mitsubishi-mrbd46k,refrigeration,4. 冷蔵機能,door-pocket,ドアポケット,低,MITSUBISHI 冷蔵庫総合カタログ 2025-05,5–6・公式仕様ページ,確認済み一次資料に型番単位の明記なし,取扱説明書のチルド設定・棚組み替え・ドアポケット部品一覧、公式鮮度試験ページ,チルドの温度・保存期間と、棚やドアポケットの型番別構成は、機能訴求ページだけでなく説明書の設定・部品一覧で確定できる。
mitsubishi,三菱電機,MR-BD46K,mitsubishi-mrbd46k,refrigeration,4. 冷蔵機能,fridge-other,その他,低,MITSUBISHI 冷蔵庫総合カタログ 2025-05,5–6・公式仕様ページ,確認済み一次資料に型番単位の明記なし,取扱説明書のチルド設定・棚組み替え・ドアポケット部品一覧、公式鮮度試験ページ,チルドの温度・保存期間と、棚やドアポケットの型番別構成は、機能訴求ページだけでなく説明書の設定・部品一覧で確定できる。
mitsubishi,三菱電機,MR-BD46K,mitsubishi-mrbd46k,freezing,5. 冷凍機能,freezer-other,その他,低,MITSUBISHI 冷蔵庫総合カタログ 2025-05,5–6・公式仕様ページ,確認済み一次資料に型番単位の明記なし,型番別の冷凍・製氷機能比較表、冷凍室断面図、取扱説明書の運転モード一覧,特殊冷凍、小冷凍室、霜対策、収納段数、独立製氷室は別項目なので、型番別比較表と室構成図の両方が必要。
mitsubishi,三菱電機,MR-BD46K,mitsubishi-mrbd46k,smart,9. スマホ連携・IoT,iot-food,食材管理・庫内確認,低,MITSUBISHI 冷蔵庫総合カタログ 2025-05,5–6・公式仕様ページ,確認済み一次資料に型番単位の明記なし,メーカー公式アプリ対応機種一覧、ネットワーク設定ガイド、アプリ機能一覧,Wi-Fi搭載とアプリ対応、食材管理、通知、AIは別項目なので、アプリの対応型番表と機能対応表の両方が必要。
mitsubishi,三菱電機,MR-BD46M,mitsubishi-mrbd46m,basic,1. 基本情報,colors,カラー,中,MITSUBISHI 冷蔵庫総合カタログ 2025-05,5–6・公式仕様ページ,確認済み一次資料に型番単位の明記なし,当該年式の公式商品ページ（アーカイブを含む）または色記号入り価格表,色名・発売月・シリーズ呼称は、総合カタログより個別商品ページや販売店向け価格表の方が型番単位で明記される可能性が高い。
mitsubishi,三菱電機,MR-BD46M,mitsubishi-mrbd46m,refrigeration,4. 冷蔵機能,door-pocket,ドアポケット,低,MITSUBISHI 冷蔵庫総合カタログ 2025-05,5–6・公式仕様ページ,確認済み一次資料に型番単位の明記なし,取扱説明書のチルド設定・棚組み替え・ドアポケット部品一覧、公式鮮度試験ページ,チルドの温度・保存期間と、棚やドアポケットの型番別構成は、機能訴求ページだけでなく説明書の設定・部品一覧で確定できる。
mitsubishi,三菱電機,MR-BD46M,mitsubishi-mrbd46m,refrigeration,4. 冷蔵機能,fridge-other,その他,低,MITSUBISHI 冷蔵庫総合カタログ 2025-05,5–6・公式仕様ページ,確認済み一次資料に型番単位の明記なし,取扱説明書のチルド設定・棚組み替え・ドアポケット部品一覧、公式鮮度試験ページ,チルドの温度・保存期間と、棚やドアポケットの型番別構成は、機能訴求ページだけでなく説明書の設定・部品一覧で確定できる。
mitsubishi,三菱電機,MR-BD46M,mitsubishi-mrbd46m,freezing,5. 冷凍機能,freezer-other,その他,低,MITSUBISHI 冷蔵庫総合カタログ 2025-05,5–6・公式仕様ページ,確認済み一次資料に型番単位の明記なし,型番別の冷凍・製氷機能比較表、冷凍室断面図、取扱説明書の運転モード一覧,特殊冷凍、小冷凍室、霜対策、収納段数、独立製氷室は別項目なので、型番別比較表と室構成図の両方が必要。
mitsubishi,三菱電機,MR-BD46M,mitsubishi-mrbd46m,smart,9. スマホ連携・IoT,iot-food,食材管理・庫内確認,低,MITSUBISHI 冷蔵庫総合カタログ 2025-05,5–6・公式仕様ページ,確認済み一次資料に型番単位の明記なし,メーカー公式アプリ対応機種一覧、ネットワーク設定ガイド、アプリ機能一覧,Wi-Fi搭載とアプリ対応、食材管理、通知、AIは別項目なので、アプリの対応型番表と機能対応表の両方が必要。
mitsubishi,三菱電機,MR-BD46N,mitsubishi-mrbd46n,refrigeration,4. 冷蔵機能,door-pocket,ドアポケット,低,MITSUBISHI 冷蔵庫総合カタログ 2026-01,5–6,確認済み一次資料に型番単位の明記なし,取扱説明書のチルド設定・棚組み替え・ドアポケット部品一覧、公式鮮度試験ページ,チルドの温度・保存期間と、棚やドアポケットの型番別構成は、機能訴求ページだけでなく説明書の設定・部品一覧で確定できる。
mitsubishi,三菱電機,MR-BD46N,mitsubishi-mrbd46n,refrigeration,4. 冷蔵機能,fridge-other,その他,低,MITSUBISHI 冷蔵庫総合カタログ 2026-01,5–6,確認済み一次資料に型番単位の明記なし,取扱説明書のチルド設定・棚組み替え・ドアポケット部品一覧、公式鮮度試験ページ,チルドの温度・保存期間と、棚やドアポケットの型番別構成は、機能訴求ページだけでなく説明書の設定・部品一覧で確定できる。
mitsubishi,三菱電機,MR-BD46N,mitsubishi-mrbd46n,freezing,5. 冷凍機能,freezer-other,その他,低,MITSUBISHI 冷蔵庫総合カタログ 2026-01,5–6,確認済み一次資料に型番単位の明記なし,型番別の冷凍・製氷機能比較表、冷凍室断面図、取扱説明書の運転モード一覧,特殊冷凍、小冷凍室、霜対策、収納段数、独立製氷室は別項目なので、型番別比較表と室構成図の両方が必要。
mitsubishi,三菱電機,MR-BD46N,mitsubishi-mrbd46n,smart,9. スマホ連携・IoT,iot-food,食材管理・庫内確認,低,MITSUBISHI 冷蔵庫総合カタログ 2026-01,5–6,確認済み一次資料に型番単位の明記なし,メーカー公式アプリ対応機種一覧、ネットワーク設定ガイド、アプリ機能一覧,Wi-Fi搭載とアプリ対応、食材管理、通知、AIは別項目なので、アプリの対応型番表と機能対応表の両方が必要。
mitsubishi,三菱電機,MR-MB45G,mitsubishi-mrmb45g,basic,1. 基本情報,colors,カラー,中,三菱電機 冷蔵庫 公式製品情報,公式仕様ページ,対象年式が提供カタログ外、または型番別対応表が不足,当該年式の公式商品ページ（アーカイブを含む）または色記号入り価格表,色名・発売月・シリーズ呼称は、総合カタログより個別商品ページや販売店向け価格表の方が型番単位で明記される可能性が高い。
mitsubishi,三菱電機,MR-MB45G,mitsubishi-mrmb45g,refrigeration,4. 冷蔵機能,door-pocket,ドアポケット,低,三菱電機 冷蔵庫 公式製品情報,公式仕様ページ,対象年式が提供カタログ外、または型番別対応表が不足,取扱説明書のチルド設定・棚組み替え・ドアポケット部品一覧、公式鮮度試験ページ,チルドの温度・保存期間と、棚やドアポケットの型番別構成は、機能訴求ページだけでなく説明書の設定・部品一覧で確定できる。
mitsubishi,三菱電機,MR-MB45G,mitsubishi-mrmb45g,refrigeration,4. 冷蔵機能,fridge-other,その他,低,三菱電機 冷蔵庫 公式製品情報,公式仕様ページ,対象年式が提供カタログ外、または型番別対応表が不足,取扱説明書のチルド設定・棚組み替え・ドアポケット部品一覧、公式鮮度試験ページ,チルドの温度・保存期間と、棚やドアポケットの型番別構成は、機能訴求ページだけでなく説明書の設定・部品一覧で確定できる。
mitsubishi,三菱電機,MR-MB45G,mitsubishi-mrmb45g,freezing,5. 冷凍機能,freezer-other,その他,低,三菱電機 冷蔵庫 公式製品情報,公式仕様ページ,対象年式が提供カタログ外、または型番別対応表が不足,型番別の冷凍・製氷機能比較表、冷凍室断面図、取扱説明書の運転モード一覧,特殊冷凍、小冷凍室、霜対策、収納段数、独立製氷室は別項目なので、型番別比較表と室構成図の両方が必要。
mitsubishi,三菱電機,MR-MB45G,mitsubishi-mrmb45g,smart,9. スマホ連携・IoT,iot-connectivity,通信・対応アプリ,低,三菱電機 冷蔵庫 公式製品情報,公式仕様ページ,対象年式が提供カタログ外、または型番別対応表が不足,メーカー公式アプリ対応機種一覧、ネットワーク設定ガイド、アプリ機能一覧,Wi-Fi搭載とアプリ対応、食材管理、通知、AIは別項目なので、アプリの対応型番表と機能対応表の両方が必要。
mitsubishi,三菱電機,MR-MB45G,mitsubishi-mrmb45g,smart,9. スマホ連携・IoT,iot-food,食材管理・庫内確認,低,三菱電機 冷蔵庫 公式製品情報,公式仕様ページ,対象年式が提供カタログ外、または型番別対応表が不足,メーカー公式アプリ対応機種一覧、ネットワーク設定ガイド、アプリ機能一覧,Wi-Fi搭載とアプリ対応、食材管理、通知、AIは別項目なので、アプリの対応型番表と機能対応表の両方が必要。
mitsubishi,三菱電機,MR-MB45G,mitsubishi-mrmb45g,smart,9. スマホ連携・IoT,iot-monitoring,通知・見守り・遠隔操作,低,三菱電機 冷蔵庫 公式製品情報,公式仕様ページ,対象年式が提供カタログ外、または型番別対応表が不足,メーカー公式アプリ対応機種一覧、ネットワーク設定ガイド、アプリ機能一覧,Wi-Fi搭載とアプリ対応、食材管理、通知、AIは別項目なので、アプリの対応型番表と機能対応表の両方が必要。
mitsubishi,三菱電機,MR-MD45K,mitsubishi-mrmd45k,basic,1. 基本情報,colors,カラー,中,MITSUBISHI 冷蔵庫総合カタログ 2025-05,5–6・公式仕様ページ,確認済み一次資料に型番単位の明記なし,当該年式の公式商品ページ（アーカイブを含む）または色記号入り価格表,色名・発売月・シリーズ呼称は、総合カタログより個別商品ページや販売店向け価格表の方が型番単位で明記される可能性が高い。
mitsubishi,三菱電機,MR-MD45K,mitsubishi-mrmd45k,refrigeration,4. 冷蔵機能,door-pocket,ドアポケット,低,MITSUBISHI 冷蔵庫総合カタログ 2025-05,5–6・公式仕様ページ,確認済み一次資料に型番単位の明記なし,取扱説明書のチルド設定・棚組み替え・ドアポケット部品一覧、公式鮮度試験ページ,チルドの温度・保存期間と、棚やドアポケットの型番別構成は、機能訴求ページだけでなく説明書の設定・部品一覧で確定できる。
mitsubishi,三菱電機,MR-MD45K,mitsubishi-mrmd45k,refrigeration,4. 冷蔵機能,fridge-other,その他,低,MITSUBISHI 冷蔵庫総合カタログ 2025-05,5–6・公式仕様ページ,確認済み一次資料に型番単位の明記なし,取扱説明書のチルド設定・棚組み替え・ドアポケット部品一覧、公式鮮度試験ページ,チルドの温度・保存期間と、棚やドアポケットの型番別構成は、機能訴求ページだけでなく説明書の設定・部品一覧で確定できる。
mitsubishi,三菱電機,MR-MD45K,mitsubishi-mrmd45k,freezing,5. 冷凍機能,freezer-other,その他,低,MITSUBISHI 冷蔵庫総合カタログ 2025-05,5–6・公式仕様ページ,確認済み一次資料に型番単位の明記なし,型番別の冷凍・製氷機能比較表、冷凍室断面図、取扱説明書の運転モード一覧,特殊冷凍、小冷凍室、霜対策、収納段数、独立製氷室は別項目なので、型番別比較表と室構成図の両方が必要。
mitsubishi,三菱電機,MR-MD45K,mitsubishi-mrmd45k,smart,9. スマホ連携・IoT,iot-food,食材管理・庫内確認,低,MITSUBISHI 冷蔵庫総合カタログ 2025-05,5–6・公式仕様ページ,確認済み一次資料に型番単位の明記なし,メーカー公式アプリ対応機種一覧、ネットワーク設定ガイド、アプリ機能一覧,Wi-Fi搭載とアプリ対応、食材管理、通知、AIは別項目なので、アプリの対応型番表と機能対応表の両方が必要。
mitsubishi,三菱電機,MR-MD45M,mitsubishi-mrmd45m,basic,1. 基本情報,colors,カラー,中,MITSUBISHI 冷蔵庫総合カタログ 2025-05,5–6・公式仕様ページ,確認済み一次資料に型番単位の明記なし,当該年式の公式商品ページ（アーカイブを含む）または色記号入り価格表,色名・発売月・シリーズ呼称は、総合カタログより個別商品ページや販売店向け価格表の方が型番単位で明記される可能性が高い。
mitsubishi,三菱電機,MR-MD45M,mitsubishi-mrmd45m,refrigeration,4. 冷蔵機能,door-pocket,ドアポケット,低,MITSUBISHI 冷蔵庫総合カタログ 2025-05,5–6・公式仕様ページ,確認済み一次資料に型番単位の明記なし,取扱説明書のチルド設定・棚組み替え・ドアポケット部品一覧、公式鮮度試験ページ,チルドの温度・保存期間と、棚やドアポケットの型番別構成は、機能訴求ページだけでなく説明書の設定・部品一覧で確定できる。
mitsubishi,三菱電機,MR-MD45M,mitsubishi-mrmd45m,refrigeration,4. 冷蔵機能,fridge-other,その他,低,MITSUBISHI 冷蔵庫総合カタログ 2025-05,5–6・公式仕様ページ,確認済み一次資料に型番単位の明記なし,取扱説明書のチルド設定・棚組み替え・ドアポケット部品一覧、公式鮮度試験ページ,チルドの温度・保存期間と、棚やドアポケットの型番別構成は、機能訴求ページだけでなく説明書の設定・部品一覧で確定できる。
mitsubishi,三菱電機,MR-MD45M,mitsubishi-mrmd45m,freezing,5. 冷凍機能,freezer-other,その他,低,MITSUBISHI 冷蔵庫総合カタログ 2025-05,5–6・公式仕様ページ,確認済み一次資料に型番単位の明記なし,型番別の冷凍・製氷機能比較表、冷凍室断面図、取扱説明書の運転モード一覧,特殊冷凍、小冷凍室、霜対策、収納段数、独立製氷室は別項目なので、型番別比較表と室構成図の両方が必要。
mitsubishi,三菱電機,MR-MD45M,mitsubishi-mrmd45m,smart,9. スマホ連携・IoT,iot-food,食材管理・庫内確認,低,MITSUBISHI 冷蔵庫総合カタログ 2025-05,5–6・公式仕様ページ,確認済み一次資料に型番単位の明記なし,メーカー公式アプリ対応機種一覧、ネットワーク設定ガイド、アプリ機能一覧,Wi-Fi搭載とアプリ対応、食材管理、通知、AIは別項目なので、アプリの対応型番表と機能対応表の両方が必要。
mitsubishi,三菱電機,MR-MD45N,mitsubishi-mrmd45n,refrigeration,4. 冷蔵機能,door-pocket,ドアポケット,低,MITSUBISHI 冷蔵庫総合カタログ 2026-01,5–6,確認済み一次資料に型番単位の明記なし,取扱説明書のチルド設定・棚組み替え・ドアポケット部品一覧、公式鮮度試験ページ,チルドの温度・保存期間と、棚やドアポケットの型番別構成は、機能訴求ページだけでなく説明書の設定・部品一覧で確定できる。
mitsubishi,三菱電機,MR-MD45N,mitsubishi-mrmd45n,refrigeration,4. 冷蔵機能,fridge-other,その他,低,MITSUBISHI 冷蔵庫総合カタログ 2026-01,5–6,確認済み一次資料に型番単位の明記なし,取扱説明書のチルド設定・棚組み替え・ドアポケット部品一覧、公式鮮度試験ページ,チルドの温度・保存期間と、棚やドアポケットの型番別構成は、機能訴求ページだけでなく説明書の設定・部品一覧で確定できる。
mitsubishi,三菱電機,MR-MD45N,mitsubishi-mrmd45n,freezing,5. 冷凍機能,freezer-other,その他,低,MITSUBISHI 冷蔵庫総合カタログ 2026-01,5–6,確認済み一次資料に型番単位の明記なし,型番別の冷凍・製氷機能比較表、冷凍室断面図、取扱説明書の運転モード一覧,特殊冷凍、小冷凍室、霜対策、収納段数、独立製氷室は別項目なので、型番別比較表と室構成図の両方が必要。
mitsubishi,三菱電機,MR-MD45N,mitsubishi-mrmd45n,smart,9. スマホ連携・IoT,iot-food,食材管理・庫内確認,低,MITSUBISHI 冷蔵庫総合カタログ 2026-01,5–6,確認済み一次資料に型番単位の明記なし,メーカー公式アプリ対応機種一覧、ネットワーク設定ガイド、アプリ機能一覧,Wi-Fi搭載とアプリ対応、食材管理、通知、AIは別項目なので、アプリの対応型番表と機能対応表の両方が必要。
mitsubishi,三菱電機,MR-N40M,mitsubishi-mrn40m,refrigeration,4. 冷蔵機能,door-pocket,ドアポケット,低,MITSUBISHI 冷蔵庫総合カタログ 2026-01,5–6,確認済み一次資料に型番単位の明記なし,取扱説明書のチルド設定・棚組み替え・ドアポケット部品一覧、公式鮮度試験ページ,チルドの温度・保存期間と、棚やドアポケットの型番別構成は、機能訴求ページだけでなく説明書の設定・部品一覧で確定できる。
mitsubishi,三菱電機,MR-N40M,mitsubishi-mrn40m,refrigeration,4. 冷蔵機能,fridge-other,その他,低,MITSUBISHI 冷蔵庫総合カタログ 2026-01,5–6,確認済み一次資料に型番単位の明記なし,取扱説明書のチルド設定・棚組み替え・ドアポケット部品一覧、公式鮮度試験ページ,チルドの温度・保存期間と、棚やドアポケットの型番別構成は、機能訴求ページだけでなく説明書の設定・部品一覧で確定できる。
mitsubishi,三菱電機,MR-N40M,mitsubishi-mrn40m,freezing,5. 冷凍機能,frost-control,霜付き防止機能,低,MITSUBISHI 冷蔵庫総合カタログ 2026-01,5–6,確認済み一次資料に型番単位の明記なし,型番別の冷凍・製氷機能比較表、冷凍室断面図、取扱説明書の運転モード一覧,特殊冷凍、小冷凍室、霜対策、収納段数、独立製氷室は別項目なので、型番別比較表と室構成図の両方が必要。
mitsubishi,三菱電機,MR-N40M,mitsubishi-mrn40m,freezing,5. 冷凍機能,freezer-other,その他,低,MITSUBISHI 冷蔵庫総合カタログ 2026-01,5–6,確認済み一次資料に型番単位の明記なし,型番別の冷凍・製氷機能比較表、冷凍室断面図、取扱説明書の運転モード一覧,特殊冷凍、小冷凍室、霜対策、収納段数、独立製氷室は別項目なので、型番別比較表と室構成図の両方が必要。
mitsubishi,三菱電機,MR-N40M,mitsubishi-mrn40m,clean,7. 清潔・お手入れ,maintenance,お手入れ,低,MITSUBISHI 冷蔵庫総合カタログ 2026-01,5–6,確認済み一次資料に型番単位の明記なし,公式機能比較表、除菌／抗菌の試験注記、取扱説明書のお手入れ章,脱臭・除菌・抗菌は意味が異なるため、試験対象部位と試験方法が明記された一次資料が必要。
mitsubishi,三菱電機,MR-N40M,mitsubishi-mrn40m,energy,8. 省エネ性,energy-ai,省エネ運転・AI学習,低,MITSUBISHI 冷蔵庫総合カタログ 2026-01,5–6,確認済み一次資料に型番単位の明記なし,公式仕様表、省エネラベル、型番別機能比較表,年間消費電力量は仕様表、AI・センサーの有無は機能比較表、達成率は統一省エネラベルで確定できる。
mitsubishi,三菱電機,MR-N40M,mitsubishi-mrn40m,smart,9. スマホ連携・IoT,iot-connectivity,通信・対応アプリ,低,MITSUBISHI 冷蔵庫総合カタログ 2026-01,5–6,確認済み一次資料に型番単位の明記なし,メーカー公式アプリ対応機種一覧、ネットワーク設定ガイド、アプリ機能一覧,Wi-Fi搭載とアプリ対応、食材管理、通知、AIは別項目なので、アプリの対応型番表と機能対応表の両方が必要。
mitsubishi,三菱電機,MR-N40M,mitsubishi-mrn40m,smart,9. スマホ連携・IoT,iot-food,食材管理・庫内確認,低,MITSUBISHI 冷蔵庫総合カタログ 2026-01,5–6,確認済み一次資料に型番単位の明記なし,メーカー公式アプリ対応機種一覧、ネットワーク設定ガイド、アプリ機能一覧,Wi-Fi搭載とアプリ対応、食材管理、通知、AIは別項目なので、アプリの対応型番表と機能対応表の両方が必要。
mitsubishi,三菱電機,MR-N40M,mitsubishi-mrn40m,smart,9. スマホ連携・IoT,iot-monitoring,通知・見守り・遠隔操作,低,MITSUBISHI 冷蔵庫総合カタログ 2026-01,5–6,確認済み一次資料に型番単位の明記なし,メーカー公式アプリ対応機種一覧、ネットワーク設定ガイド、アプリ機能一覧,Wi-Fi搭載とアプリ対応、食材管理、通知、AIは別項目なので、アプリの対応型番表と機能対応表の両方が必要。
mitsubishi,三菱電機,MR-N40M,mitsubishi-mrn40m,smart,9. スマホ連携・IoT,iot-ai,AI・音声連携,低,MITSUBISHI 冷蔵庫総合カタログ 2026-01,5–6,確認済み一次資料に型番単位の明記なし,メーカー公式アプリ対応機種一覧、ネットワーク設定ガイド、アプリ機能一覧,Wi-Fi搭載とアプリ対応、食材管理、通知、AIは別項目なので、アプリの対応型番表と機能対応表の両方が必要。
mitsubishi,三菱電機,MR-CX37J,mitsubishi-mrcx37j,basic,1. 基本情報,colors,カラー,中,三菱電機 冷蔵庫 公式製品情報,公式仕様ページ,対象年式が提供カタログ外、または型番別対応表が不足,当該年式の公式商品ページ（アーカイブを含む）または色記号入り価格表,色名・発売月・シリーズ呼称は、総合カタログより個別商品ページや販売店向け価格表の方が型番単位で明記される可能性が高い。
mitsubishi,三菱電機,MR-CX37J,mitsubishi-mrcx37j,refrigeration,4. 冷蔵機能,door-pocket,ドアポケット,低,三菱電機 冷蔵庫 公式製品情報,公式仕様ページ,対象年式が提供カタログ外、または型番別対応表が不足,取扱説明書のチルド設定・棚組み替え・ドアポケット部品一覧、公式鮮度試験ページ,チルドの温度・保存期間と、棚やドアポケットの型番別構成は、機能訴求ページだけでなく説明書の設定・部品一覧で確定できる。
mitsubishi,三菱電機,MR-CX37J,mitsubishi-mrcx37j,refrigeration,4. 冷蔵機能,fridge-other,その他,低,三菱電機 冷蔵庫 公式製品情報,公式仕様ページ,対象年式が提供カタログ外、または型番別対応表が不足,取扱説明書のチルド設定・棚組み替え・ドアポケット部品一覧、公式鮮度試験ページ,チルドの温度・保存期間と、棚やドアポケットの型番別構成は、機能訴求ページだけでなく説明書の設定・部品一覧で確定できる。
mitsubishi,三菱電機,MR-CX37J,mitsubishi-mrcx37j,freezing,5. 冷凍機能,frost-control,霜付き防止機能,低,三菱電機 冷蔵庫 公式製品情報,公式仕様ページ,対象年式が提供カタログ外、または型番別対応表が不足,型番別の冷凍・製氷機能比較表、冷凍室断面図、取扱説明書の運転モード一覧,特殊冷凍、小冷凍室、霜対策、収納段数、独立製氷室は別項目なので、型番別比較表と室構成図の両方が必要。
mitsubishi,三菱電機,MR-CX37J,mitsubishi-mrcx37j,freezing,5. 冷凍機能,freezer-other,その他,低,三菱電機 冷蔵庫 公式製品情報,公式仕様ページ,対象年式が提供カタログ外、または型番別対応表が不足,型番別の冷凍・製氷機能比較表、冷凍室断面図、取扱説明書の運転モード一覧,特殊冷凍、小冷凍室、霜対策、収納段数、独立製氷室は別項目なので、型番別比較表と室構成図の両方が必要。
mitsubishi,三菱電機,MR-CX37J,mitsubishi-mrcx37j,clean,7. 清潔・お手入れ,maintenance,お手入れ,低,三菱電機 冷蔵庫 公式製品情報,公式仕様ページ,対象年式が提供カタログ外、または型番別対応表が不足,公式機能比較表、除菌／抗菌の試験注記、取扱説明書のお手入れ章,脱臭・除菌・抗菌は意味が異なるため、試験対象部位と試験方法が明記された一次資料が必要。
mitsubishi,三菱電機,MR-CX37J,mitsubishi-mrcx37j,energy,8. 省エネ性,energy-ai,省エネ運転・AI学習,低,三菱電機 冷蔵庫 公式製品情報,公式仕様ページ,対象年式が提供カタログ外、または型番別対応表が不足,公式仕様表、省エネラベル、型番別機能比較表,年間消費電力量は仕様表、AI・センサーの有無は機能比較表、達成率は統一省エネラベルで確定できる。
mitsubishi,三菱電機,MR-CX37J,mitsubishi-mrcx37j,smart,9. スマホ連携・IoT,iot-connectivity,通信・対応アプリ,低,三菱電機 冷蔵庫 公式製品情報,公式仕様ページ,対象年式が提供カタログ外、または型番別対応表が不足,メーカー公式アプリ対応機種一覧、ネットワーク設定ガイド、アプリ機能一覧,Wi-Fi搭載とアプリ対応、食材管理、通知、AIは別項目なので、アプリの対応型番表と機能対応表の両方が必要。
mitsubishi,三菱電機,MR-CX37J,mitsubishi-mrcx37j,smart,9. スマホ連携・IoT,iot-food,食材管理・庫内確認,低,三菱電機 冷蔵庫 公式製品情報,公式仕様ページ,対象年式が提供カタログ外、または型番別対応表が不足,メーカー公式アプリ対応機種一覧、ネットワーク設定ガイド、アプリ機能一覧,Wi-Fi搭載とアプリ対応、食材管理、通知、AIは別項目なので、アプリの対応型番表と機能対応表の両方が必要。
mitsubishi,三菱電機,MR-CX37J,mitsubishi-mrcx37j,smart,9. スマホ連携・IoT,iot-monitoring,通知・見守り・遠隔操作,低,三菱電機 冷蔵庫 公式製品情報,公式仕様ページ,対象年式が提供カタログ外、または型番別対応表が不足,メーカー公式アプリ対応機種一覧、ネットワーク設定ガイド、アプリ機能一覧,Wi-Fi搭載とアプリ対応、食材管理、通知、AIは別項目なので、アプリの対応型番表と機能対応表の両方が必要。
mitsubishi,三菱電機,MR-CX37J,mitsubishi-mrcx37j,smart,9. スマホ連携・IoT,iot-ai,AI・音声連携,低,三菱電機 冷蔵庫 公式製品情報,公式仕様ページ,対象年式が提供カタログ外、または型番別対応表が不足,メーカー公式アプリ対応機種一覧、ネットワーク設定ガイド、アプリ機能一覧,Wi-Fi搭載とアプリ対応、食材管理、通知、AIは別項目なので、アプリの対応型番表と機能対応表の両方が必要。
mitsubishi,三菱電機,MR-CX37M,mitsubishi-mrcx37m,refrigeration,4. 冷蔵機能,door-pocket,ドアポケット,低,MITSUBISHI 冷蔵庫総合カタログ 2026-01,5–6,確認済み一次資料に型番単位の明記なし,取扱説明書のチルド設定・棚組み替え・ドアポケット部品一覧、公式鮮度試験ページ,チルドの温度・保存期間と、棚やドアポケットの型番別構成は、機能訴求ページだけでなく説明書の設定・部品一覧で確定できる。
mitsubishi,三菱電機,MR-CX37M,mitsubishi-mrcx37m,refrigeration,4. 冷蔵機能,fridge-other,その他,低,MITSUBISHI 冷蔵庫総合カタログ 2026-01,5–6,確認済み一次資料に型番単位の明記なし,取扱説明書のチルド設定・棚組み替え・ドアポケット部品一覧、公式鮮度試験ページ,チルドの温度・保存期間と、棚やドアポケットの型番別構成は、機能訴求ページだけでなく説明書の設定・部品一覧で確定できる。
mitsubishi,三菱電機,MR-CX37M,mitsubishi-mrcx37m,freezing,5. 冷凍機能,frost-control,霜付き防止機能,低,MITSUBISHI 冷蔵庫総合カタログ 2026-01,5–6,確認済み一次資料に型番単位の明記なし,型番別の冷凍・製氷機能比較表、冷凍室断面図、取扱説明書の運転モード一覧,特殊冷凍、小冷凍室、霜対策、収納段数、独立製氷室は別項目なので、型番別比較表と室構成図の両方が必要。
mitsubishi,三菱電機,MR-CX37M,mitsubishi-mrcx37m,freezing,5. 冷凍機能,freezer-other,その他,低,MITSUBISHI 冷蔵庫総合カタログ 2026-01,5–6,確認済み一次資料に型番単位の明記なし,型番別の冷凍・製氷機能比較表、冷凍室断面図、取扱説明書の運転モード一覧,特殊冷凍、小冷凍室、霜対策、収納段数、独立製氷室は別項目なので、型番別比較表と室構成図の両方が必要。
mitsubishi,三菱電機,MR-CX37M,mitsubishi-mrcx37m,clean,7. 清潔・お手入れ,maintenance,お手入れ,低,MITSUBISHI 冷蔵庫総合カタログ 2026-01,5–6,確認済み一次資料に型番単位の明記なし,公式機能比較表、除菌／抗菌の試験注記、取扱説明書のお手入れ章,脱臭・除菌・抗菌は意味が異なるため、試験対象部位と試験方法が明記された一次資料が必要。
mitsubishi,三菱電機,MR-CX37M,mitsubishi-mrcx37m,energy,8. 省エネ性,energy-ai,省エネ運転・AI学習,低,MITSUBISHI 冷蔵庫総合カタログ 2026-01,5–6,確認済み一次資料に型番単位の明記なし,公式仕様表、省エネラベル、型番別機能比較表,年間消費電力量は仕様表、AI・センサーの有無は機能比較表、達成率は統一省エネラベルで確定できる。
mitsubishi,三菱電機,MR-CX37M,mitsubishi-mrcx37m,smart,9. スマホ連携・IoT,iot-connectivity,通信・対応アプリ,低,MITSUBISHI 冷蔵庫総合カタログ 2026-01,5–6,確認済み一次資料に型番単位の明記なし,メーカー公式アプリ対応機種一覧、ネットワーク設定ガイド、アプリ機能一覧,Wi-Fi搭載とアプリ対応、食材管理、通知、AIは別項目なので、アプリの対応型番表と機能対応表の両方が必要。
mitsubishi,三菱電機,MR-CX37M,mitsubishi-mrcx37m,smart,9. スマホ連携・IoT,iot-food,食材管理・庫内確認,低,MITSUBISHI 冷蔵庫総合カタログ 2026-01,5–6,確認済み一次資料に型番単位の明記なし,メーカー公式アプリ対応機種一覧、ネットワーク設定ガイド、アプリ機能一覧,Wi-Fi搭載とアプリ対応、食材管理、通知、AIは別項目なので、アプリの対応型番表と機能対応表の両方が必要。
mitsubishi,三菱電機,MR-CX37M,mitsubishi-mrcx37m,smart,9. スマホ連携・IoT,iot-monitoring,通知・見守り・遠隔操作,低,MITSUBISHI 冷蔵庫総合カタログ 2026-01,5–6,確認済み一次資料に型番単位の明記なし,メーカー公式アプリ対応機種一覧、ネットワーク設定ガイド、アプリ機能一覧,Wi-Fi搭載とアプリ対応、食材管理、通知、AIは別項目なので、アプリの対応型番表と機能対応表の両方が必要。
mitsubishi,三菱電機,MR-CX37M,mitsubishi-mrcx37m,smart,9. スマホ連携・IoT,iot-ai,AI・音声連携,低,MITSUBISHI 冷蔵庫総合カタログ 2026-01,5–6,確認済み一次資料に型番単位の明記なし,メーカー公式アプリ対応機種一覧、ネットワーク設定ガイド、アプリ機能一覧,Wi-Fi搭載とアプリ対応、食材管理、通知、AIは別項目なので、アプリの対応型番表と機能対応表の両方が必要。
toshiba,東芝,GR-A640XFS,toshiba-gr-a640xfs,basic,1. 基本情報,colors,カラー,中,TOSHIBA 冷蔵庫総合カタログ 2026-4号,3–10、15、24,確認済み一次資料に型番単位の明記なし,当該年式の公式商品ページ（アーカイブを含む）または色記号入り価格表,色名・発売月・シリーズ呼称は、総合カタログより個別商品ページや販売店向け価格表の方が型番単位で明記される可能性が高い。
toshiba,東芝,GR-A640XFS,toshiba-gr-a640xfs,refrigeration,4. 冷蔵機能,fridge-other,その他,低,TOSHIBA 冷蔵庫総合カタログ 2026-4号,3–10、15、24,確認済み一次資料に型番単位の明記なし,取扱説明書のチルド設定・棚組み替え・ドアポケット部品一覧、公式鮮度試験ページ,チルドの温度・保存期間と、棚やドアポケットの型番別構成は、機能訴求ページだけでなく説明書の設定・部品一覧で確定できる。
toshiba,東芝,GR-A640XFS,toshiba-gr-a640xfs,freezing,5. 冷凍機能,freezer-other,その他,低,TOSHIBA 冷蔵庫総合カタログ 2026-4号,3–10、15、24,確認済み一次資料に型番単位の明記なし,型番別の冷凍・製氷機能比較表、冷凍室断面図、取扱説明書の運転モード一覧,特殊冷凍、小冷凍室、霜対策、収納段数、独立製氷室は別項目なので、型番別比較表と室構成図の両方が必要。
toshiba,東芝,GR-A640XFS,toshiba-gr-a640xfs,smart,9. スマホ連携・IoT,iot-ai,AI・音声連携,低,TOSHIBA 冷蔵庫総合カタログ 2026-4号,3–10、15、24,確認済み一次資料に型番単位の明記なし,メーカー公式アプリ対応機種一覧、ネットワーク設定ガイド、アプリ機能一覧,Wi-Fi搭載とアプリ対応、食材管理、通知、AIは別項目なので、アプリの対応型番表と機能対応表の両方が必要。
toshiba,東芝,GR-Y640XFS,toshiba-gr-y640xfs,basic,1. 基本情報,colors,カラー,中,TOSHIBA 冷蔵庫総合カタログ 2025-6号,3–11,確認済み一次資料に型番単位の明記なし,当該年式の公式商品ページ（アーカイブを含む）または色記号入り価格表,色名・発売月・シリーズ呼称は、総合カタログより個別商品ページや販売店向け価格表の方が型番単位で明記される可能性が高い。
toshiba,東芝,GR-Y640XFS,toshiba-gr-y640xfs,refrigeration,4. 冷蔵機能,fridge-other,その他,低,TOSHIBA 冷蔵庫総合カタログ 2025-6号,3–11,確認済み一次資料に型番単位の明記なし,取扱説明書のチルド設定・棚組み替え・ドアポケット部品一覧、公式鮮度試験ページ,チルドの温度・保存期間と、棚やドアポケットの型番別構成は、機能訴求ページだけでなく説明書の設定・部品一覧で確定できる。
toshiba,東芝,GR-Y640XFS,toshiba-gr-y640xfs,freezing,5. 冷凍機能,freezer-other,その他,低,TOSHIBA 冷蔵庫総合カタログ 2025-6号,3–11,確認済み一次資料に型番単位の明記なし,型番別の冷凍・製氷機能比較表、冷凍室断面図、取扱説明書の運転モード一覧,特殊冷凍、小冷凍室、霜対策、収納段数、独立製氷室は別項目なので、型番別比較表と室構成図の両方が必要。
toshiba,東芝,GR-Y640XFS,toshiba-gr-y640xfs,clean,7. 清潔・お手入れ,maintenance,お手入れ,低,TOSHIBA 冷蔵庫総合カタログ 2025-6号,3–11,確認済み一次資料に型番単位の明記なし,公式機能比較表、除菌／抗菌の試験注記、取扱説明書のお手入れ章,脱臭・除菌・抗菌は意味が異なるため、試験対象部位と試験方法が明記された一次資料が必要。
toshiba,東芝,GR-Y640XFS,toshiba-gr-y640xfs,smart,9. スマホ連携・IoT,iot-food,食材管理・庫内確認,低,TOSHIBA 冷蔵庫総合カタログ 2025-6号,3–11,確認済み一次資料に型番単位の明記なし,メーカー公式アプリ対応機種一覧、ネットワーク設定ガイド、アプリ機能一覧,Wi-Fi搭載とアプリ対応、食材管理、通知、AIは別項目なので、アプリの対応型番表と機能対応表の両方が必要。
toshiba,東芝,GR-Y640XFS,toshiba-gr-y640xfs,smart,9. スマホ連携・IoT,iot-ai,AI・音声連携,低,TOSHIBA 冷蔵庫総合カタログ 2025-6号,3–11,確認済み一次資料に型番単位の明記なし,メーカー公式アプリ対応機種一覧、ネットワーク設定ガイド、アプリ機能一覧,Wi-Fi搭載とアプリ対応、食材管理、通知、AIは別項目なので、アプリの対応型番表と機能対応表の両方が必要。
toshiba,東芝,GR-A590WF,toshiba-gra590wf,basic,1. 基本情報,colors,カラー,中,TOSHIBA 冷蔵庫総合カタログ 2026-4号,24・公式仕様ページ,確認済み一次資料に型番単位の明記なし,当該年式の公式商品ページ（アーカイブを含む）または色記号入り価格表,色名・発売月・シリーズ呼称は、総合カタログより個別商品ページや販売店向け価格表の方が型番単位で明記される可能性が高い。
toshiba,東芝,GR-A590WF,toshiba-gra590wf,refrigeration,4. 冷蔵機能,fridge-storage,扉・棚・収納,低,TOSHIBA 冷蔵庫総合カタログ 2026-4号,24・公式仕様ページ,確認済み一次資料に型番単位の明記なし,取扱説明書のチルド設定・棚組み替え・ドアポケット部品一覧、公式鮮度試験ページ,チルドの温度・保存期間と、棚やドアポケットの型番別構成は、機能訴求ページだけでなく説明書の設定・部品一覧で確定できる。
toshiba,東芝,GR-A590WF,toshiba-gra590wf,refrigeration,4. 冷蔵機能,fridge-other,その他,低,TOSHIBA 冷蔵庫総合カタログ 2026-4号,24・公式仕様ページ,確認済み一次資料に型番単位の明記なし,取扱説明書のチルド設定・棚組み替え・ドアポケット部品一覧、公式鮮度試験ページ,チルドの温度・保存期間と、棚やドアポケットの型番別構成は、機能訴求ページだけでなく説明書の設定・部品一覧で確定できる。
toshiba,東芝,GR-A590WF,toshiba-gra590wf,smart,9. スマホ連携・IoT,iot-food,食材管理・庫内確認,低,TOSHIBA 冷蔵庫総合カタログ 2026-4号,24・公式仕様ページ,確認済み一次資料に型番単位の明記なし,メーカー公式アプリ対応機種一覧、ネットワーク設定ガイド、アプリ機能一覧,Wi-Fi搭載とアプリ対応、食材管理、通知、AIは別項目なので、アプリの対応型番表と機能対応表の両方が必要。
toshiba,東芝,GR-A590WF,toshiba-gra590wf,smart,9. スマホ連携・IoT,iot-ai,AI・音声連携,低,TOSHIBA 冷蔵庫総合カタログ 2026-4号,24・公式仕様ページ,確認済み一次資料に型番単位の明記なし,メーカー公式アプリ対応機種一覧、ネットワーク設定ガイド、アプリ機能一覧,Wi-Fi搭載とアプリ対応、食材管理、通知、AIは別項目なので、アプリの対応型番表と機能対応表の両方が必要。
toshiba,東芝,GR-A590WFS,toshiba-gra590wfs,basic,1. 基本情報,colors,カラー,中,TOSHIBA 冷蔵庫総合カタログ 2026-4号,24・公式仕様ページ,確認済み一次資料に型番単位の明記なし,当該年式の公式商品ページ（アーカイブを含む）または色記号入り価格表,色名・発売月・シリーズ呼称は、総合カタログより個別商品ページや販売店向け価格表の方が型番単位で明記される可能性が高い。
toshiba,東芝,GR-A590WFS,toshiba-gra590wfs,refrigeration,4. 冷蔵機能,fridge-storage,扉・棚・収納,低,TOSHIBA 冷蔵庫総合カタログ 2026-4号,24・公式仕様ページ,確認済み一次資料に型番単位の明記なし,取扱説明書のチルド設定・棚組み替え・ドアポケット部品一覧、公式鮮度試験ページ,チルドの温度・保存期間と、棚やドアポケットの型番別構成は、機能訴求ページだけでなく説明書の設定・部品一覧で確定できる。
toshiba,東芝,GR-A590WFS,toshiba-gra590wfs,refrigeration,4. 冷蔵機能,fridge-other,その他,低,TOSHIBA 冷蔵庫総合カタログ 2026-4号,24・公式仕様ページ,確認済み一次資料に型番単位の明記なし,取扱説明書のチルド設定・棚組み替え・ドアポケット部品一覧、公式鮮度試験ページ,チルドの温度・保存期間と、棚やドアポケットの型番別構成は、機能訴求ページだけでなく説明書の設定・部品一覧で確定できる。
toshiba,東芝,GR-A590WFS,toshiba-gra590wfs,smart,9. スマホ連携・IoT,iot-food,食材管理・庫内確認,低,TOSHIBA 冷蔵庫総合カタログ 2026-4号,24・公式仕様ページ,確認済み一次資料に型番単位の明記なし,メーカー公式アプリ対応機種一覧、ネットワーク設定ガイド、アプリ機能一覧,Wi-Fi搭載とアプリ対応、食材管理、通知、AIは別項目なので、アプリの対応型番表と機能対応表の両方が必要。
toshiba,東芝,GR-A550FH,toshiba-gra550fh,basic,1. 基本情報,colors,カラー,中,TOSHIBA 冷蔵庫総合カタログ 2026-4号,24・公式仕様ページ,確認済み一次資料に型番単位の明記なし,当該年式の公式商品ページ（アーカイブを含む）または色記号入り価格表,色名・発売月・シリーズ呼称は、総合カタログより個別商品ページや販売店向け価格表の方が型番単位で明記される可能性が高い。
toshiba,東芝,GR-A550FH,toshiba-gra550fh,refrigeration,4. 冷蔵機能,fridge-storage,扉・棚・収納,低,TOSHIBA 冷蔵庫総合カタログ 2026-4号,24・公式仕様ページ,確認済み一次資料に型番単位の明記なし,取扱説明書のチルド設定・棚組み替え・ドアポケット部品一覧、公式鮮度試験ページ,チルドの温度・保存期間と、棚やドアポケットの型番別構成は、機能訴求ページだけでなく説明書の設定・部品一覧で確定できる。
toshiba,東芝,GR-A550FH,toshiba-gra550fh,refrigeration,4. 冷蔵機能,fridge-other,その他,低,TOSHIBA 冷蔵庫総合カタログ 2026-4号,24・公式仕様ページ,確認済み一次資料に型番単位の明記なし,取扱説明書のチルド設定・棚組み替え・ドアポケット部品一覧、公式鮮度試験ページ,チルドの温度・保存期間と、棚やドアポケットの型番別構成は、機能訴求ページだけでなく説明書の設定・部品一覧で確定できる。
toshiba,東芝,GR-A550FH,toshiba-gra550fh,freezing,5. 冷凍機能,frost-control,霜付き防止機能,低,TOSHIBA 冷蔵庫総合カタログ 2026-4号,24・公式仕様ページ,確認済み一次資料に型番単位の明記なし,型番別の冷凍・製氷機能比較表、冷凍室断面図、取扱説明書の運転モード一覧,特殊冷凍、小冷凍室、霜対策、収納段数、独立製氷室は別項目なので、型番別比較表と室構成図の両方が必要。
toshiba,東芝,GR-A550FH,toshiba-gra550fh,clean,7. 清潔・お手入れ,maintenance,お手入れ,低,TOSHIBA 冷蔵庫総合カタログ 2026-4号,24・公式仕様ページ,確認済み一次資料に型番単位の明記なし,公式機能比較表、除菌／抗菌の試験注記、取扱説明書のお手入れ章,脱臭・除菌・抗菌は意味が異なるため、試験対象部位と試験方法が明記された一次資料が必要。
toshiba,東芝,GR-A550FH,toshiba-gra550fh,smart,9. スマホ連携・IoT,iot-connectivity,通信・対応アプリ,低,TOSHIBA 冷蔵庫総合カタログ 2026-4号,24・公式仕様ページ,確認済み一次資料に型番単位の明記なし,メーカー公式アプリ対応機種一覧、ネットワーク設定ガイド、アプリ機能一覧,Wi-Fi搭載とアプリ対応、食材管理、通知、AIは別項目なので、アプリの対応型番表と機能対応表の両方が必要。
toshiba,東芝,GR-A550FH,toshiba-gra550fh,smart,9. スマホ連携・IoT,iot-food,食材管理・庫内確認,低,TOSHIBA 冷蔵庫総合カタログ 2026-4号,24・公式仕様ページ,確認済み一次資料に型番単位の明記なし,メーカー公式アプリ対応機種一覧、ネットワーク設定ガイド、アプリ機能一覧,Wi-Fi搭載とアプリ対応、食材管理、通知、AIは別項目なので、アプリの対応型番表と機能対応表の両方が必要。
toshiba,東芝,GR-A550FH,toshiba-gra550fh,smart,9. スマホ連携・IoT,iot-monitoring,通知・見守り・遠隔操作,低,TOSHIBA 冷蔵庫総合カタログ 2026-4号,24・公式仕様ページ,確認済み一次資料に型番単位の明記なし,メーカー公式アプリ対応機種一覧、ネットワーク設定ガイド、アプリ機能一覧,Wi-Fi搭載とアプリ対応、食材管理、通知、AIは別項目なので、アプリの対応型番表と機能対応表の両方が必要。
toshiba,東芝,GR-A550FH,toshiba-gra550fh,smart,9. スマホ連携・IoT,iot-ai,AI・音声連携,低,TOSHIBA 冷蔵庫総合カタログ 2026-4号,24・公式仕様ページ,確認済み一次資料に型番単位の明記なし,メーカー公式アプリ対応機種一覧、ネットワーク設定ガイド、アプリ機能一覧,Wi-Fi搭載とアプリ対応、食材管理、通知、AIは別項目なので、アプリの対応型番表と機能対応表の両方が必要。
toshiba,東芝,GR-A550FZ,toshiba-gr-a550fz,basic,1. 基本情報,colors,カラー,中,TOSHIBA 冷蔵庫総合カタログ 2026-4号,24・公式仕様ページ,確認済み一次資料に型番単位の明記なし,当該年式の公式商品ページ（アーカイブを含む）または色記号入り価格表,色名・発売月・シリーズ呼称は、総合カタログより個別商品ページや販売店向け価格表の方が型番単位で明記される可能性が高い。
toshiba,東芝,GR-A550FZ,toshiba-gr-a550fz,refrigeration,4. 冷蔵機能,fridge-storage,扉・棚・収納,低,TOSHIBA 冷蔵庫総合カタログ 2026-4号,24・公式仕様ページ,確認済み一次資料に型番単位の明記なし,取扱説明書のチルド設定・棚組み替え・ドアポケット部品一覧、公式鮮度試験ページ,チルドの温度・保存期間と、棚やドアポケットの型番別構成は、機能訴求ページだけでなく説明書の設定・部品一覧で確定できる。
toshiba,東芝,GR-A550FZ,toshiba-gr-a550fz,freezing,5. 冷凍機能,frost-control,霜付き防止機能,低,TOSHIBA 冷蔵庫総合カタログ 2026-4号,24・公式仕様ページ,確認済み一次資料に型番単位の明記なし,型番別の冷凍・製氷機能比較表、冷凍室断面図、取扱説明書の運転モード一覧,特殊冷凍、小冷凍室、霜対策、収納段数、独立製氷室は別項目なので、型番別比較表と室構成図の両方が必要。
toshiba,東芝,GR-A550FZ,toshiba-gr-a550fz,freezing,5. 冷凍機能,freezer-other,その他,低,TOSHIBA 冷蔵庫総合カタログ 2026-4号,24・公式仕様ページ,確認済み一次資料に型番単位の明記なし,型番別の冷凍・製氷機能比較表、冷凍室断面図、取扱説明書の運転モード一覧,特殊冷凍、小冷凍室、霜対策、収納段数、独立製氷室は別項目なので、型番別比較表と室構成図の両方が必要。
toshiba,東芝,GR-A550FZ,toshiba-gr-a550fz,clean,7. 清潔・お手入れ,maintenance,お手入れ,低,TOSHIBA 冷蔵庫総合カタログ 2026-4号,24・公式仕様ページ,確認済み一次資料に型番単位の明記なし,公式機能比較表、除菌／抗菌の試験注記、取扱説明書のお手入れ章,脱臭・除菌・抗菌は意味が異なるため、試験対象部位と試験方法が明記された一次資料が必要。
toshiba,東芝,GR-A550FZ,toshiba-gr-a550fz,smart,9. スマホ連携・IoT,iot-connectivity,通信・対応アプリ,低,TOSHIBA 冷蔵庫総合カタログ 2026-4号,24・公式仕様ページ,確認済み一次資料に型番単位の明記なし,メーカー公式アプリ対応機種一覧、ネットワーク設定ガイド、アプリ機能一覧,Wi-Fi搭載とアプリ対応、食材管理、通知、AIは別項目なので、アプリの対応型番表と機能対応表の両方が必要。
toshiba,東芝,GR-A550FZ,toshiba-gr-a550fz,smart,9. スマホ連携・IoT,iot-food,食材管理・庫内確認,低,TOSHIBA 冷蔵庫総合カタログ 2026-4号,24・公式仕様ページ,確認済み一次資料に型番単位の明記なし,メーカー公式アプリ対応機種一覧、ネットワーク設定ガイド、アプリ機能一覧,Wi-Fi搭載とアプリ対応、食材管理、通知、AIは別項目なので、アプリの対応型番表と機能対応表の両方が必要。
toshiba,東芝,GR-A550FZ,toshiba-gr-a550fz,smart,9. スマホ連携・IoT,iot-monitoring,通知・見守り・遠隔操作,低,TOSHIBA 冷蔵庫総合カタログ 2026-4号,24・公式仕様ページ,確認済み一次資料に型番単位の明記なし,メーカー公式アプリ対応機種一覧、ネットワーク設定ガイド、アプリ機能一覧,Wi-Fi搭載とアプリ対応、食材管理、通知、AIは別項目なので、アプリの対応型番表と機能対応表の両方が必要。
toshiba,東芝,GR-A550FZ,toshiba-gr-a550fz,smart,9. スマホ連携・IoT,iot-ai,AI・音声連携,低,TOSHIBA 冷蔵庫総合カタログ 2026-4号,24・公式仕様ページ,確認済み一次資料に型番単位の明記なし,メーカー公式アプリ対応機種一覧、ネットワーク設定ガイド、アプリ機能一覧,Wi-Fi搭載とアプリ対応、食材管理、通知、AIは別項目なので、アプリの対応型番表と機能対応表の両方が必要。
toshiba,東芝,GR-Y550FZ,toshiba-gry550fz,basic,1. 基本情報,colors,カラー,中,TOSHIBA 冷蔵庫総合カタログ 2025-6号,15・公式仕様ページ,確認済み一次資料に型番単位の明記なし,当該年式の公式商品ページ（アーカイブを含む）または色記号入り価格表,色名・発売月・シリーズ呼称は、総合カタログより個別商品ページや販売店向け価格表の方が型番単位で明記される可能性が高い。
toshiba,東芝,GR-Y550FZ,toshiba-gry550fz,refrigeration,4. 冷蔵機能,fridge-storage,扉・棚・収納,低,TOSHIBA 冷蔵庫総合カタログ 2025-6号,15・公式仕様ページ,確認済み一次資料に型番単位の明記なし,取扱説明書のチルド設定・棚組み替え・ドアポケット部品一覧、公式鮮度試験ページ,チルドの温度・保存期間と、棚やドアポケットの型番別構成は、機能訴求ページだけでなく説明書の設定・部品一覧で確定できる。
toshiba,東芝,GR-Y550FZ,toshiba-gry550fz,refrigeration,4. 冷蔵機能,fridge-other,その他,低,TOSHIBA 冷蔵庫総合カタログ 2025-6号,15・公式仕様ページ,確認済み一次資料に型番単位の明記なし,取扱説明書のチルド設定・棚組み替え・ドアポケット部品一覧、公式鮮度試験ページ,チルドの温度・保存期間と、棚やドアポケットの型番別構成は、機能訴求ページだけでなく説明書の設定・部品一覧で確定できる。
toshiba,東芝,GR-Y550FZ,toshiba-gry550fz,freezing,5. 冷凍機能,frost-control,霜付き防止機能,低,TOSHIBA 冷蔵庫総合カタログ 2025-6号,15・公式仕様ページ,確認済み一次資料に型番単位の明記なし,型番別の冷凍・製氷機能比較表、冷凍室断面図、取扱説明書の運転モード一覧,特殊冷凍、小冷凍室、霜対策、収納段数、独立製氷室は別項目なので、型番別比較表と室構成図の両方が必要。
toshiba,東芝,GR-Y550FZ,toshiba-gry550fz,freezing,5. 冷凍機能,freezer-other,その他,低,TOSHIBA 冷蔵庫総合カタログ 2025-6号,15・公式仕様ページ,確認済み一次資料に型番単位の明記なし,型番別の冷凍・製氷機能比較表、冷凍室断面図、取扱説明書の運転モード一覧,特殊冷凍、小冷凍室、霜対策、収納段数、独立製氷室は別項目なので、型番別比較表と室構成図の両方が必要。
toshiba,東芝,GR-Y550FZ,toshiba-gry550fz,clean,7. 清潔・お手入れ,maintenance,お手入れ,低,TOSHIBA 冷蔵庫総合カタログ 2025-6号,15・公式仕様ページ,確認済み一次資料に型番単位の明記なし,公式機能比較表、除菌／抗菌の試験注記、取扱説明書のお手入れ章,脱臭・除菌・抗菌は意味が異なるため、試験対象部位と試験方法が明記された一次資料が必要。
toshiba,東芝,GR-Y550FZ,toshiba-gry550fz,smart,9. スマホ連携・IoT,iot-connectivity,通信・対応アプリ,低,TOSHIBA 冷蔵庫総合カタログ 2025-6号,15・公式仕様ページ,確認済み一次資料に型番単位の明記なし,メーカー公式アプリ対応機種一覧、ネットワーク設定ガイド、アプリ機能一覧,Wi-Fi搭載とアプリ対応、食材管理、通知、AIは別項目なので、アプリの対応型番表と機能対応表の両方が必要。
toshiba,東芝,GR-Y550FZ,toshiba-gry550fz,smart,9. スマホ連携・IoT,iot-food,食材管理・庫内確認,低,TOSHIBA 冷蔵庫総合カタログ 2025-6号,15・公式仕様ページ,確認済み一次資料に型番単位の明記なし,メーカー公式アプリ対応機種一覧、ネットワーク設定ガイド、アプリ機能一覧,Wi-Fi搭載とアプリ対応、食材管理、通知、AIは別項目なので、アプリの対応型番表と機能対応表の両方が必要。
toshiba,東芝,GR-Y550FZ,toshiba-gry550fz,smart,9. スマホ連携・IoT,iot-monitoring,通知・見守り・遠隔操作,低,TOSHIBA 冷蔵庫総合カタログ 2025-6号,15・公式仕様ページ,確認済み一次資料に型番単位の明記なし,メーカー公式アプリ対応機種一覧、ネットワーク設定ガイド、アプリ機能一覧,Wi-Fi搭載とアプリ対応、食材管理、通知、AIは別項目なので、アプリの対応型番表と機能対応表の両方が必要。
toshiba,東芝,GR-Y550FZ,toshiba-gry550fz,smart,9. スマホ連携・IoT,iot-ai,AI・音声連携,低,TOSHIBA 冷蔵庫総合カタログ 2025-6号,15・公式仕様ページ,確認済み一次資料に型番単位の明記なし,メーカー公式アプリ対応機種一覧、ネットワーク設定ガイド、アプリ機能一覧,Wi-Fi搭載とアプリ対応、食材管理、通知、AIは別項目なので、アプリの対応型番表と機能対応表の両方が必要。
toshiba,東芝,GR-A540XFS,toshiba-gra540xfs,basic,1. 基本情報,colors,カラー,中,TOSHIBA 冷蔵庫総合カタログ 2026-4号,24・公式仕様ページ,確認済み一次資料に型番単位の明記なし,当該年式の公式商品ページ（アーカイブを含む）または色記号入り価格表,色名・発売月・シリーズ呼称は、総合カタログより個別商品ページや販売店向け価格表の方が型番単位で明記される可能性が高い。
toshiba,東芝,GR-A540XFS,toshiba-gra540xfs,refrigeration,4. 冷蔵機能,fridge-other,その他,低,TOSHIBA 冷蔵庫総合カタログ 2026-4号,24・公式仕様ページ,確認済み一次資料に型番単位の明記なし,取扱説明書のチルド設定・棚組み替え・ドアポケット部品一覧、公式鮮度試験ページ,チルドの温度・保存期間と、棚やドアポケットの型番別構成は、機能訴求ページだけでなく説明書の設定・部品一覧で確定できる。
toshiba,東芝,GR-A540XFS,toshiba-gra540xfs,freezing,5. 冷凍機能,freezer-other,その他,低,TOSHIBA 冷蔵庫総合カタログ 2026-4号,24・公式仕様ページ,確認済み一次資料に型番単位の明記なし,型番別の冷凍・製氷機能比較表、冷凍室断面図、取扱説明書の運転モード一覧,特殊冷凍、小冷凍室、霜対策、収納段数、独立製氷室は別項目なので、型番別比較表と室構成図の両方が必要。
toshiba,東芝,GR-A540XFS,toshiba-gra540xfs,clean,7. 清潔・お手入れ,maintenance,お手入れ,低,TOSHIBA 冷蔵庫総合カタログ 2026-4号,24・公式仕様ページ,確認済み一次資料に型番単位の明記なし,公式機能比較表、除菌／抗菌の試験注記、取扱説明書のお手入れ章,脱臭・除菌・抗菌は意味が異なるため、試験対象部位と試験方法が明記された一次資料が必要。
toshiba,東芝,GR-A540XFS,toshiba-gra540xfs,smart,9. スマホ連携・IoT,iot-food,食材管理・庫内確認,低,TOSHIBA 冷蔵庫総合カタログ 2026-4号,24・公式仕様ページ,確認済み一次資料に型番単位の明記なし,メーカー公式アプリ対応機種一覧、ネットワーク設定ガイド、アプリ機能一覧,Wi-Fi搭載とアプリ対応、食材管理、通知、AIは別項目なので、アプリの対応型番表と機能対応表の両方が必要。
toshiba,東芝,GR-A540XFS,toshiba-gra540xfs,smart,9. スマホ連携・IoT,iot-ai,AI・音声連携,低,TOSHIBA 冷蔵庫総合カタログ 2026-4号,24・公式仕様ページ,確認済み一次資料に型番単位の明記なし,メーカー公式アプリ対応機種一覧、ネットワーク設定ガイド、アプリ機能一覧,Wi-Fi搭載とアプリ対応、食材管理、通知、AIは別項目なので、アプリの対応型番表と機能対応表の両方が必要。
toshiba,東芝,GR-Y540XFS,toshiba-gry540xfs,basic,1. 基本情報,colors,カラー,中,TOSHIBA 冷蔵庫総合カタログ 2025-6号,15・公式仕様ページ,確認済み一次資料に型番単位の明記なし,当該年式の公式商品ページ（アーカイブを含む）または色記号入り価格表,色名・発売月・シリーズ呼称は、総合カタログより個別商品ページや販売店向け価格表の方が型番単位で明記される可能性が高い。
toshiba,東芝,GR-Y540XFS,toshiba-gry540xfs,refrigeration,4. 冷蔵機能,fridge-other,その他,低,TOSHIBA 冷蔵庫総合カタログ 2025-6号,15・公式仕様ページ,確認済み一次資料に型番単位の明記なし,取扱説明書のチルド設定・棚組み替え・ドアポケット部品一覧、公式鮮度試験ページ,チルドの温度・保存期間と、棚やドアポケットの型番別構成は、機能訴求ページだけでなく説明書の設定・部品一覧で確定できる。
toshiba,東芝,GR-Y540XFS,toshiba-gry540xfs,freezing,5. 冷凍機能,freezer-other,その他,低,TOSHIBA 冷蔵庫総合カタログ 2025-6号,15・公式仕様ページ,確認済み一次資料に型番単位の明記なし,型番別の冷凍・製氷機能比較表、冷凍室断面図、取扱説明書の運転モード一覧,特殊冷凍、小冷凍室、霜対策、収納段数、独立製氷室は別項目なので、型番別比較表と室構成図の両方が必要。
toshiba,東芝,GR-Y540XFS,toshiba-gry540xfs,clean,7. 清潔・お手入れ,maintenance,お手入れ,低,TOSHIBA 冷蔵庫総合カタログ 2025-6号,15・公式仕様ページ,確認済み一次資料に型番単位の明記なし,公式機能比較表、除菌／抗菌の試験注記、取扱説明書のお手入れ章,脱臭・除菌・抗菌は意味が異なるため、試験対象部位と試験方法が明記された一次資料が必要。
toshiba,東芝,GR-Y540XFS,toshiba-gry540xfs,smart,9. スマホ連携・IoT,iot-food,食材管理・庫内確認,低,TOSHIBA 冷蔵庫総合カタログ 2025-6号,15・公式仕様ページ,確認済み一次資料に型番単位の明記なし,メーカー公式アプリ対応機種一覧、ネットワーク設定ガイド、アプリ機能一覧,Wi-Fi搭載とアプリ対応、食材管理、通知、AIは別項目なので、アプリの対応型番表と機能対応表の両方が必要。
toshiba,東芝,GR-Y540XFS,toshiba-gry540xfs,smart,9. スマホ連携・IoT,iot-ai,AI・音声連携,低,TOSHIBA 冷蔵庫総合カタログ 2025-6号,15・公式仕様ページ,確認済み一次資料に型番単位の明記なし,メーカー公式アプリ対応機種一覧、ネットワーク設定ガイド、アプリ機能一覧,Wi-Fi搭載とアプリ対応、食材管理、通知、AIは別項目なので、アプリの対応型番表と機能対応表の両方が必要。
toshiba,東芝,GR-A540WF,toshiba-gra540wf,basic,1. 基本情報,colors,カラー,中,TOSHIBA 冷蔵庫総合カタログ 2026-4号,24・公式仕様ページ,確認済み一次資料に型番単位の明記なし,当該年式の公式商品ページ（アーカイブを含む）または色記号入り価格表,色名・発売月・シリーズ呼称は、総合カタログより個別商品ページや販売店向け価格表の方が型番単位で明記される可能性が高い。
toshiba,東芝,GR-A540WF,toshiba-gra540wf,refrigeration,4. 冷蔵機能,fridge-storage,扉・棚・収納,低,TOSHIBA 冷蔵庫総合カタログ 2026-4号,24・公式仕様ページ,確認済み一次資料に型番単位の明記なし,取扱説明書のチルド設定・棚組み替え・ドアポケット部品一覧、公式鮮度試験ページ,チルドの温度・保存期間と、棚やドアポケットの型番別構成は、機能訴求ページだけでなく説明書の設定・部品一覧で確定できる。
toshiba,東芝,GR-A540WF,toshiba-gra540wf,refrigeration,4. 冷蔵機能,fridge-other,その他,低,TOSHIBA 冷蔵庫総合カタログ 2026-4号,24・公式仕様ページ,確認済み一次資料に型番単位の明記なし,取扱説明書のチルド設定・棚組み替え・ドアポケット部品一覧、公式鮮度試験ページ,チルドの温度・保存期間と、棚やドアポケットの型番別構成は、機能訴求ページだけでなく説明書の設定・部品一覧で確定できる。
toshiba,東芝,GR-A540WF,toshiba-gra540wf,smart,9. スマホ連携・IoT,iot-food,食材管理・庫内確認,低,TOSHIBA 冷蔵庫総合カタログ 2026-4号,24・公式仕様ページ,確認済み一次資料に型番単位の明記なし,メーカー公式アプリ対応機種一覧、ネットワーク設定ガイド、アプリ機能一覧,Wi-Fi搭載とアプリ対応、食材管理、通知、AIは別項目なので、アプリの対応型番表と機能対応表の両方が必要。
toshiba,東芝,GR-A540WF,toshiba-gra540wf,smart,9. スマホ連携・IoT,iot-ai,AI・音声連携,低,TOSHIBA 冷蔵庫総合カタログ 2026-4号,24・公式仕様ページ,確認済み一次資料に型番単位の明記なし,メーカー公式アプリ対応機種一覧、ネットワーク設定ガイド、アプリ機能一覧,Wi-Fi搭載とアプリ対応、食材管理、通知、AIは別項目なので、アプリの対応型番表と機能対応表の両方が必要。
toshiba,東芝,GR-A540WFS,toshiba-gra540wfs,basic,1. 基本情報,colors,カラー,中,TOSHIBA 冷蔵庫総合カタログ 2026-4号,24・公式仕様ページ,確認済み一次資料に型番単位の明記なし,当該年式の公式商品ページ（アーカイブを含む）または色記号入り価格表,色名・発売月・シリーズ呼称は、総合カタログより個別商品ページや販売店向け価格表の方が型番単位で明記される可能性が高い。
toshiba,東芝,GR-A540WFS,toshiba-gra540wfs,refrigeration,4. 冷蔵機能,fridge-storage,扉・棚・収納,低,TOSHIBA 冷蔵庫総合カタログ 2026-4号,24・公式仕様ページ,確認済み一次資料に型番単位の明記なし,取扱説明書のチルド設定・棚組み替え・ドアポケット部品一覧、公式鮮度試験ページ,チルドの温度・保存期間と、棚やドアポケットの型番別構成は、機能訴求ページだけでなく説明書の設定・部品一覧で確定できる。
toshiba,東芝,GR-A540WFS,toshiba-gra540wfs,refrigeration,4. 冷蔵機能,fridge-other,その他,低,TOSHIBA 冷蔵庫総合カタログ 2026-4号,24・公式仕様ページ,確認済み一次資料に型番単位の明記なし,取扱説明書のチルド設定・棚組み替え・ドアポケット部品一覧、公式鮮度試験ページ,チルドの温度・保存期間と、棚やドアポケットの型番別構成は、機能訴求ページだけでなく説明書の設定・部品一覧で確定できる。
toshiba,東芝,GR-A540WFS,toshiba-gra540wfs,smart,9. スマホ連携・IoT,iot-food,食材管理・庫内確認,低,TOSHIBA 冷蔵庫総合カタログ 2026-4号,24・公式仕様ページ,確認済み一次資料に型番単位の明記なし,メーカー公式アプリ対応機種一覧、ネットワーク設定ガイド、アプリ機能一覧,Wi-Fi搭載とアプリ対応、食材管理、通知、AIは別項目なので、アプリの対応型番表と機能対応表の両方が必要。
toshiba,東芝,GR-A510FH,toshiba-gra510fh,basic,1. 基本情報,colors,カラー,中,TOSHIBA 冷蔵庫総合カタログ 2026-4号,24・公式仕様ページ,確認済み一次資料に型番単位の明記なし,当該年式の公式商品ページ（アーカイブを含む）または色記号入り価格表,色名・発売月・シリーズ呼称は、総合カタログより個別商品ページや販売店向け価格表の方が型番単位で明記される可能性が高い。
toshiba,東芝,GR-A510FH,toshiba-gra510fh,refrigeration,4. 冷蔵機能,fridge-storage,扉・棚・収納,低,TOSHIBA 冷蔵庫総合カタログ 2026-4号,24・公式仕様ページ,確認済み一次資料に型番単位の明記なし,取扱説明書のチルド設定・棚組み替え・ドアポケット部品一覧、公式鮮度試験ページ,チルドの温度・保存期間と、棚やドアポケットの型番別構成は、機能訴求ページだけでなく説明書の設定・部品一覧で確定できる。
toshiba,東芝,GR-A510FH,toshiba-gra510fh,refrigeration,4. 冷蔵機能,fridge-other,その他,低,TOSHIBA 冷蔵庫総合カタログ 2026-4号,24・公式仕様ページ,確認済み一次資料に型番単位の明記なし,取扱説明書のチルド設定・棚組み替え・ドアポケット部品一覧、公式鮮度試験ページ,チルドの温度・保存期間と、棚やドアポケットの型番別構成は、機能訴求ページだけでなく説明書の設定・部品一覧で確定できる。
toshiba,東芝,GR-A510FH,toshiba-gra510fh,freezing,5. 冷凍機能,frost-control,霜付き防止機能,低,TOSHIBA 冷蔵庫総合カタログ 2026-4号,24・公式仕様ページ,確認済み一次資料に型番単位の明記なし,型番別の冷凍・製氷機能比較表、冷凍室断面図、取扱説明書の運転モード一覧,特殊冷凍、小冷凍室、霜対策、収納段数、独立製氷室は別項目なので、型番別比較表と室構成図の両方が必要。
toshiba,東芝,GR-A510FH,toshiba-gra510fh,clean,7. 清潔・お手入れ,maintenance,お手入れ,低,TOSHIBA 冷蔵庫総合カタログ 2026-4号,24・公式仕様ページ,確認済み一次資料に型番単位の明記なし,公式機能比較表、除菌／抗菌の試験注記、取扱説明書のお手入れ章,脱臭・除菌・抗菌は意味が異なるため、試験対象部位と試験方法が明記された一次資料が必要。
toshiba,東芝,GR-A510FH,toshiba-gra510fh,smart,9. スマホ連携・IoT,iot-connectivity,通信・対応アプリ,低,TOSHIBA 冷蔵庫総合カタログ 2026-4号,24・公式仕様ページ,確認済み一次資料に型番単位の明記なし,メーカー公式アプリ対応機種一覧、ネットワーク設定ガイド、アプリ機能一覧,Wi-Fi搭載とアプリ対応、食材管理、通知、AIは別項目なので、アプリの対応型番表と機能対応表の両方が必要。
toshiba,東芝,GR-A510FH,toshiba-gra510fh,smart,9. スマホ連携・IoT,iot-food,食材管理・庫内確認,低,TOSHIBA 冷蔵庫総合カタログ 2026-4号,24・公式仕様ページ,確認済み一次資料に型番単位の明記なし,メーカー公式アプリ対応機種一覧、ネットワーク設定ガイド、アプリ機能一覧,Wi-Fi搭載とアプリ対応、食材管理、通知、AIは別項目なので、アプリの対応型番表と機能対応表の両方が必要。
toshiba,東芝,GR-A510FH,toshiba-gra510fh,smart,9. スマホ連携・IoT,iot-monitoring,通知・見守り・遠隔操作,低,TOSHIBA 冷蔵庫総合カタログ 2026-4号,24・公式仕様ページ,確認済み一次資料に型番単位の明記なし,メーカー公式アプリ対応機種一覧、ネットワーク設定ガイド、アプリ機能一覧,Wi-Fi搭載とアプリ対応、食材管理、通知、AIは別項目なので、アプリの対応型番表と機能対応表の両方が必要。
toshiba,東芝,GR-A510FH,toshiba-gra510fh,smart,9. スマホ連携・IoT,iot-ai,AI・音声連携,低,TOSHIBA 冷蔵庫総合カタログ 2026-4号,24・公式仕様ページ,確認済み一次資料に型番単位の明記なし,メーカー公式アプリ対応機種一覧、ネットワーク設定ガイド、アプリ機能一覧,Wi-Fi搭載とアプリ対応、食材管理、通知、AIは別項目なので、アプリの対応型番表と機能対応表の両方が必要。
toshiba,東芝,GR-A510FZ,toshiba-gra510fz,basic,1. 基本情報,colors,カラー,中,TOSHIBA 冷蔵庫総合カタログ 2026-4号,24・公式仕様ページ,確認済み一次資料に型番単位の明記なし,当該年式の公式商品ページ（アーカイブを含む）または色記号入り価格表,色名・発売月・シリーズ呼称は、総合カタログより個別商品ページや販売店向け価格表の方が型番単位で明記される可能性が高い。
toshiba,東芝,GR-A510FZ,toshiba-gra510fz,refrigeration,4. 冷蔵機能,fridge-storage,扉・棚・収納,低,TOSHIBA 冷蔵庫総合カタログ 2026-4号,24・公式仕様ページ,確認済み一次資料に型番単位の明記なし,取扱説明書のチルド設定・棚組み替え・ドアポケット部品一覧、公式鮮度試験ページ,チルドの温度・保存期間と、棚やドアポケットの型番別構成は、機能訴求ページだけでなく説明書の設定・部品一覧で確定できる。
toshiba,東芝,GR-A510FZ,toshiba-gra510fz,refrigeration,4. 冷蔵機能,fridge-other,その他,低,TOSHIBA 冷蔵庫総合カタログ 2026-4号,24・公式仕様ページ,確認済み一次資料に型番単位の明記なし,取扱説明書のチルド設定・棚組み替え・ドアポケット部品一覧、公式鮮度試験ページ,チルドの温度・保存期間と、棚やドアポケットの型番別構成は、機能訴求ページだけでなく説明書の設定・部品一覧で確定できる。
toshiba,東芝,GR-A510FZ,toshiba-gra510fz,freezing,5. 冷凍機能,frost-control,霜付き防止機能,低,TOSHIBA 冷蔵庫総合カタログ 2026-4号,24・公式仕様ページ,確認済み一次資料に型番単位の明記なし,型番別の冷凍・製氷機能比較表、冷凍室断面図、取扱説明書の運転モード一覧,特殊冷凍、小冷凍室、霜対策、収納段数、独立製氷室は別項目なので、型番別比較表と室構成図の両方が必要。
toshiba,東芝,GR-A510FZ,toshiba-gra510fz,freezing,5. 冷凍機能,freezer-other,その他,低,TOSHIBA 冷蔵庫総合カタログ 2026-4号,24・公式仕様ページ,確認済み一次資料に型番単位の明記なし,型番別の冷凍・製氷機能比較表、冷凍室断面図、取扱説明書の運転モード一覧,特殊冷凍、小冷凍室、霜対策、収納段数、独立製氷室は別項目なので、型番別比較表と室構成図の両方が必要。
toshiba,東芝,GR-A510FZ,toshiba-gra510fz,clean,7. 清潔・お手入れ,maintenance,お手入れ,低,TOSHIBA 冷蔵庫総合カタログ 2026-4号,24・公式仕様ページ,確認済み一次資料に型番単位の明記なし,公式機能比較表、除菌／抗菌の試験注記、取扱説明書のお手入れ章,脱臭・除菌・抗菌は意味が異なるため、試験対象部位と試験方法が明記された一次資料が必要。
toshiba,東芝,GR-A510FZ,toshiba-gra510fz,smart,9. スマホ連携・IoT,iot-connectivity,通信・対応アプリ,低,TOSHIBA 冷蔵庫総合カタログ 2026-4号,24・公式仕様ページ,確認済み一次資料に型番単位の明記なし,メーカー公式アプリ対応機種一覧、ネットワーク設定ガイド、アプリ機能一覧,Wi-Fi搭載とアプリ対応、食材管理、通知、AIは別項目なので、アプリの対応型番表と機能対応表の両方が必要。
toshiba,東芝,GR-A510FZ,toshiba-gra510fz,smart,9. スマホ連携・IoT,iot-food,食材管理・庫内確認,低,TOSHIBA 冷蔵庫総合カタログ 2026-4号,24・公式仕様ページ,確認済み一次資料に型番単位の明記なし,メーカー公式アプリ対応機種一覧、ネットワーク設定ガイド、アプリ機能一覧,Wi-Fi搭載とアプリ対応、食材管理、通知、AIは別項目なので、アプリの対応型番表と機能対応表の両方が必要。
toshiba,東芝,GR-A510FZ,toshiba-gra510fz,smart,9. スマホ連携・IoT,iot-monitoring,通知・見守り・遠隔操作,低,TOSHIBA 冷蔵庫総合カタログ 2026-4号,24・公式仕様ページ,確認済み一次資料に型番単位の明記なし,メーカー公式アプリ対応機種一覧、ネットワーク設定ガイド、アプリ機能一覧,Wi-Fi搭載とアプリ対応、食材管理、通知、AIは別項目なので、アプリの対応型番表と機能対応表の両方が必要。
toshiba,東芝,GR-A510FZ,toshiba-gra510fz,smart,9. スマホ連携・IoT,iot-ai,AI・音声連携,低,TOSHIBA 冷蔵庫総合カタログ 2026-4号,24・公式仕様ページ,確認済み一次資料に型番単位の明記なし,メーカー公式アプリ対応機種一覧、ネットワーク設定ガイド、アプリ機能一覧,Wi-Fi搭載とアプリ対応、食材管理、通知、AIは別項目なので、アプリの対応型番表と機能対応表の両方が必要。
toshiba,東芝,GR-Y510FZ,toshiba-gry510fz,basic,1. 基本情報,colors,カラー,中,TOSHIBA 冷蔵庫総合カタログ 2025-6号,15・公式仕様ページ,確認済み一次資料に型番単位の明記なし,当該年式の公式商品ページ（アーカイブを含む）または色記号入り価格表,色名・発売月・シリーズ呼称は、総合カタログより個別商品ページや販売店向け価格表の方が型番単位で明記される可能性が高い。
toshiba,東芝,GR-Y510FZ,toshiba-gry510fz,refrigeration,4. 冷蔵機能,fridge-storage,扉・棚・収納,低,TOSHIBA 冷蔵庫総合カタログ 2025-6号,15・公式仕様ページ,確認済み一次資料に型番単位の明記なし,取扱説明書のチルド設定・棚組み替え・ドアポケット部品一覧、公式鮮度試験ページ,チルドの温度・保存期間と、棚やドアポケットの型番別構成は、機能訴求ページだけでなく説明書の設定・部品一覧で確定できる。
toshiba,東芝,GR-Y510FZ,toshiba-gry510fz,refrigeration,4. 冷蔵機能,fridge-other,その他,低,TOSHIBA 冷蔵庫総合カタログ 2025-6号,15・公式仕様ページ,確認済み一次資料に型番単位の明記なし,取扱説明書のチルド設定・棚組み替え・ドアポケット部品一覧、公式鮮度試験ページ,チルドの温度・保存期間と、棚やドアポケットの型番別構成は、機能訴求ページだけでなく説明書の設定・部品一覧で確定できる。
toshiba,東芝,GR-Y510FZ,toshiba-gry510fz,freezing,5. 冷凍機能,frost-control,霜付き防止機能,低,TOSHIBA 冷蔵庫総合カタログ 2025-6号,15・公式仕様ページ,確認済み一次資料に型番単位の明記なし,型番別の冷凍・製氷機能比較表、冷凍室断面図、取扱説明書の運転モード一覧,特殊冷凍、小冷凍室、霜対策、収納段数、独立製氷室は別項目なので、型番別比較表と室構成図の両方が必要。
toshiba,東芝,GR-Y510FZ,toshiba-gry510fz,freezing,5. 冷凍機能,freezer-other,その他,低,TOSHIBA 冷蔵庫総合カタログ 2025-6号,15・公式仕様ページ,確認済み一次資料に型番単位の明記なし,型番別の冷凍・製氷機能比較表、冷凍室断面図、取扱説明書の運転モード一覧,特殊冷凍、小冷凍室、霜対策、収納段数、独立製氷室は別項目なので、型番別比較表と室構成図の両方が必要。
toshiba,東芝,GR-Y510FZ,toshiba-gry510fz,clean,7. 清潔・お手入れ,maintenance,お手入れ,低,TOSHIBA 冷蔵庫総合カタログ 2025-6号,15・公式仕様ページ,確認済み一次資料に型番単位の明記なし,公式機能比較表、除菌／抗菌の試験注記、取扱説明書のお手入れ章,脱臭・除菌・抗菌は意味が異なるため、試験対象部位と試験方法が明記された一次資料が必要。
toshiba,東芝,GR-Y510FZ,toshiba-gry510fz,smart,9. スマホ連携・IoT,iot-connectivity,通信・対応アプリ,低,TOSHIBA 冷蔵庫総合カタログ 2025-6号,15・公式仕様ページ,確認済み一次資料に型番単位の明記なし,メーカー公式アプリ対応機種一覧、ネットワーク設定ガイド、アプリ機能一覧,Wi-Fi搭載とアプリ対応、食材管理、通知、AIは別項目なので、アプリの対応型番表と機能対応表の両方が必要。
toshiba,東芝,GR-Y510FZ,toshiba-gry510fz,smart,9. スマホ連携・IoT,iot-food,食材管理・庫内確認,低,TOSHIBA 冷蔵庫総合カタログ 2025-6号,15・公式仕様ページ,確認済み一次資料に型番単位の明記なし,メーカー公式アプリ対応機種一覧、ネットワーク設定ガイド、アプリ機能一覧,Wi-Fi搭載とアプリ対応、食材管理、通知、AIは別項目なので、アプリの対応型番表と機能対応表の両方が必要。
toshiba,東芝,GR-Y510FZ,toshiba-gry510fz,smart,9. スマホ連携・IoT,iot-monitoring,通知・見守り・遠隔操作,低,TOSHIBA 冷蔵庫総合カタログ 2025-6号,15・公式仕様ページ,確認済み一次資料に型番単位の明記なし,メーカー公式アプリ対応機種一覧、ネットワーク設定ガイド、アプリ機能一覧,Wi-Fi搭載とアプリ対応、食材管理、通知、AIは別項目なので、アプリの対応型番表と機能対応表の両方が必要。
toshiba,東芝,GR-Y510FZ,toshiba-gry510fz,smart,9. スマホ連携・IoT,iot-ai,AI・音声連携,低,TOSHIBA 冷蔵庫総合カタログ 2025-6号,15・公式仕様ページ,確認済み一次資料に型番単位の明記なし,メーカー公式アプリ対応機種一覧、ネットワーク設定ガイド、アプリ機能一覧,Wi-Fi搭載とアプリ対応、食材管理、通知、AIは別項目なので、アプリの対応型番表と機能対応表の両方が必要。
toshiba,東芝,GR-A500GT,toshiba-gra500gt,basic,1. 基本情報,colors,カラー,中,TOSHIBA 冷蔵庫総合カタログ 2026-4号,24・公式仕様ページ,確認済み一次資料に型番単位の明記なし,当該年式の公式商品ページ（アーカイブを含む）または色記号入り価格表,色名・発売月・シリーズ呼称は、総合カタログより個別商品ページや販売店向け価格表の方が型番単位で明記される可能性が高い。
toshiba,東芝,GR-A500GT,toshiba-gra500gt,freezing,5. 冷凍機能,frost-control,霜付き防止機能,低,TOSHIBA 冷蔵庫総合カタログ 2026-4号,24・公式仕様ページ,確認済み一次資料に型番単位の明記なし,型番別の冷凍・製氷機能比較表、冷凍室断面図、取扱説明書の運転モード一覧,特殊冷凍、小冷凍室、霜対策、収納段数、独立製氷室は別項目なので、型番別比較表と室構成図の両方が必要。
toshiba,東芝,GR-A500GT,toshiba-gra500gt,smart,9. スマホ連携・IoT,iot-food,食材管理・庫内確認,低,TOSHIBA 冷蔵庫総合カタログ 2026-4号,24・公式仕様ページ,確認済み一次資料に型番単位の明記なし,メーカー公式アプリ対応機種一覧、ネットワーク設定ガイド、アプリ機能一覧,Wi-Fi搭載とアプリ対応、食材管理、通知、AIは別項目なので、アプリの対応型番表と機能対応表の両方が必要。
toshiba,東芝,GR-A500GT,toshiba-gra500gt,smart,9. スマホ連携・IoT,iot-ai,AI・音声連携,低,TOSHIBA 冷蔵庫総合カタログ 2026-4号,24・公式仕様ページ,確認済み一次資料に型番単位の明記なし,メーカー公式アプリ対応機種一覧、ネットワーク設定ガイド、アプリ機能一覧,Wi-Fi搭載とアプリ対応、食材管理、通知、AIは別項目なので、アプリの対応型番表と機能対応表の両方が必要。
toshiba,東芝,GR-Y500GT,toshiba-gry500gt,basic,1. 基本情報,colors,カラー,中,TOSHIBA 冷蔵庫総合カタログ 2025-6号,15・公式仕様ページ,確認済み一次資料に型番単位の明記なし,当該年式の公式商品ページ（アーカイブを含む）または色記号入り価格表,色名・発売月・シリーズ呼称は、総合カタログより個別商品ページや販売店向け価格表の方が型番単位で明記される可能性が高い。
toshiba,東芝,GR-Y500GT,toshiba-gry500gt,freezing,5. 冷凍機能,frost-control,霜付き防止機能,低,TOSHIBA 冷蔵庫総合カタログ 2025-6号,15・公式仕様ページ,確認済み一次資料に型番単位の明記なし,型番別の冷凍・製氷機能比較表、冷凍室断面図、取扱説明書の運転モード一覧,特殊冷凍、小冷凍室、霜対策、収納段数、独立製氷室は別項目なので、型番別比較表と室構成図の両方が必要。
toshiba,東芝,GR-Y500GT,toshiba-gry500gt,smart,9. スマホ連携・IoT,iot-food,食材管理・庫内確認,低,TOSHIBA 冷蔵庫総合カタログ 2025-6号,15・公式仕様ページ,確認済み一次資料に型番単位の明記なし,メーカー公式アプリ対応機種一覧、ネットワーク設定ガイド、アプリ機能一覧,Wi-Fi搭載とアプリ対応、食材管理、通知、AIは別項目なので、アプリの対応型番表と機能対応表の両方が必要。
toshiba,東芝,GR-Y500GT,toshiba-gry500gt,smart,9. スマホ連携・IoT,iot-ai,AI・音声連携,低,TOSHIBA 冷蔵庫総合カタログ 2025-6号,15・公式仕様ページ,確認済み一次資料に型番単位の明記なし,メーカー公式アプリ対応機種一覧、ネットワーク設定ガイド、アプリ機能一覧,Wi-Fi搭載とアプリ対応、食材管理、通知、AIは別項目なので、アプリの対応型番表と機能対応表の両方が必要。
toshiba,東芝,GR-A490XFS,toshiba-gra490xfs,basic,1. 基本情報,colors,カラー,中,TOSHIBA 冷蔵庫総合カタログ 2026-4号,24・公式仕様ページ,確認済み一次資料に型番単位の明記なし,当該年式の公式商品ページ（アーカイブを含む）または色記号入り価格表,色名・発売月・シリーズ呼称は、総合カタログより個別商品ページや販売店向け価格表の方が型番単位で明記される可能性が高い。
toshiba,東芝,GR-A490XFS,toshiba-gra490xfs,refrigeration,4. 冷蔵機能,fridge-other,その他,低,TOSHIBA 冷蔵庫総合カタログ 2026-4号,24・公式仕様ページ,確認済み一次資料に型番単位の明記なし,取扱説明書のチルド設定・棚組み替え・ドアポケット部品一覧、公式鮮度試験ページ,チルドの温度・保存期間と、棚やドアポケットの型番別構成は、機能訴求ページだけでなく説明書の設定・部品一覧で確定できる。
toshiba,東芝,GR-A490XFS,toshiba-gra490xfs,freezing,5. 冷凍機能,freezer-other,その他,低,TOSHIBA 冷蔵庫総合カタログ 2026-4号,24・公式仕様ページ,確認済み一次資料に型番単位の明記なし,型番別の冷凍・製氷機能比較表、冷凍室断面図、取扱説明書の運転モード一覧,特殊冷凍、小冷凍室、霜対策、収納段数、独立製氷室は別項目なので、型番別比較表と室構成図の両方が必要。
toshiba,東芝,GR-A490XFS,toshiba-gra490xfs,clean,7. 清潔・お手入れ,maintenance,お手入れ,低,TOSHIBA 冷蔵庫総合カタログ 2026-4号,24・公式仕様ページ,確認済み一次資料に型番単位の明記なし,公式機能比較表、除菌／抗菌の試験注記、取扱説明書のお手入れ章,脱臭・除菌・抗菌は意味が異なるため、試験対象部位と試験方法が明記された一次資料が必要。
toshiba,東芝,GR-A490XFS,toshiba-gra490xfs,smart,9. スマホ連携・IoT,iot-food,食材管理・庫内確認,低,TOSHIBA 冷蔵庫総合カタログ 2026-4号,24・公式仕様ページ,確認済み一次資料に型番単位の明記なし,メーカー公式アプリ対応機種一覧、ネットワーク設定ガイド、アプリ機能一覧,Wi-Fi搭載とアプリ対応、食材管理、通知、AIは別項目なので、アプリの対応型番表と機能対応表の両方が必要。
toshiba,東芝,GR-A490XFS,toshiba-gra490xfs,smart,9. スマホ連携・IoT,iot-ai,AI・音声連携,低,TOSHIBA 冷蔵庫総合カタログ 2026-4号,24・公式仕様ページ,確認済み一次資料に型番単位の明記なし,メーカー公式アプリ対応機種一覧、ネットワーク設定ガイド、アプリ機能一覧,Wi-Fi搭載とアプリ対応、食材管理、通知、AIは別項目なので、アプリの対応型番表と機能対応表の両方が必要。
toshiba,東芝,GR-A470GSH,toshiba-gra470gsh,basic,1. 基本情報,colors,カラー,中,TOSHIBA 冷蔵庫総合カタログ 2026-4号,24・公式仕様ページ,確認済み一次資料に型番単位の明記なし,当該年式の公式商品ページ（アーカイブを含む）または色記号入り価格表,色名・発売月・シリーズ呼称は、総合カタログより個別商品ページや販売店向け価格表の方が型番単位で明記される可能性が高い。
toshiba,東芝,GR-A470GSH,toshiba-gra470gsh,refrigeration,4. 冷蔵機能,fridge-storage,扉・棚・収納,低,TOSHIBA 冷蔵庫総合カタログ 2026-4号,24・公式仕様ページ,確認済み一次資料に型番単位の明記なし,取扱説明書のチルド設定・棚組み替え・ドアポケット部品一覧、公式鮮度試験ページ,チルドの温度・保存期間と、棚やドアポケットの型番別構成は、機能訴求ページだけでなく説明書の設定・部品一覧で確定できる。
toshiba,東芝,GR-A470GSH,toshiba-gra470gsh,refrigeration,4. 冷蔵機能,door-pocket,ドアポケット,低,TOSHIBA 冷蔵庫総合カタログ 2026-4号,24・公式仕様ページ,確認済み一次資料に型番単位の明記なし,取扱説明書のチルド設定・棚組み替え・ドアポケット部品一覧、公式鮮度試験ページ,チルドの温度・保存期間と、棚やドアポケットの型番別構成は、機能訴求ページだけでなく説明書の設定・部品一覧で確定できる。
toshiba,東芝,GR-A470GSH,toshiba-gra470gsh,freezing,5. 冷凍機能,frost-control,霜付き防止機能,低,TOSHIBA 冷蔵庫総合カタログ 2026-4号,24・公式仕様ページ,確認済み一次資料に型番単位の明記なし,型番別の冷凍・製氷機能比較表、冷凍室断面図、取扱説明書の運転モード一覧,特殊冷凍、小冷凍室、霜対策、収納段数、独立製氷室は別項目なので、型番別比較表と室構成図の両方が必要。
toshiba,東芝,GR-A470GSH,toshiba-gra470gsh,clean,7. 清潔・お手入れ,maintenance,お手入れ,低,TOSHIBA 冷蔵庫総合カタログ 2026-4号,24・公式仕様ページ,確認済み一次資料に型番単位の明記なし,公式機能比較表、除菌／抗菌の試験注記、取扱説明書のお手入れ章,脱臭・除菌・抗菌は意味が異なるため、試験対象部位と試験方法が明記された一次資料が必要。
toshiba,東芝,GR-A470GSH,toshiba-gra470gsh,smart,9. スマホ連携・IoT,iot-connectivity,通信・対応アプリ,低,TOSHIBA 冷蔵庫総合カタログ 2026-4号,24・公式仕様ページ,確認済み一次資料に型番単位の明記なし,メーカー公式アプリ対応機種一覧、ネットワーク設定ガイド、アプリ機能一覧,Wi-Fi搭載とアプリ対応、食材管理、通知、AIは別項目なので、アプリの対応型番表と機能対応表の両方が必要。
toshiba,東芝,GR-A470GSH,toshiba-gra470gsh,smart,9. スマホ連携・IoT,iot-food,食材管理・庫内確認,低,TOSHIBA 冷蔵庫総合カタログ 2026-4号,24・公式仕様ページ,確認済み一次資料に型番単位の明記なし,メーカー公式アプリ対応機種一覧、ネットワーク設定ガイド、アプリ機能一覧,Wi-Fi搭載とアプリ対応、食材管理、通知、AIは別項目なので、アプリの対応型番表と機能対応表の両方が必要。
toshiba,東芝,GR-A470GSH,toshiba-gra470gsh,smart,9. スマホ連携・IoT,iot-monitoring,通知・見守り・遠隔操作,低,TOSHIBA 冷蔵庫総合カタログ 2026-4号,24・公式仕様ページ,確認済み一次資料に型番単位の明記なし,メーカー公式アプリ対応機種一覧、ネットワーク設定ガイド、アプリ機能一覧,Wi-Fi搭載とアプリ対応、食材管理、通知、AIは別項目なので、アプリの対応型番表と機能対応表の両方が必要。
toshiba,東芝,GR-A470GSH,toshiba-gra470gsh,smart,9. スマホ連携・IoT,iot-ai,AI・音声連携,低,TOSHIBA 冷蔵庫総合カタログ 2026-4号,24・公式仕様ページ,確認済み一次資料に型番単位の明記なし,メーカー公式アプリ対応機種一覧、ネットワーク設定ガイド、アプリ機能一覧,Wi-Fi搭載とアプリ対応、食材管理、通知、AIは別項目なので、アプリの対応型番表と機能対応表の両方が必要。
toshiba,東芝,GR-U470GZ,toshiba-gru470gz,basic,1. 基本情報,colors,カラー,中,東芝 冷蔵庫 公式製品・仕様ページ,公式仕様ページ,対象年式が提供カタログ外、または型番別対応表が不足,当該年式の公式商品ページ（アーカイブを含む）または色記号入り価格表,色名・発売月・シリーズ呼称は、総合カタログより個別商品ページや販売店向け価格表の方が型番単位で明記される可能性が高い。
toshiba,東芝,GR-U470GZ,toshiba-gru470gz,refrigeration,4. 冷蔵機能,fridge-storage,扉・棚・収納,低,東芝 冷蔵庫 公式製品・仕様ページ,公式仕様ページ,対象年式が提供カタログ外、または型番別対応表が不足,取扱説明書のチルド設定・棚組み替え・ドアポケット部品一覧、公式鮮度試験ページ,チルドの温度・保存期間と、棚やドアポケットの型番別構成は、機能訴求ページだけでなく説明書の設定・部品一覧で確定できる。
toshiba,東芝,GR-U470GZ,toshiba-gru470gz,refrigeration,4. 冷蔵機能,door-pocket,ドアポケット,低,東芝 冷蔵庫 公式製品・仕様ページ,公式仕様ページ,対象年式が提供カタログ外、または型番別対応表が不足,取扱説明書のチルド設定・棚組み替え・ドアポケット部品一覧、公式鮮度試験ページ,チルドの温度・保存期間と、棚やドアポケットの型番別構成は、機能訴求ページだけでなく説明書の設定・部品一覧で確定できる。
toshiba,東芝,GR-U470GZ,toshiba-gru470gz,refrigeration,4. 冷蔵機能,fridge-other,その他,低,東芝 冷蔵庫 公式製品・仕様ページ,公式仕様ページ,対象年式が提供カタログ外、または型番別対応表が不足,取扱説明書のチルド設定・棚組み替え・ドアポケット部品一覧、公式鮮度試験ページ,チルドの温度・保存期間と、棚やドアポケットの型番別構成は、機能訴求ページだけでなく説明書の設定・部品一覧で確定できる。
toshiba,東芝,GR-U470GZ,toshiba-gru470gz,freezing,5. 冷凍機能,frost-control,霜付き防止機能,低,東芝 冷蔵庫 公式製品・仕様ページ,公式仕様ページ,対象年式が提供カタログ外、または型番別対応表が不足,型番別の冷凍・製氷機能比較表、冷凍室断面図、取扱説明書の運転モード一覧,特殊冷凍、小冷凍室、霜対策、収納段数、独立製氷室は別項目なので、型番別比較表と室構成図の両方が必要。
toshiba,東芝,GR-U470GZ,toshiba-gru470gz,clean,7. 清潔・お手入れ,maintenance,お手入れ,低,東芝 冷蔵庫 公式製品・仕様ページ,公式仕様ページ,対象年式が提供カタログ外、または型番別対応表が不足,公式機能比較表、除菌／抗菌の試験注記、取扱説明書のお手入れ章,脱臭・除菌・抗菌は意味が異なるため、試験対象部位と試験方法が明記された一次資料が必要。
toshiba,東芝,GR-U470GZ,toshiba-gru470gz,smart,9. スマホ連携・IoT,iot-connectivity,通信・対応アプリ,低,東芝 冷蔵庫 公式製品・仕様ページ,公式仕様ページ,対象年式が提供カタログ外、または型番別対応表が不足,メーカー公式アプリ対応機種一覧、ネットワーク設定ガイド、アプリ機能一覧,Wi-Fi搭載とアプリ対応、食材管理、通知、AIは別項目なので、アプリの対応型番表と機能対応表の両方が必要。
toshiba,東芝,GR-U470GZ,toshiba-gru470gz,smart,9. スマホ連携・IoT,iot-food,食材管理・庫内確認,低,東芝 冷蔵庫 公式製品・仕様ページ,公式仕様ページ,対象年式が提供カタログ外、または型番別対応表が不足,メーカー公式アプリ対応機種一覧、ネットワーク設定ガイド、アプリ機能一覧,Wi-Fi搭載とアプリ対応、食材管理、通知、AIは別項目なので、アプリの対応型番表と機能対応表の両方が必要。
toshiba,東芝,GR-U470GZ,toshiba-gru470gz,smart,9. スマホ連携・IoT,iot-monitoring,通知・見守り・遠隔操作,低,東芝 冷蔵庫 公式製品・仕様ページ,公式仕様ページ,対象年式が提供カタログ外、または型番別対応表が不足,メーカー公式アプリ対応機種一覧、ネットワーク設定ガイド、アプリ機能一覧,Wi-Fi搭載とアプリ対応、食材管理、通知、AIは別項目なので、アプリの対応型番表と機能対応表の両方が必要。
toshiba,東芝,GR-U470GZ,toshiba-gru470gz,smart,9. スマホ連携・IoT,iot-ai,AI・音声連携,低,東芝 冷蔵庫 公式製品・仕様ページ,公式仕様ページ,対象年式が提供カタログ外、または型番別対応表が不足,メーカー公式アプリ対応機種一覧、ネットワーク設定ガイド、アプリ機能一覧,Wi-Fi搭載とアプリ対応、食材管理、通知、AIは別項目なので、アプリの対応型番表と機能対応表の両方が必要。
toshiba,東芝,GR-Y470GSK,toshiba-gry470gsk,basic,1. 基本情報,colors,カラー,中,TOSHIBA 冷蔵庫総合カタログ 2025-6号,15・公式仕様ページ,確認済み一次資料に型番単位の明記なし,当該年式の公式商品ページ（アーカイブを含む）または色記号入り価格表,色名・発売月・シリーズ呼称は、総合カタログより個別商品ページや販売店向け価格表の方が型番単位で明記される可能性が高い。
toshiba,東芝,GR-Y470GSK,toshiba-gry470gsk,refrigeration,4. 冷蔵機能,fridge-storage,扉・棚・収納,低,TOSHIBA 冷蔵庫総合カタログ 2025-6号,15・公式仕様ページ,確認済み一次資料に型番単位の明記なし,取扱説明書のチルド設定・棚組み替え・ドアポケット部品一覧、公式鮮度試験ページ,チルドの温度・保存期間と、棚やドアポケットの型番別構成は、機能訴求ページだけでなく説明書の設定・部品一覧で確定できる。
toshiba,東芝,GR-Y470GSK,toshiba-gry470gsk,refrigeration,4. 冷蔵機能,door-pocket,ドアポケット,低,TOSHIBA 冷蔵庫総合カタログ 2025-6号,15・公式仕様ページ,確認済み一次資料に型番単位の明記なし,取扱説明書のチルド設定・棚組み替え・ドアポケット部品一覧、公式鮮度試験ページ,チルドの温度・保存期間と、棚やドアポケットの型番別構成は、機能訴求ページだけでなく説明書の設定・部品一覧で確定できる。
toshiba,東芝,GR-Y470GSK,toshiba-gry470gsk,refrigeration,4. 冷蔵機能,fridge-other,その他,低,TOSHIBA 冷蔵庫総合カタログ 2025-6号,15・公式仕様ページ,確認済み一次資料に型番単位の明記なし,取扱説明書のチルド設定・棚組み替え・ドアポケット部品一覧、公式鮮度試験ページ,チルドの温度・保存期間と、棚やドアポケットの型番別構成は、機能訴求ページだけでなく説明書の設定・部品一覧で確定できる。
toshiba,東芝,GR-Y470GSK,toshiba-gry470gsk,freezing,5. 冷凍機能,frost-control,霜付き防止機能,低,TOSHIBA 冷蔵庫総合カタログ 2025-6号,15・公式仕様ページ,確認済み一次資料に型番単位の明記なし,型番別の冷凍・製氷機能比較表、冷凍室断面図、取扱説明書の運転モード一覧,特殊冷凍、小冷凍室、霜対策、収納段数、独立製氷室は別項目なので、型番別比較表と室構成図の両方が必要。
toshiba,東芝,GR-Y470GSK,toshiba-gry470gsk,clean,7. 清潔・お手入れ,maintenance,お手入れ,低,TOSHIBA 冷蔵庫総合カタログ 2025-6号,15・公式仕様ページ,確認済み一次資料に型番単位の明記なし,公式機能比較表、除菌／抗菌の試験注記、取扱説明書のお手入れ章,脱臭・除菌・抗菌は意味が異なるため、試験対象部位と試験方法が明記された一次資料が必要。
toshiba,東芝,GR-Y470GSK,toshiba-gry470gsk,smart,9. スマホ連携・IoT,iot-connectivity,通信・対応アプリ,低,TOSHIBA 冷蔵庫総合カタログ 2025-6号,15・公式仕様ページ,確認済み一次資料に型番単位の明記なし,メーカー公式アプリ対応機種一覧、ネットワーク設定ガイド、アプリ機能一覧,Wi-Fi搭載とアプリ対応、食材管理、通知、AIは別項目なので、アプリの対応型番表と機能対応表の両方が必要。
toshiba,東芝,GR-Y470GSK,toshiba-gry470gsk,smart,9. スマホ連携・IoT,iot-food,食材管理・庫内確認,低,TOSHIBA 冷蔵庫総合カタログ 2025-6号,15・公式仕様ページ,確認済み一次資料に型番単位の明記なし,メーカー公式アプリ対応機種一覧、ネットワーク設定ガイド、アプリ機能一覧,Wi-Fi搭載とアプリ対応、食材管理、通知、AIは別項目なので、アプリの対応型番表と機能対応表の両方が必要。
toshiba,東芝,GR-Y470GSK,toshiba-gry470gsk,smart,9. スマホ連携・IoT,iot-monitoring,通知・見守り・遠隔操作,低,TOSHIBA 冷蔵庫総合カタログ 2025-6号,15・公式仕様ページ,確認済み一次資料に型番単位の明記なし,メーカー公式アプリ対応機種一覧、ネットワーク設定ガイド、アプリ機能一覧,Wi-Fi搭載とアプリ対応、食材管理、通知、AIは別項目なので、アプリの対応型番表と機能対応表の両方が必要。
toshiba,東芝,GR-Y470GSK,toshiba-gry470gsk,smart,9. スマホ連携・IoT,iot-ai,AI・音声連携,低,TOSHIBA 冷蔵庫総合カタログ 2025-6号,15・公式仕様ページ,確認済み一次資料に型番単位の明記なし,メーカー公式アプリ対応機種一覧、ネットワーク設定ガイド、アプリ機能一覧,Wi-Fi搭載とアプリ対応、食材管理、通知、AIは別項目なので、アプリの対応型番表と機能対応表の両方が必要。
toshiba,東芝,GR-A460FH,toshiba-gra460fh,basic,1. 基本情報,colors,カラー,中,TOSHIBA 冷蔵庫総合カタログ 2026-4号,24・公式仕様ページ,確認済み一次資料に型番単位の明記なし,当該年式の公式商品ページ（アーカイブを含む）または色記号入り価格表,色名・発売月・シリーズ呼称は、総合カタログより個別商品ページや販売店向け価格表の方が型番単位で明記される可能性が高い。
toshiba,東芝,GR-A460FH,toshiba-gra460fh,refrigeration,4. 冷蔵機能,fridge-storage,扉・棚・収納,低,TOSHIBA 冷蔵庫総合カタログ 2026-4号,24・公式仕様ページ,確認済み一次資料に型番単位の明記なし,取扱説明書のチルド設定・棚組み替え・ドアポケット部品一覧、公式鮮度試験ページ,チルドの温度・保存期間と、棚やドアポケットの型番別構成は、機能訴求ページだけでなく説明書の設定・部品一覧で確定できる。
toshiba,東芝,GR-A460FH,toshiba-gra460fh,refrigeration,4. 冷蔵機能,fridge-other,その他,低,TOSHIBA 冷蔵庫総合カタログ 2026-4号,24・公式仕様ページ,確認済み一次資料に型番単位の明記なし,取扱説明書のチルド設定・棚組み替え・ドアポケット部品一覧、公式鮮度試験ページ,チルドの温度・保存期間と、棚やドアポケットの型番別構成は、機能訴求ページだけでなく説明書の設定・部品一覧で確定できる。
toshiba,東芝,GR-A460FH,toshiba-gra460fh,freezing,5. 冷凍機能,frost-control,霜付き防止機能,低,TOSHIBA 冷蔵庫総合カタログ 2026-4号,24・公式仕様ページ,確認済み一次資料に型番単位の明記なし,型番別の冷凍・製氷機能比較表、冷凍室断面図、取扱説明書の運転モード一覧,特殊冷凍、小冷凍室、霜対策、収納段数、独立製氷室は別項目なので、型番別比較表と室構成図の両方が必要。
toshiba,東芝,GR-A460FH,toshiba-gra460fh,clean,7. 清潔・お手入れ,maintenance,お手入れ,低,TOSHIBA 冷蔵庫総合カタログ 2026-4号,24・公式仕様ページ,確認済み一次資料に型番単位の明記なし,公式機能比較表、除菌／抗菌の試験注記、取扱説明書のお手入れ章,脱臭・除菌・抗菌は意味が異なるため、試験対象部位と試験方法が明記された一次資料が必要。
toshiba,東芝,GR-A460FH,toshiba-gra460fh,smart,9. スマホ連携・IoT,iot-connectivity,通信・対応アプリ,低,TOSHIBA 冷蔵庫総合カタログ 2026-4号,24・公式仕様ページ,確認済み一次資料に型番単位の明記なし,メーカー公式アプリ対応機種一覧、ネットワーク設定ガイド、アプリ機能一覧,Wi-Fi搭載とアプリ対応、食材管理、通知、AIは別項目なので、アプリの対応型番表と機能対応表の両方が必要。
toshiba,東芝,GR-A460FH,toshiba-gra460fh,smart,9. スマホ連携・IoT,iot-food,食材管理・庫内確認,低,TOSHIBA 冷蔵庫総合カタログ 2026-4号,24・公式仕様ページ,確認済み一次資料に型番単位の明記なし,メーカー公式アプリ対応機種一覧、ネットワーク設定ガイド、アプリ機能一覧,Wi-Fi搭載とアプリ対応、食材管理、通知、AIは別項目なので、アプリの対応型番表と機能対応表の両方が必要。
toshiba,東芝,GR-A460FH,toshiba-gra460fh,smart,9. スマホ連携・IoT,iot-monitoring,通知・見守り・遠隔操作,低,TOSHIBA 冷蔵庫総合カタログ 2026-4号,24・公式仕様ページ,確認済み一次資料に型番単位の明記なし,メーカー公式アプリ対応機種一覧、ネットワーク設定ガイド、アプリ機能一覧,Wi-Fi搭載とアプリ対応、食材管理、通知、AIは別項目なので、アプリの対応型番表と機能対応表の両方が必要。
toshiba,東芝,GR-A460FH,toshiba-gra460fh,smart,9. スマホ連携・IoT,iot-ai,AI・音声連携,低,TOSHIBA 冷蔵庫総合カタログ 2026-4号,24・公式仕様ページ,確認済み一次資料に型番単位の明記なし,メーカー公式アプリ対応機種一覧、ネットワーク設定ガイド、アプリ機能一覧,Wi-Fi搭載とアプリ対応、食材管理、通知、AIは別項目なので、アプリの対応型番表と機能対応表の両方が必要。
toshiba,東芝,GR-Y460FK,toshiba-gry460fk,basic,1. 基本情報,colors,カラー,中,TOSHIBA 冷蔵庫総合カタログ 2025-6号,15・公式仕様ページ,確認済み一次資料に型番単位の明記なし,当該年式の公式商品ページ（アーカイブを含む）または色記号入り価格表,色名・発売月・シリーズ呼称は、総合カタログより個別商品ページや販売店向け価格表の方が型番単位で明記される可能性が高い。
toshiba,東芝,GR-Y460FK,toshiba-gry460fk,refrigeration,4. 冷蔵機能,fridge-storage,扉・棚・収納,低,TOSHIBA 冷蔵庫総合カタログ 2025-6号,15・公式仕様ページ,確認済み一次資料に型番単位の明記なし,取扱説明書のチルド設定・棚組み替え・ドアポケット部品一覧、公式鮮度試験ページ,チルドの温度・保存期間と、棚やドアポケットの型番別構成は、機能訴求ページだけでなく説明書の設定・部品一覧で確定できる。
toshiba,東芝,GR-Y460FK,toshiba-gry460fk,refrigeration,4. 冷蔵機能,fridge-other,その他,低,TOSHIBA 冷蔵庫総合カタログ 2025-6号,15・公式仕様ページ,確認済み一次資料に型番単位の明記なし,取扱説明書のチルド設定・棚組み替え・ドアポケット部品一覧、公式鮮度試験ページ,チルドの温度・保存期間と、棚やドアポケットの型番別構成は、機能訴求ページだけでなく説明書の設定・部品一覧で確定できる。
toshiba,東芝,GR-Y460FK,toshiba-gry460fk,freezing,5. 冷凍機能,frost-control,霜付き防止機能,低,TOSHIBA 冷蔵庫総合カタログ 2025-6号,15・公式仕様ページ,確認済み一次資料に型番単位の明記なし,型番別の冷凍・製氷機能比較表、冷凍室断面図、取扱説明書の運転モード一覧,特殊冷凍、小冷凍室、霜対策、収納段数、独立製氷室は別項目なので、型番別比較表と室構成図の両方が必要。
toshiba,東芝,GR-Y460FK,toshiba-gry460fk,clean,7. 清潔・お手入れ,maintenance,お手入れ,低,TOSHIBA 冷蔵庫総合カタログ 2025-6号,15・公式仕様ページ,確認済み一次資料に型番単位の明記なし,公式機能比較表、除菌／抗菌の試験注記、取扱説明書のお手入れ章,脱臭・除菌・抗菌は意味が異なるため、試験対象部位と試験方法が明記された一次資料が必要。
toshiba,東芝,GR-Y460FK,toshiba-gry460fk,smart,9. スマホ連携・IoT,iot-connectivity,通信・対応アプリ,低,TOSHIBA 冷蔵庫総合カタログ 2025-6号,15・公式仕様ページ,確認済み一次資料に型番単位の明記なし,メーカー公式アプリ対応機種一覧、ネットワーク設定ガイド、アプリ機能一覧,Wi-Fi搭載とアプリ対応、食材管理、通知、AIは別項目なので、アプリの対応型番表と機能対応表の両方が必要。
toshiba,東芝,GR-Y460FK,toshiba-gry460fk,smart,9. スマホ連携・IoT,iot-food,食材管理・庫内確認,低,TOSHIBA 冷蔵庫総合カタログ 2025-6号,15・公式仕様ページ,確認済み一次資料に型番単位の明記なし,メーカー公式アプリ対応機種一覧、ネットワーク設定ガイド、アプリ機能一覧,Wi-Fi搭載とアプリ対応、食材管理、通知、AIは別項目なので、アプリの対応型番表と機能対応表の両方が必要。
toshiba,東芝,GR-Y460FK,toshiba-gry460fk,smart,9. スマホ連携・IoT,iot-monitoring,通知・見守り・遠隔操作,低,TOSHIBA 冷蔵庫総合カタログ 2025-6号,15・公式仕様ページ,確認済み一次資料に型番単位の明記なし,メーカー公式アプリ対応機種一覧、ネットワーク設定ガイド、アプリ機能一覧,Wi-Fi搭載とアプリ対応、食材管理、通知、AIは別項目なので、アプリの対応型番表と機能対応表の両方が必要。
toshiba,東芝,GR-Y460FK,toshiba-gry460fk,smart,9. スマホ連携・IoT,iot-ai,AI・音声連携,低,TOSHIBA 冷蔵庫総合カタログ 2025-6号,15・公式仕様ページ,確認済み一次資料に型番単位の明記なし,メーカー公式アプリ対応機種一覧、ネットワーク設定ガイド、アプリ機能一覧,Wi-Fi搭載とアプリ対応、食材管理、通知、AIは別項目なので、アプリの対応型番表と機能対応表の両方が必要。
toshiba,東芝,GR-A460FZ,toshiba-gra460fz,basic,1. 基本情報,colors,カラー,中,TOSHIBA 冷蔵庫総合カタログ 2026-4号,24・公式仕様ページ,確認済み一次資料に型番単位の明記なし,当該年式の公式商品ページ（アーカイブを含む）または色記号入り価格表,色名・発売月・シリーズ呼称は、総合カタログより個別商品ページや販売店向け価格表の方が型番単位で明記される可能性が高い。
toshiba,東芝,GR-A460FZ,toshiba-gra460fz,refrigeration,4. 冷蔵機能,fridge-storage,扉・棚・収納,低,TOSHIBA 冷蔵庫総合カタログ 2026-4号,24・公式仕様ページ,確認済み一次資料に型番単位の明記なし,取扱説明書のチルド設定・棚組み替え・ドアポケット部品一覧、公式鮮度試験ページ,チルドの温度・保存期間と、棚やドアポケットの型番別構成は、機能訴求ページだけでなく説明書の設定・部品一覧で確定できる。
toshiba,東芝,GR-A460FZ,toshiba-gra460fz,refrigeration,4. 冷蔵機能,fridge-other,その他,低,TOSHIBA 冷蔵庫総合カタログ 2026-4号,24・公式仕様ページ,確認済み一次資料に型番単位の明記なし,取扱説明書のチルド設定・棚組み替え・ドアポケット部品一覧、公式鮮度試験ページ,チルドの温度・保存期間と、棚やドアポケットの型番別構成は、機能訴求ページだけでなく説明書の設定・部品一覧で確定できる。
toshiba,東芝,GR-A460FZ,toshiba-gra460fz,freezing,5. 冷凍機能,frost-control,霜付き防止機能,低,TOSHIBA 冷蔵庫総合カタログ 2026-4号,24・公式仕様ページ,確認済み一次資料に型番単位の明記なし,型番別の冷凍・製氷機能比較表、冷凍室断面図、取扱説明書の運転モード一覧,特殊冷凍、小冷凍室、霜対策、収納段数、独立製氷室は別項目なので、型番別比較表と室構成図の両方が必要。
toshiba,東芝,GR-A460FZ,toshiba-gra460fz,freezing,5. 冷凍機能,freezer-other,その他,低,TOSHIBA 冷蔵庫総合カタログ 2026-4号,24・公式仕様ページ,確認済み一次資料に型番単位の明記なし,型番別の冷凍・製氷機能比較表、冷凍室断面図、取扱説明書の運転モード一覧,特殊冷凍、小冷凍室、霜対策、収納段数、独立製氷室は別項目なので、型番別比較表と室構成図の両方が必要。
toshiba,東芝,GR-A460FZ,toshiba-gra460fz,clean,7. 清潔・お手入れ,maintenance,お手入れ,低,TOSHIBA 冷蔵庫総合カタログ 2026-4号,24・公式仕様ページ,確認済み一次資料に型番単位の明記なし,公式機能比較表、除菌／抗菌の試験注記、取扱説明書のお手入れ章,脱臭・除菌・抗菌は意味が異なるため、試験対象部位と試験方法が明記された一次資料が必要。
toshiba,東芝,GR-A460FZ,toshiba-gra460fz,smart,9. スマホ連携・IoT,iot-connectivity,通信・対応アプリ,低,TOSHIBA 冷蔵庫総合カタログ 2026-4号,24・公式仕様ページ,確認済み一次資料に型番単位の明記なし,メーカー公式アプリ対応機種一覧、ネットワーク設定ガイド、アプリ機能一覧,Wi-Fi搭載とアプリ対応、食材管理、通知、AIは別項目なので、アプリの対応型番表と機能対応表の両方が必要。
toshiba,東芝,GR-A460FZ,toshiba-gra460fz,smart,9. スマホ連携・IoT,iot-food,食材管理・庫内確認,低,TOSHIBA 冷蔵庫総合カタログ 2026-4号,24・公式仕様ページ,確認済み一次資料に型番単位の明記なし,メーカー公式アプリ対応機種一覧、ネットワーク設定ガイド、アプリ機能一覧,Wi-Fi搭載とアプリ対応、食材管理、通知、AIは別項目なので、アプリの対応型番表と機能対応表の両方が必要。
toshiba,東芝,GR-A460FZ,toshiba-gra460fz,smart,9. スマホ連携・IoT,iot-monitoring,通知・見守り・遠隔操作,低,TOSHIBA 冷蔵庫総合カタログ 2026-4号,24・公式仕様ページ,確認済み一次資料に型番単位の明記なし,メーカー公式アプリ対応機種一覧、ネットワーク設定ガイド、アプリ機能一覧,Wi-Fi搭載とアプリ対応、食材管理、通知、AIは別項目なので、アプリの対応型番表と機能対応表の両方が必要。
toshiba,東芝,GR-A460FZ,toshiba-gra460fz,smart,9. スマホ連携・IoT,iot-ai,AI・音声連携,低,TOSHIBA 冷蔵庫総合カタログ 2026-4号,24・公式仕様ページ,確認済み一次資料に型番単位の明記なし,メーカー公式アプリ対応機種一覧、ネットワーク設定ガイド、アプリ機能一覧,Wi-Fi搭載とアプリ対応、食材管理、通知、AIは別項目なので、アプリの対応型番表と機能対応表の両方が必要。
toshiba,東芝,GR-A450GT,toshiba-gra450gt,basic,1. 基本情報,colors,カラー,中,TOSHIBA 冷蔵庫総合カタログ 2026-4号,24・公式仕様ページ,確認済み一次資料に型番単位の明記なし,当該年式の公式商品ページ（アーカイブを含む）または色記号入り価格表,色名・発売月・シリーズ呼称は、総合カタログより個別商品ページや販売店向け価格表の方が型番単位で明記される可能性が高い。
toshiba,東芝,GR-A450GT,toshiba-gra450gt,freezing,5. 冷凍機能,frost-control,霜付き防止機能,低,TOSHIBA 冷蔵庫総合カタログ 2026-4号,24・公式仕様ページ,確認済み一次資料に型番単位の明記なし,型番別の冷凍・製氷機能比較表、冷凍室断面図、取扱説明書の運転モード一覧,特殊冷凍、小冷凍室、霜対策、収納段数、独立製氷室は別項目なので、型番別比較表と室構成図の両方が必要。
toshiba,東芝,GR-A450GT,toshiba-gra450gt,smart,9. スマホ連携・IoT,iot-food,食材管理・庫内確認,低,TOSHIBA 冷蔵庫総合カタログ 2026-4号,24・公式仕様ページ,確認済み一次資料に型番単位の明記なし,メーカー公式アプリ対応機種一覧、ネットワーク設定ガイド、アプリ機能一覧,Wi-Fi搭載とアプリ対応、食材管理、通知、AIは別項目なので、アプリの対応型番表と機能対応表の両方が必要。
toshiba,東芝,GR-A450GT,toshiba-gra450gt,smart,9. スマホ連携・IoT,iot-ai,AI・音声連携,低,TOSHIBA 冷蔵庫総合カタログ 2026-4号,24・公式仕様ページ,確認済み一次資料に型番単位の明記なし,メーカー公式アプリ対応機種一覧、ネットワーク設定ガイド、アプリ機能一覧,Wi-Fi搭載とアプリ対応、食材管理、通知、AIは別項目なので、アプリの対応型番表と機能対応表の両方が必要。
toshiba,東芝,GR-Y450GT,toshiba-gry450gt,basic,1. 基本情報,colors,カラー,中,TOSHIBA 冷蔵庫総合カタログ 2025-6号,15・公式仕様ページ,確認済み一次資料に型番単位の明記なし,当該年式の公式商品ページ（アーカイブを含む）または色記号入り価格表,色名・発売月・シリーズ呼称は、総合カタログより個別商品ページや販売店向け価格表の方が型番単位で明記される可能性が高い。
toshiba,東芝,GR-Y450GT,toshiba-gry450gt,freezing,5. 冷凍機能,frost-control,霜付き防止機能,低,TOSHIBA 冷蔵庫総合カタログ 2025-6号,15・公式仕様ページ,確認済み一次資料に型番単位の明記なし,型番別の冷凍・製氷機能比較表、冷凍室断面図、取扱説明書の運転モード一覧,特殊冷凍、小冷凍室、霜対策、収納段数、独立製氷室は別項目なので、型番別比較表と室構成図の両方が必要。
toshiba,東芝,GR-Y450GT,toshiba-gry450gt,smart,9. スマホ連携・IoT,iot-food,食材管理・庫内確認,低,TOSHIBA 冷蔵庫総合カタログ 2025-6号,15・公式仕様ページ,確認済み一次資料に型番単位の明記なし,メーカー公式アプリ対応機種一覧、ネットワーク設定ガイド、アプリ機能一覧,Wi-Fi搭載とアプリ対応、食材管理、通知、AIは別項目なので、アプリの対応型番表と機能対応表の両方が必要。
toshiba,東芝,GR-Y450GT,toshiba-gry450gt,smart,9. スマホ連携・IoT,iot-ai,AI・音声連携,低,TOSHIBA 冷蔵庫総合カタログ 2025-6号,15・公式仕様ページ,確認済み一次資料に型番単位の明記なし,メーカー公式アプリ対応機種一覧、ネットワーク設定ガイド、アプリ機能一覧,Wi-Fi搭載とアプリ対応、食材管理、通知、AIは別項目なので、アプリの対応型番表と機能対応表の両方が必要。
toshiba,東芝,GR-A41GXH,toshiba-gra41gxh,basic,1. 基本情報,colors,カラー,中,TOSHIBA 冷蔵庫総合カタログ 2026-4号,24・公式仕様ページ,確認済み一次資料に型番単位の明記なし,当該年式の公式商品ページ（アーカイブを含む）または色記号入り価格表,色名・発売月・シリーズ呼称は、総合カタログより個別商品ページや販売店向け価格表の方が型番単位で明記される可能性が高い。
toshiba,東芝,GR-A41GXH,toshiba-gra41gxh,refrigeration,4. 冷蔵機能,fridge-storage,扉・棚・収納,低,TOSHIBA 冷蔵庫総合カタログ 2026-4号,24・公式仕様ページ,確認済み一次資料に型番単位の明記なし,取扱説明書のチルド設定・棚組み替え・ドアポケット部品一覧、公式鮮度試験ページ,チルドの温度・保存期間と、棚やドアポケットの型番別構成は、機能訴求ページだけでなく説明書の設定・部品一覧で確定できる。
toshiba,東芝,GR-A41GXH,toshiba-gra41gxh,refrigeration,4. 冷蔵機能,door-pocket,ドアポケット,低,TOSHIBA 冷蔵庫総合カタログ 2026-4号,24・公式仕様ページ,確認済み一次資料に型番単位の明記なし,取扱説明書のチルド設定・棚組み替え・ドアポケット部品一覧、公式鮮度試験ページ,チルドの温度・保存期間と、棚やドアポケットの型番別構成は、機能訴求ページだけでなく説明書の設定・部品一覧で確定できる。
toshiba,東芝,GR-A41GXH,toshiba-gra41gxh,refrigeration,4. 冷蔵機能,fridge-other,その他,低,TOSHIBA 冷蔵庫総合カタログ 2026-4号,24・公式仕様ページ,確認済み一次資料に型番単位の明記なし,取扱説明書のチルド設定・棚組み替え・ドアポケット部品一覧、公式鮮度試験ページ,チルドの温度・保存期間と、棚やドアポケットの型番別構成は、機能訴求ページだけでなく説明書の設定・部品一覧で確定できる。
toshiba,東芝,GR-A41GXH,toshiba-gra41gxh,freezing,5. 冷凍機能,frost-control,霜付き防止機能,低,TOSHIBA 冷蔵庫総合カタログ 2026-4号,24・公式仕様ページ,確認済み一次資料に型番単位の明記なし,型番別の冷凍・製氷機能比較表、冷凍室断面図、取扱説明書の運転モード一覧,特殊冷凍、小冷凍室、霜対策、収納段数、独立製氷室は別項目なので、型番別比較表と室構成図の両方が必要。
toshiba,東芝,GR-A41GXH,toshiba-gra41gxh,clean,7. 清潔・お手入れ,maintenance,お手入れ,低,TOSHIBA 冷蔵庫総合カタログ 2026-4号,24・公式仕様ページ,確認済み一次資料に型番単位の明記なし,公式機能比較表、除菌／抗菌の試験注記、取扱説明書のお手入れ章,脱臭・除菌・抗菌は意味が異なるため、試験対象部位と試験方法が明記された一次資料が必要。
toshiba,東芝,GR-A41GXH,toshiba-gra41gxh,smart,9. スマホ連携・IoT,iot-connectivity,通信・対応アプリ,低,TOSHIBA 冷蔵庫総合カタログ 2026-4号,24・公式仕様ページ,確認済み一次資料に型番単位の明記なし,メーカー公式アプリ対応機種一覧、ネットワーク設定ガイド、アプリ機能一覧,Wi-Fi搭載とアプリ対応、食材管理、通知、AIは別項目なので、アプリの対応型番表と機能対応表の両方が必要。
toshiba,東芝,GR-A41GXH,toshiba-gra41gxh,smart,9. スマホ連携・IoT,iot-food,食材管理・庫内確認,低,TOSHIBA 冷蔵庫総合カタログ 2026-4号,24・公式仕様ページ,確認済み一次資料に型番単位の明記なし,メーカー公式アプリ対応機種一覧、ネットワーク設定ガイド、アプリ機能一覧,Wi-Fi搭載とアプリ対応、食材管理、通知、AIは別項目なので、アプリの対応型番表と機能対応表の両方が必要。
toshiba,東芝,GR-A41GXH,toshiba-gra41gxh,smart,9. スマホ連携・IoT,iot-monitoring,通知・見守り・遠隔操作,低,TOSHIBA 冷蔵庫総合カタログ 2026-4号,24・公式仕様ページ,確認済み一次資料に型番単位の明記なし,メーカー公式アプリ対応機種一覧、ネットワーク設定ガイド、アプリ機能一覧,Wi-Fi搭載とアプリ対応、食材管理、通知、AIは別項目なので、アプリの対応型番表と機能対応表の両方が必要。
toshiba,東芝,GR-A41GXH,toshiba-gra41gxh,smart,9. スマホ連携・IoT,iot-ai,AI・音声連携,低,TOSHIBA 冷蔵庫総合カタログ 2026-4号,24・公式仕様ページ,確認済み一次資料に型番単位の明記なし,メーカー公式アプリ対応機種一覧、ネットワーク設定ガイド、アプリ機能一覧,Wi-Fi搭載とアプリ対応、食材管理、通知、AIは別項目なので、アプリの対応型番表と機能対応表の両方が必要。
toshiba,東芝,GR-Y41GH,toshiba-gry41gh,basic,1. 基本情報,colors,カラー,中,TOSHIBA 冷蔵庫総合カタログ 2025-6号,15・公式仕様ページ,確認済み一次資料に型番単位の明記なし,当該年式の公式商品ページ（アーカイブを含む）または色記号入り価格表,色名・発売月・シリーズ呼称は、総合カタログより個別商品ページや販売店向け価格表の方が型番単位で明記される可能性が高い。
toshiba,東芝,GR-Y41GH,toshiba-gry41gh,refrigeration,4. 冷蔵機能,fridge-storage,扉・棚・収納,低,TOSHIBA 冷蔵庫総合カタログ 2025-6号,15・公式仕様ページ,確認済み一次資料に型番単位の明記なし,取扱説明書のチルド設定・棚組み替え・ドアポケット部品一覧、公式鮮度試験ページ,チルドの温度・保存期間と、棚やドアポケットの型番別構成は、機能訴求ページだけでなく説明書の設定・部品一覧で確定できる。
toshiba,東芝,GR-Y41GH,toshiba-gry41gh,refrigeration,4. 冷蔵機能,door-pocket,ドアポケット,低,TOSHIBA 冷蔵庫総合カタログ 2025-6号,15・公式仕様ページ,確認済み一次資料に型番単位の明記なし,取扱説明書のチルド設定・棚組み替え・ドアポケット部品一覧、公式鮮度試験ページ,チルドの温度・保存期間と、棚やドアポケットの型番別構成は、機能訴求ページだけでなく説明書の設定・部品一覧で確定できる。
toshiba,東芝,GR-Y41GH,toshiba-gry41gh,refrigeration,4. 冷蔵機能,fridge-other,その他,低,TOSHIBA 冷蔵庫総合カタログ 2025-6号,15・公式仕様ページ,確認済み一次資料に型番単位の明記なし,取扱説明書のチルド設定・棚組み替え・ドアポケット部品一覧、公式鮮度試験ページ,チルドの温度・保存期間と、棚やドアポケットの型番別構成は、機能訴求ページだけでなく説明書の設定・部品一覧で確定できる。
toshiba,東芝,GR-Y41GH,toshiba-gry41gh,freezing,5. 冷凍機能,frost-control,霜付き防止機能,低,TOSHIBA 冷蔵庫総合カタログ 2025-6号,15・公式仕様ページ,確認済み一次資料に型番単位の明記なし,型番別の冷凍・製氷機能比較表、冷凍室断面図、取扱説明書の運転モード一覧,特殊冷凍、小冷凍室、霜対策、収納段数、独立製氷室は別項目なので、型番別比較表と室構成図の両方が必要。
toshiba,東芝,GR-Y41GH,toshiba-gry41gh,clean,7. 清潔・お手入れ,maintenance,お手入れ,低,TOSHIBA 冷蔵庫総合カタログ 2025-6号,15・公式仕様ページ,確認済み一次資料に型番単位の明記なし,公式機能比較表、除菌／抗菌の試験注記、取扱説明書のお手入れ章,脱臭・除菌・抗菌は意味が異なるため、試験対象部位と試験方法が明記された一次資料が必要。
toshiba,東芝,GR-Y41GH,toshiba-gry41gh,smart,9. スマホ連携・IoT,iot-connectivity,通信・対応アプリ,低,TOSHIBA 冷蔵庫総合カタログ 2025-6号,15・公式仕様ページ,確認済み一次資料に型番単位の明記なし,メーカー公式アプリ対応機種一覧、ネットワーク設定ガイド、アプリ機能一覧,Wi-Fi搭載とアプリ対応、食材管理、通知、AIは別項目なので、アプリの対応型番表と機能対応表の両方が必要。
toshiba,東芝,GR-Y41GH,toshiba-gry41gh,smart,9. スマホ連携・IoT,iot-food,食材管理・庫内確認,低,TOSHIBA 冷蔵庫総合カタログ 2025-6号,15・公式仕様ページ,確認済み一次資料に型番単位の明記なし,メーカー公式アプリ対応機種一覧、ネットワーク設定ガイド、アプリ機能一覧,Wi-Fi搭載とアプリ対応、食材管理、通知、AIは別項目なので、アプリの対応型番表と機能対応表の両方が必要。
toshiba,東芝,GR-Y41GH,toshiba-gry41gh,smart,9. スマホ連携・IoT,iot-monitoring,通知・見守り・遠隔操作,低,TOSHIBA 冷蔵庫総合カタログ 2025-6号,15・公式仕様ページ,確認済み一次資料に型番単位の明記なし,メーカー公式アプリ対応機種一覧、ネットワーク設定ガイド、アプリ機能一覧,Wi-Fi搭載とアプリ対応、食材管理、通知、AIは別項目なので、アプリの対応型番表と機能対応表の両方が必要。
toshiba,東芝,GR-Y41GH,toshiba-gry41gh,smart,9. スマホ連携・IoT,iot-ai,AI・音声連携,低,TOSHIBA 冷蔵庫総合カタログ 2025-6号,15・公式仕様ページ,確認済み一次資料に型番単位の明記なし,メーカー公式アプリ対応機種一覧、ネットワーク設定ガイド、アプリ機能一覧,Wi-Fi搭載とアプリ対応、食材管理、通知、AIは別項目なので、アプリの対応型番表と機能対応表の両方が必要。
toshiba,東芝,GR-Y41GXK,toshiba-gry41gxk,basic,1. 基本情報,colors,カラー,中,TOSHIBA 冷蔵庫総合カタログ 2025-6号,15・公式仕様ページ,確認済み一次資料に型番単位の明記なし,当該年式の公式商品ページ（アーカイブを含む）または色記号入り価格表,色名・発売月・シリーズ呼称は、総合カタログより個別商品ページや販売店向け価格表の方が型番単位で明記される可能性が高い。
toshiba,東芝,GR-Y41GXK,toshiba-gry41gxk,refrigeration,4. 冷蔵機能,fridge-storage,扉・棚・収納,低,TOSHIBA 冷蔵庫総合カタログ 2025-6号,15・公式仕様ページ,確認済み一次資料に型番単位の明記なし,取扱説明書のチルド設定・棚組み替え・ドアポケット部品一覧、公式鮮度試験ページ,チルドの温度・保存期間と、棚やドアポケットの型番別構成は、機能訴求ページだけでなく説明書の設定・部品一覧で確定できる。
toshiba,東芝,GR-Y41GXK,toshiba-gry41gxk,refrigeration,4. 冷蔵機能,door-pocket,ドアポケット,低,TOSHIBA 冷蔵庫総合カタログ 2025-6号,15・公式仕様ページ,確認済み一次資料に型番単位の明記なし,取扱説明書のチルド設定・棚組み替え・ドアポケット部品一覧、公式鮮度試験ページ,チルドの温度・保存期間と、棚やドアポケットの型番別構成は、機能訴求ページだけでなく説明書の設定・部品一覧で確定できる。
toshiba,東芝,GR-Y41GXK,toshiba-gry41gxk,refrigeration,4. 冷蔵機能,fridge-other,その他,低,TOSHIBA 冷蔵庫総合カタログ 2025-6号,15・公式仕様ページ,確認済み一次資料に型番単位の明記なし,取扱説明書のチルド設定・棚組み替え・ドアポケット部品一覧、公式鮮度試験ページ,チルドの温度・保存期間と、棚やドアポケットの型番別構成は、機能訴求ページだけでなく説明書の設定・部品一覧で確定できる。
toshiba,東芝,GR-Y41GXK,toshiba-gry41gxk,freezing,5. 冷凍機能,frost-control,霜付き防止機能,低,TOSHIBA 冷蔵庫総合カタログ 2025-6号,15・公式仕様ページ,確認済み一次資料に型番単位の明記なし,型番別の冷凍・製氷機能比較表、冷凍室断面図、取扱説明書の運転モード一覧,特殊冷凍、小冷凍室、霜対策、収納段数、独立製氷室は別項目なので、型番別比較表と室構成図の両方が必要。
toshiba,東芝,GR-Y41GXK,toshiba-gry41gxk,clean,7. 清潔・お手入れ,maintenance,お手入れ,低,TOSHIBA 冷蔵庫総合カタログ 2025-6号,15・公式仕様ページ,確認済み一次資料に型番単位の明記なし,公式機能比較表、除菌／抗菌の試験注記、取扱説明書のお手入れ章,脱臭・除菌・抗菌は意味が異なるため、試験対象部位と試験方法が明記された一次資料が必要。
toshiba,東芝,GR-Y41GXK,toshiba-gry41gxk,smart,9. スマホ連携・IoT,iot-connectivity,通信・対応アプリ,低,TOSHIBA 冷蔵庫総合カタログ 2025-6号,15・公式仕様ページ,確認済み一次資料に型番単位の明記なし,メーカー公式アプリ対応機種一覧、ネットワーク設定ガイド、アプリ機能一覧,Wi-Fi搭載とアプリ対応、食材管理、通知、AIは別項目なので、アプリの対応型番表と機能対応表の両方が必要。
toshiba,東芝,GR-Y41GXK,toshiba-gry41gxk,smart,9. スマホ連携・IoT,iot-food,食材管理・庫内確認,低,TOSHIBA 冷蔵庫総合カタログ 2025-6号,15・公式仕様ページ,確認済み一次資料に型番単位の明記なし,メーカー公式アプリ対応機種一覧、ネットワーク設定ガイド、アプリ機能一覧,Wi-Fi搭載とアプリ対応、食材管理、通知、AIは別項目なので、アプリの対応型番表と機能対応表の両方が必要。
toshiba,東芝,GR-Y41GXK,toshiba-gry41gxk,smart,9. スマホ連携・IoT,iot-monitoring,通知・見守り・遠隔操作,低,TOSHIBA 冷蔵庫総合カタログ 2025-6号,15・公式仕様ページ,確認済み一次資料に型番単位の明記なし,メーカー公式アプリ対応機種一覧、ネットワーク設定ガイド、アプリ機能一覧,Wi-Fi搭載とアプリ対応、食材管理、通知、AIは別項目なので、アプリの対応型番表と機能対応表の両方が必要。
toshiba,東芝,GR-Y41GXK,toshiba-gry41gxk,smart,9. スマホ連携・IoT,iot-ai,AI・音声連携,低,TOSHIBA 冷蔵庫総合カタログ 2025-6号,15・公式仕様ページ,確認済み一次資料に型番単位の明記なし,メーカー公式アプリ対応機種一覧、ネットワーク設定ガイド、アプリ機能一覧,Wi-Fi搭載とアプリ対応、食材管理、通知、AIは別項目なので、アプリの対応型番表と機能対応表の両方が必要。
toshiba,東芝,GR-W36SV,toshiba-grw36sv,basic,1. 基本情報,colors,カラー,中,TOSHIBA 冷蔵庫総合カタログ 2025-6号,15・公式仕様ページ,確認済み一次資料に型番単位の明記なし,当該年式の公式商品ページ（アーカイブを含む）または色記号入り価格表,色名・発売月・シリーズ呼称は、総合カタログより個別商品ページや販売店向け価格表の方が型番単位で明記される可能性が高い。
toshiba,東芝,GR-W36SV,toshiba-grw36sv,refrigeration,4. 冷蔵機能,fridge-storage,扉・棚・収納,低,TOSHIBA 冷蔵庫総合カタログ 2025-6号,15・公式仕様ページ,確認済み一次資料に型番単位の明記なし,取扱説明書のチルド設定・棚組み替え・ドアポケット部品一覧、公式鮮度試験ページ,チルドの温度・保存期間と、棚やドアポケットの型番別構成は、機能訴求ページだけでなく説明書の設定・部品一覧で確定できる。
toshiba,東芝,GR-W36SV,toshiba-grw36sv,refrigeration,4. 冷蔵機能,door-pocket,ドアポケット,低,TOSHIBA 冷蔵庫総合カタログ 2025-6号,15・公式仕様ページ,確認済み一次資料に型番単位の明記なし,取扱説明書のチルド設定・棚組み替え・ドアポケット部品一覧、公式鮮度試験ページ,チルドの温度・保存期間と、棚やドアポケットの型番別構成は、機能訴求ページだけでなく説明書の設定・部品一覧で確定できる。
toshiba,東芝,GR-W36SV,toshiba-grw36sv,refrigeration,4. 冷蔵機能,fridge-other,その他,低,TOSHIBA 冷蔵庫総合カタログ 2025-6号,15・公式仕様ページ,確認済み一次資料に型番単位の明記なし,取扱説明書のチルド設定・棚組み替え・ドアポケット部品一覧、公式鮮度試験ページ,チルドの温度・保存期間と、棚やドアポケットの型番別構成は、機能訴求ページだけでなく説明書の設定・部品一覧で確定できる。
toshiba,東芝,GR-W36SV,toshiba-grw36sv,freezing,5. 冷凍機能,frost-control,霜付き防止機能,低,TOSHIBA 冷蔵庫総合カタログ 2025-6号,15・公式仕様ページ,確認済み一次資料に型番単位の明記なし,型番別の冷凍・製氷機能比較表、冷凍室断面図、取扱説明書の運転モード一覧,特殊冷凍、小冷凍室、霜対策、収納段数、独立製氷室は別項目なので、型番別比較表と室構成図の両方が必要。
toshiba,東芝,GR-W36SV,toshiba-grw36sv,clean,7. 清潔・お手入れ,maintenance,お手入れ,低,TOSHIBA 冷蔵庫総合カタログ 2025-6号,15・公式仕様ページ,確認済み一次資料に型番単位の明記なし,公式機能比較表、除菌／抗菌の試験注記、取扱説明書のお手入れ章,脱臭・除菌・抗菌は意味が異なるため、試験対象部位と試験方法が明記された一次資料が必要。
toshiba,東芝,GR-W36SV,toshiba-grw36sv,energy,8. 省エネ性,energy-ai,省エネ運転・AI学習,低,TOSHIBA 冷蔵庫総合カタログ 2025-6号,15・公式仕様ページ,確認済み一次資料に型番単位の明記なし,公式仕様表、省エネラベル、型番別機能比較表,年間消費電力量は仕様表、AI・センサーの有無は機能比較表、達成率は統一省エネラベルで確定できる。
toshiba,東芝,GR-W36SV,toshiba-grw36sv,smart,9. スマホ連携・IoT,iot-connectivity,通信・対応アプリ,低,TOSHIBA 冷蔵庫総合カタログ 2025-6号,15・公式仕様ページ,確認済み一次資料に型番単位の明記なし,メーカー公式アプリ対応機種一覧、ネットワーク設定ガイド、アプリ機能一覧,Wi-Fi搭載とアプリ対応、食材管理、通知、AIは別項目なので、アプリの対応型番表と機能対応表の両方が必要。
toshiba,東芝,GR-W36SV,toshiba-grw36sv,smart,9. スマホ連携・IoT,iot-food,食材管理・庫内確認,低,TOSHIBA 冷蔵庫総合カタログ 2025-6号,15・公式仕様ページ,確認済み一次資料に型番単位の明記なし,メーカー公式アプリ対応機種一覧、ネットワーク設定ガイド、アプリ機能一覧,Wi-Fi搭載とアプリ対応、食材管理、通知、AIは別項目なので、アプリの対応型番表と機能対応表の両方が必要。
toshiba,東芝,GR-W36SV,toshiba-grw36sv,smart,9. スマホ連携・IoT,iot-monitoring,通知・見守り・遠隔操作,低,TOSHIBA 冷蔵庫総合カタログ 2025-6号,15・公式仕様ページ,確認済み一次資料に型番単位の明記なし,メーカー公式アプリ対応機種一覧、ネットワーク設定ガイド、アプリ機能一覧,Wi-Fi搭載とアプリ対応、食材管理、通知、AIは別項目なので、アプリの対応型番表と機能対応表の両方が必要。
toshiba,東芝,GR-W36SV,toshiba-grw36sv,smart,9. スマホ連携・IoT,iot-ai,AI・音声連携,低,TOSHIBA 冷蔵庫総合カタログ 2025-6号,15・公式仕様ページ,確認済み一次資料に型番単位の明記なし,メーカー公式アプリ対応機種一覧、ネットワーク設定ガイド、アプリ機能一覧,Wi-Fi搭載とアプリ対応、食材管理、通知、AIは別項目なので、アプリの対応型番表と機能対応表の両方が必要。
toshiba,東芝,GR-Y36SC,toshiba-gry36sc,basic,1. 基本情報,colors,カラー,中,TOSHIBA 冷蔵庫総合カタログ 2025-6号,15・公式仕様ページ,確認済み一次資料に型番単位の明記なし,当該年式の公式商品ページ（アーカイブを含む）または色記号入り価格表,色名・発売月・シリーズ呼称は、総合カタログより個別商品ページや販売店向け価格表の方が型番単位で明記される可能性が高い。
toshiba,東芝,GR-Y36SC,toshiba-gry36sc,refrigeration,4. 冷蔵機能,fridge-storage,扉・棚・収納,低,TOSHIBA 冷蔵庫総合カタログ 2025-6号,15・公式仕様ページ,確認済み一次資料に型番単位の明記なし,取扱説明書のチルド設定・棚組み替え・ドアポケット部品一覧、公式鮮度試験ページ,チルドの温度・保存期間と、棚やドアポケットの型番別構成は、機能訴求ページだけでなく説明書の設定・部品一覧で確定できる。
toshiba,東芝,GR-Y36SC,toshiba-gry36sc,refrigeration,4. 冷蔵機能,door-pocket,ドアポケット,低,TOSHIBA 冷蔵庫総合カタログ 2025-6号,15・公式仕様ページ,確認済み一次資料に型番単位の明記なし,取扱説明書のチルド設定・棚組み替え・ドアポケット部品一覧、公式鮮度試験ページ,チルドの温度・保存期間と、棚やドアポケットの型番別構成は、機能訴求ページだけでなく説明書の設定・部品一覧で確定できる。
toshiba,東芝,GR-Y36SC,toshiba-gry36sc,refrigeration,4. 冷蔵機能,fridge-other,その他,低,TOSHIBA 冷蔵庫総合カタログ 2025-6号,15・公式仕様ページ,確認済み一次資料に型番単位の明記なし,取扱説明書のチルド設定・棚組み替え・ドアポケット部品一覧、公式鮮度試験ページ,チルドの温度・保存期間と、棚やドアポケットの型番別構成は、機能訴求ページだけでなく説明書の設定・部品一覧で確定できる。
toshiba,東芝,GR-Y36SC,toshiba-gry36sc,freezing,5. 冷凍機能,frost-control,霜付き防止機能,低,TOSHIBA 冷蔵庫総合カタログ 2025-6号,15・公式仕様ページ,確認済み一次資料に型番単位の明記なし,型番別の冷凍・製氷機能比較表、冷凍室断面図、取扱説明書の運転モード一覧,特殊冷凍、小冷凍室、霜対策、収納段数、独立製氷室は別項目なので、型番別比較表と室構成図の両方が必要。
toshiba,東芝,GR-Y36SC,toshiba-gry36sc,clean,7. 清潔・お手入れ,maintenance,お手入れ,低,TOSHIBA 冷蔵庫総合カタログ 2025-6号,15・公式仕様ページ,確認済み一次資料に型番単位の明記なし,公式機能比較表、除菌／抗菌の試験注記、取扱説明書のお手入れ章,脱臭・除菌・抗菌は意味が異なるため、試験対象部位と試験方法が明記された一次資料が必要。
toshiba,東芝,GR-Y36SC,toshiba-gry36sc,energy,8. 省エネ性,energy-ai,省エネ運転・AI学習,低,TOSHIBA 冷蔵庫総合カタログ 2025-6号,15・公式仕様ページ,確認済み一次資料に型番単位の明記なし,公式仕様表、省エネラベル、型番別機能比較表,年間消費電力量は仕様表、AI・センサーの有無は機能比較表、達成率は統一省エネラベルで確定できる。
toshiba,東芝,GR-Y36SC,toshiba-gry36sc,smart,9. スマホ連携・IoT,iot-connectivity,通信・対応アプリ,低,TOSHIBA 冷蔵庫総合カタログ 2025-6号,15・公式仕様ページ,確認済み一次資料に型番単位の明記なし,メーカー公式アプリ対応機種一覧、ネットワーク設定ガイド、アプリ機能一覧,Wi-Fi搭載とアプリ対応、食材管理、通知、AIは別項目なので、アプリの対応型番表と機能対応表の両方が必要。
toshiba,東芝,GR-Y36SC,toshiba-gry36sc,smart,9. スマホ連携・IoT,iot-food,食材管理・庫内確認,低,TOSHIBA 冷蔵庫総合カタログ 2025-6号,15・公式仕様ページ,確認済み一次資料に型番単位の明記なし,メーカー公式アプリ対応機種一覧、ネットワーク設定ガイド、アプリ機能一覧,Wi-Fi搭載とアプリ対応、食材管理、通知、AIは別項目なので、アプリの対応型番表と機能対応表の両方が必要。
toshiba,東芝,GR-Y36SC,toshiba-gry36sc,smart,9. スマホ連携・IoT,iot-monitoring,通知・見守り・遠隔操作,低,TOSHIBA 冷蔵庫総合カタログ 2025-6号,15・公式仕様ページ,確認済み一次資料に型番単位の明記なし,メーカー公式アプリ対応機種一覧、ネットワーク設定ガイド、アプリ機能一覧,Wi-Fi搭載とアプリ対応、食材管理、通知、AIは別項目なので、アプリの対応型番表と機能対応表の両方が必要。
toshiba,東芝,GR-Y36SC,toshiba-gry36sc,smart,9. スマホ連携・IoT,iot-ai,AI・音声連携,低,TOSHIBA 冷蔵庫総合カタログ 2025-6号,15・公式仕様ページ,確認済み一次資料に型番単位の明記なし,メーカー公式アプリ対応機種一覧、ネットワーク設定ガイド、アプリ機能一覧,Wi-Fi搭載とアプリ対応、食材管理、通知、AIは別項目なので、アプリの対応型番表と機能対応表の両方が必要。
toshiba,東芝,GR-Y36SV,toshiba-gry36sv,basic,1. 基本情報,colors,カラー,中,TOSHIBA 冷蔵庫総合カタログ 2025-6号,15・公式仕様ページ,確認済み一次資料に型番単位の明記なし,当該年式の公式商品ページ（アーカイブを含む）または色記号入り価格表,色名・発売月・シリーズ呼称は、総合カタログより個別商品ページや販売店向け価格表の方が型番単位で明記される可能性が高い。
toshiba,東芝,GR-Y36SV,toshiba-gry36sv,refrigeration,4. 冷蔵機能,fridge-storage,扉・棚・収納,低,TOSHIBA 冷蔵庫総合カタログ 2025-6号,15・公式仕様ページ,確認済み一次資料に型番単位の明記なし,取扱説明書のチルド設定・棚組み替え・ドアポケット部品一覧、公式鮮度試験ページ,チルドの温度・保存期間と、棚やドアポケットの型番別構成は、機能訴求ページだけでなく説明書の設定・部品一覧で確定できる。
toshiba,東芝,GR-Y36SV,toshiba-gry36sv,refrigeration,4. 冷蔵機能,door-pocket,ドアポケット,低,TOSHIBA 冷蔵庫総合カタログ 2025-6号,15・公式仕様ページ,確認済み一次資料に型番単位の明記なし,取扱説明書のチルド設定・棚組み替え・ドアポケット部品一覧、公式鮮度試験ページ,チルドの温度・保存期間と、棚やドアポケットの型番別構成は、機能訴求ページだけでなく説明書の設定・部品一覧で確定できる。
toshiba,東芝,GR-Y36SV,toshiba-gry36sv,refrigeration,4. 冷蔵機能,fridge-other,その他,低,TOSHIBA 冷蔵庫総合カタログ 2025-6号,15・公式仕様ページ,確認済み一次資料に型番単位の明記なし,取扱説明書のチルド設定・棚組み替え・ドアポケット部品一覧、公式鮮度試験ページ,チルドの温度・保存期間と、棚やドアポケットの型番別構成は、機能訴求ページだけでなく説明書の設定・部品一覧で確定できる。
toshiba,東芝,GR-Y36SV,toshiba-gry36sv,freezing,5. 冷凍機能,frost-control,霜付き防止機能,低,TOSHIBA 冷蔵庫総合カタログ 2025-6号,15・公式仕様ページ,確認済み一次資料に型番単位の明記なし,型番別の冷凍・製氷機能比較表、冷凍室断面図、取扱説明書の運転モード一覧,特殊冷凍、小冷凍室、霜対策、収納段数、独立製氷室は別項目なので、型番別比較表と室構成図の両方が必要。
toshiba,東芝,GR-Y36SV,toshiba-gry36sv,clean,7. 清潔・お手入れ,maintenance,お手入れ,低,TOSHIBA 冷蔵庫総合カタログ 2025-6号,15・公式仕様ページ,確認済み一次資料に型番単位の明記なし,公式機能比較表、除菌／抗菌の試験注記、取扱説明書のお手入れ章,脱臭・除菌・抗菌は意味が異なるため、試験対象部位と試験方法が明記された一次資料が必要。
toshiba,東芝,GR-Y36SV,toshiba-gry36sv,energy,8. 省エネ性,energy-ai,省エネ運転・AI学習,低,TOSHIBA 冷蔵庫総合カタログ 2025-6号,15・公式仕様ページ,確認済み一次資料に型番単位の明記なし,公式仕様表、省エネラベル、型番別機能比較表,年間消費電力量は仕様表、AI・センサーの有無は機能比較表、達成率は統一省エネラベルで確定できる。
toshiba,東芝,GR-Y36SV,toshiba-gry36sv,smart,9. スマホ連携・IoT,iot-connectivity,通信・対応アプリ,低,TOSHIBA 冷蔵庫総合カタログ 2025-6号,15・公式仕様ページ,確認済み一次資料に型番単位の明記なし,メーカー公式アプリ対応機種一覧、ネットワーク設定ガイド、アプリ機能一覧,Wi-Fi搭載とアプリ対応、食材管理、通知、AIは別項目なので、アプリの対応型番表と機能対応表の両方が必要。
toshiba,東芝,GR-Y36SV,toshiba-gry36sv,smart,9. スマホ連携・IoT,iot-food,食材管理・庫内確認,低,TOSHIBA 冷蔵庫総合カタログ 2025-6号,15・公式仕様ページ,確認済み一次資料に型番単位の明記なし,メーカー公式アプリ対応機種一覧、ネットワーク設定ガイド、アプリ機能一覧,Wi-Fi搭載とアプリ対応、食材管理、通知、AIは別項目なので、アプリの対応型番表と機能対応表の両方が必要。
toshiba,東芝,GR-Y36SV,toshiba-gry36sv,smart,9. スマホ連携・IoT,iot-monitoring,通知・見守り・遠隔操作,低,TOSHIBA 冷蔵庫総合カタログ 2025-6号,15・公式仕様ページ,確認済み一次資料に型番単位の明記なし,メーカー公式アプリ対応機種一覧、ネットワーク設定ガイド、アプリ機能一覧,Wi-Fi搭載とアプリ対応、食材管理、通知、AIは別項目なので、アプリの対応型番表と機能対応表の両方が必要。
toshiba,東芝,GR-Y36SV,toshiba-gry36sv,smart,9. スマホ連携・IoT,iot-ai,AI・音声連携,低,TOSHIBA 冷蔵庫総合カタログ 2025-6号,15・公式仕様ページ,確認済み一次資料に型番単位の明記なし,メーカー公式アプリ対応機種一覧、ネットワーク設定ガイド、アプリ機能一覧,Wi-Fi搭載とアプリ対応、食材管理、通知、AIは別項目なので、アプリの対応型番表と機能対応表の両方が必要。
sharp,シャープ,SJ-MF61R,sharp-sj-mf61r,refrigeration,4. 冷蔵機能,door-pocket,ドアポケット,低,SHARP 冷蔵庫・冷凍庫総合カタログ 2026-3号,3–10、12,確認済み一次資料に型番単位の明記なし,取扱説明書のチルド設定・棚組み替え・ドアポケット部品一覧、公式鮮度試験ページ,チルドの温度・保存期間と、棚やドアポケットの型番別構成は、機能訴求ページだけでなく説明書の設定・部品一覧で確定できる。
sharp,シャープ,SJ-MF61R,sharp-sj-mf61r,refrigeration,4. 冷蔵機能,fridge-other,その他,低,SHARP 冷蔵庫・冷凍庫総合カタログ 2026-3号,3–10、12,確認済み一次資料に型番単位の明記なし,取扱説明書のチルド設定・棚組み替え・ドアポケット部品一覧、公式鮮度試験ページ,チルドの温度・保存期間と、棚やドアポケットの型番別構成は、機能訴求ページだけでなく説明書の設定・部品一覧で確定できる。
sharp,シャープ,SJ-MF61R,sharp-sj-mf61r,freezing,5. 冷凍機能,freezer-other,その他,低,SHARP 冷蔵庫・冷凍庫総合カタログ 2026-3号,3–10、12,確認済み一次資料に型番単位の明記なし,型番別の冷凍・製氷機能比較表、冷凍室断面図、取扱説明書の運転モード一覧,特殊冷凍、小冷凍室、霜対策、収納段数、独立製氷室は別項目なので、型番別比較表と室構成図の両方が必要。
sharp,シャープ,SJ-MF55M,sharp-sjmf55m,basic,1. 基本情報,colors,カラー,中,シャープ 冷蔵庫 公式製品・仕様ページ,公式仕様ページ,対象年式が提供カタログ外、または型番別対応表が不足,当該年式の公式商品ページ（アーカイブを含む）または色記号入り価格表,色名・発売月・シリーズ呼称は、総合カタログより個別商品ページや販売店向け価格表の方が型番単位で明記される可能性が高い。
sharp,シャープ,SJ-MF55M,sharp-sjmf55m,refrigeration,4. 冷蔵機能,door-pocket,ドアポケット,低,シャープ 冷蔵庫 公式製品・仕様ページ,公式仕様ページ,対象年式が提供カタログ外、または型番別対応表が不足,取扱説明書のチルド設定・棚組み替え・ドアポケット部品一覧、公式鮮度試験ページ,チルドの温度・保存期間と、棚やドアポケットの型番別構成は、機能訴求ページだけでなく説明書の設定・部品一覧で確定できる。
sharp,シャープ,SJ-MF55M,sharp-sjmf55m,refrigeration,4. 冷蔵機能,fridge-other,その他,低,シャープ 冷蔵庫 公式製品・仕様ページ,公式仕様ページ,対象年式が提供カタログ外、または型番別対応表が不足,取扱説明書のチルド設定・棚組み替え・ドアポケット部品一覧、公式鮮度試験ページ,チルドの温度・保存期間と、棚やドアポケットの型番別構成は、機能訴求ページだけでなく説明書の設定・部品一覧で確定できる。
sharp,シャープ,SJ-MF55M,sharp-sjmf55m,freezing,5. 冷凍機能,freezer-other,その他,低,シャープ 冷蔵庫 公式製品・仕様ページ,公式仕様ページ,対象年式が提供カタログ外、または型番別対応表が不足,型番別の冷凍・製氷機能比較表、冷凍室断面図、取扱説明書の運転モード一覧,特殊冷凍、小冷凍室、霜対策、収納段数、独立製氷室は別項目なので、型番別比較表と室構成図の両方が必要。
sharp,シャープ,SJ-MF55M,sharp-sjmf55m,smart,9. スマホ連携・IoT,iot-connectivity,通信・対応アプリ,低,シャープ 冷蔵庫 公式製品・仕様ページ,公式仕様ページ,対象年式が提供カタログ外、または型番別対応表が不足,メーカー公式アプリ対応機種一覧、ネットワーク設定ガイド、アプリ機能一覧,Wi-Fi搭載とアプリ対応、食材管理、通知、AIは別項目なので、アプリの対応型番表と機能対応表の両方が必要。
sharp,シャープ,SJ-MF55M,sharp-sjmf55m,smart,9. スマホ連携・IoT,iot-food,食材管理・庫内確認,低,シャープ 冷蔵庫 公式製品・仕様ページ,公式仕様ページ,対象年式が提供カタログ外、または型番別対応表が不足,メーカー公式アプリ対応機種一覧、ネットワーク設定ガイド、アプリ機能一覧,Wi-Fi搭載とアプリ対応、食材管理、通知、AIは別項目なので、アプリの対応型番表と機能対応表の両方が必要。
sharp,シャープ,SJ-MF55M,sharp-sjmf55m,smart,9. スマホ連携・IoT,iot-monitoring,通知・見守り・遠隔操作,低,シャープ 冷蔵庫 公式製品・仕様ページ,公式仕様ページ,対象年式が提供カタログ外、または型番別対応表が不足,メーカー公式アプリ対応機種一覧、ネットワーク設定ガイド、アプリ機能一覧,Wi-Fi搭載とアプリ対応、食材管理、通知、AIは別項目なので、アプリの対応型番表と機能対応表の両方が必要。
sharp,シャープ,SJ-MF55M,sharp-sjmf55m,smart,9. スマホ連携・IoT,iot-ai,AI・音声連携,低,シャープ 冷蔵庫 公式製品・仕様ページ,公式仕様ページ,対象年式が提供カタログ外、または型番別対応表が不足,メーカー公式アプリ対応機種一覧、ネットワーク設定ガイド、アプリ機能一覧,Wi-Fi搭載とアプリ対応、食材管理、通知、AIは別項目なので、アプリの対応型番表と機能対応表の両方が必要。
sharp,シャープ,SJ-MF55P,sharp-sj-mf55p,basic,1. 基本情報,colors,カラー,中,SHARP 冷蔵庫・冷凍庫総合カタログ 2025-3号,2–10、12,確認済み一次資料に型番単位の明記なし,当該年式の公式商品ページ（アーカイブを含む）または色記号入り価格表,色名・発売月・シリーズ呼称は、総合カタログより個別商品ページや販売店向け価格表の方が型番単位で明記される可能性が高い。
sharp,シャープ,SJ-MF55P,sharp-sj-mf55p,refrigeration,4. 冷蔵機能,door-pocket,ドアポケット,低,SHARP 冷蔵庫・冷凍庫総合カタログ 2025-3号,2–10、12,確認済み一次資料に型番単位の明記なし,取扱説明書のチルド設定・棚組み替え・ドアポケット部品一覧、公式鮮度試験ページ,チルドの温度・保存期間と、棚やドアポケットの型番別構成は、機能訴求ページだけでなく説明書の設定・部品一覧で確定できる。
sharp,シャープ,SJ-MF55P,sharp-sj-mf55p,refrigeration,4. 冷蔵機能,fridge-other,その他,低,SHARP 冷蔵庫・冷凍庫総合カタログ 2025-3号,2–10、12,確認済み一次資料に型番単位の明記なし,取扱説明書のチルド設定・棚組み替え・ドアポケット部品一覧、公式鮮度試験ページ,チルドの温度・保存期間と、棚やドアポケットの型番別構成は、機能訴求ページだけでなく説明書の設定・部品一覧で確定できる。
sharp,シャープ,SJ-MF55P,sharp-sj-mf55p,freezing,5. 冷凍機能,freezer-other,その他,低,SHARP 冷蔵庫・冷凍庫総合カタログ 2025-3号,2–10、12,確認済み一次資料に型番単位の明記なし,型番別の冷凍・製氷機能比較表、冷凍室断面図、取扱説明書の運転モード一覧,特殊冷凍、小冷凍室、霜対策、収納段数、独立製氷室は別項目なので、型番別比較表と室構成図の両方が必要。
sharp,シャープ,SJ-MF55R,sharp-sjmf55r,refrigeration,4. 冷蔵機能,door-pocket,ドアポケット,低,SHARP 冷蔵庫・冷凍庫総合カタログ 2026-3号,9–10,確認済み一次資料に型番単位の明記なし,取扱説明書のチルド設定・棚組み替え・ドアポケット部品一覧、公式鮮度試験ページ,チルドの温度・保存期間と、棚やドアポケットの型番別構成は、機能訴求ページだけでなく説明書の設定・部品一覧で確定できる。
sharp,シャープ,SJ-MF55R,sharp-sjmf55r,refrigeration,4. 冷蔵機能,fridge-other,その他,低,SHARP 冷蔵庫・冷凍庫総合カタログ 2026-3号,9–10,確認済み一次資料に型番単位の明記なし,取扱説明書のチルド設定・棚組み替え・ドアポケット部品一覧、公式鮮度試験ページ,チルドの温度・保存期間と、棚やドアポケットの型番別構成は、機能訴求ページだけでなく説明書の設定・部品一覧で確定できる。
sharp,シャープ,SJ-MF55R,sharp-sjmf55r,freezing,5. 冷凍機能,freezer-other,その他,低,SHARP 冷蔵庫・冷凍庫総合カタログ 2026-3号,9–10,確認済み一次資料に型番単位の明記なし,型番別の冷凍・製氷機能比較表、冷凍室断面図、取扱説明書の運転モード一覧,特殊冷凍、小冷凍室、霜対策、収納段数、独立製氷室は別項目なので、型番別比較表と室構成図の両方が必要。
sharp,シャープ,SJ-MF51M,sharp-sjmf51m,basic,1. 基本情報,colors,カラー,中,シャープ 冷蔵庫 公式製品・仕様ページ,公式仕様ページ,対象年式が提供カタログ外、または型番別対応表が不足,当該年式の公式商品ページ（アーカイブを含む）または色記号入り価格表,色名・発売月・シリーズ呼称は、総合カタログより個別商品ページや販売店向け価格表の方が型番単位で明記される可能性が高い。
sharp,シャープ,SJ-MF51M,sharp-sjmf51m,refrigeration,4. 冷蔵機能,door-pocket,ドアポケット,低,シャープ 冷蔵庫 公式製品・仕様ページ,公式仕様ページ,対象年式が提供カタログ外、または型番別対応表が不足,取扱説明書のチルド設定・棚組み替え・ドアポケット部品一覧、公式鮮度試験ページ,チルドの温度・保存期間と、棚やドアポケットの型番別構成は、機能訴求ページだけでなく説明書の設定・部品一覧で確定できる。
sharp,シャープ,SJ-MF51M,sharp-sjmf51m,refrigeration,4. 冷蔵機能,fridge-other,その他,低,シャープ 冷蔵庫 公式製品・仕様ページ,公式仕様ページ,対象年式が提供カタログ外、または型番別対応表が不足,取扱説明書のチルド設定・棚組み替え・ドアポケット部品一覧、公式鮮度試験ページ,チルドの温度・保存期間と、棚やドアポケットの型番別構成は、機能訴求ページだけでなく説明書の設定・部品一覧で確定できる。
sharp,シャープ,SJ-MF51M,sharp-sjmf51m,freezing,5. 冷凍機能,freezer-other,その他,低,シャープ 冷蔵庫 公式製品・仕様ページ,公式仕様ページ,対象年式が提供カタログ外、または型番別対応表が不足,型番別の冷凍・製氷機能比較表、冷凍室断面図、取扱説明書の運転モード一覧,特殊冷凍、小冷凍室、霜対策、収納段数、独立製氷室は別項目なので、型番別比較表と室構成図の両方が必要。
sharp,シャープ,SJ-MF51M,sharp-sjmf51m,smart,9. スマホ連携・IoT,iot-connectivity,通信・対応アプリ,低,シャープ 冷蔵庫 公式製品・仕様ページ,公式仕様ページ,対象年式が提供カタログ外、または型番別対応表が不足,メーカー公式アプリ対応機種一覧、ネットワーク設定ガイド、アプリ機能一覧,Wi-Fi搭載とアプリ対応、食材管理、通知、AIは別項目なので、アプリの対応型番表と機能対応表の両方が必要。
sharp,シャープ,SJ-MF51M,sharp-sjmf51m,smart,9. スマホ連携・IoT,iot-food,食材管理・庫内確認,低,シャープ 冷蔵庫 公式製品・仕様ページ,公式仕様ページ,対象年式が提供カタログ外、または型番別対応表が不足,メーカー公式アプリ対応機種一覧、ネットワーク設定ガイド、アプリ機能一覧,Wi-Fi搭載とアプリ対応、食材管理、通知、AIは別項目なので、アプリの対応型番表と機能対応表の両方が必要。
sharp,シャープ,SJ-MF51M,sharp-sjmf51m,smart,9. スマホ連携・IoT,iot-monitoring,通知・見守り・遠隔操作,低,シャープ 冷蔵庫 公式製品・仕様ページ,公式仕様ページ,対象年式が提供カタログ外、または型番別対応表が不足,メーカー公式アプリ対応機種一覧、ネットワーク設定ガイド、アプリ機能一覧,Wi-Fi搭載とアプリ対応、食材管理、通知、AIは別項目なので、アプリの対応型番表と機能対応表の両方が必要。
sharp,シャープ,SJ-MF51M,sharp-sjmf51m,smart,9. スマホ連携・IoT,iot-ai,AI・音声連携,低,シャープ 冷蔵庫 公式製品・仕様ページ,公式仕様ページ,対象年式が提供カタログ外、または型番別対応表が不足,メーカー公式アプリ対応機種一覧、ネットワーク設定ガイド、アプリ機能一覧,Wi-Fi搭載とアプリ対応、食材管理、通知、AIは別項目なので、アプリの対応型番表と機能対応表の両方が必要。
sharp,シャープ,SJ-MF51R,sharp-sjmf51r,refrigeration,4. 冷蔵機能,door-pocket,ドアポケット,低,SHARP 冷蔵庫・冷凍庫総合カタログ 2026-3号,9–10,確認済み一次資料に型番単位の明記なし,取扱説明書のチルド設定・棚組み替え・ドアポケット部品一覧、公式鮮度試験ページ,チルドの温度・保存期間と、棚やドアポケットの型番別構成は、機能訴求ページだけでなく説明書の設定・部品一覧で確定できる。
sharp,シャープ,SJ-MF51R,sharp-sjmf51r,refrigeration,4. 冷蔵機能,fridge-other,その他,低,SHARP 冷蔵庫・冷凍庫総合カタログ 2026-3号,9–10,確認済み一次資料に型番単位の明記なし,取扱説明書のチルド設定・棚組み替え・ドアポケット部品一覧、公式鮮度試験ページ,チルドの温度・保存期間と、棚やドアポケットの型番別構成は、機能訴求ページだけでなく説明書の設定・部品一覧で確定できる。
sharp,シャープ,SJ-MF51R,sharp-sjmf51r,freezing,5. 冷凍機能,freezer-other,その他,低,SHARP 冷蔵庫・冷凍庫総合カタログ 2026-3号,9–10,確認済み一次資料に型番単位の明記なし,型番別の冷凍・製氷機能比較表、冷凍室断面図、取扱説明書の運転モード一覧,特殊冷凍、小冷凍室、霜対策、収納段数、独立製氷室は別項目なので、型番別比較表と室構成図の両方が必要。
sharp,シャープ,SJ-SF50P,sharp-sjsf50p,basic,1. 基本情報,colors,カラー,中,SHARP 冷蔵庫・冷凍庫総合カタログ 2025-3号,9–10,確認済み一次資料に型番単位の明記なし,当該年式の公式商品ページ（アーカイブを含む）または色記号入り価格表,色名・発売月・シリーズ呼称は、総合カタログより個別商品ページや販売店向け価格表の方が型番単位で明記される可能性が高い。
sharp,シャープ,SJ-SF50P,sharp-sjsf50p,refrigeration,4. 冷蔵機能,door-pocket,ドアポケット,低,SHARP 冷蔵庫・冷凍庫総合カタログ 2025-3号,9–10,確認済み一次資料に型番単位の明記なし,取扱説明書のチルド設定・棚組み替え・ドアポケット部品一覧、公式鮮度試験ページ,チルドの温度・保存期間と、棚やドアポケットの型番別構成は、機能訴求ページだけでなく説明書の設定・部品一覧で確定できる。
sharp,シャープ,SJ-SF50P,sharp-sjsf50p,refrigeration,4. 冷蔵機能,fridge-other,その他,低,SHARP 冷蔵庫・冷凍庫総合カタログ 2025-3号,9–10,確認済み一次資料に型番単位の明記なし,取扱説明書のチルド設定・棚組み替え・ドアポケット部品一覧、公式鮮度試験ページ,チルドの温度・保存期間と、棚やドアポケットの型番別構成は、機能訴求ページだけでなく説明書の設定・部品一覧で確定できる。
sharp,シャープ,SJ-SF50P,sharp-sjsf50p,freezing,5. 冷凍機能,frost-control,霜付き防止機能,低,SHARP 冷蔵庫・冷凍庫総合カタログ 2025-3号,9–10,確認済み一次資料に型番単位の明記なし,型番別の冷凍・製氷機能比較表、冷凍室断面図、取扱説明書の運転モード一覧,特殊冷凍、小冷凍室、霜対策、収納段数、独立製氷室は別項目なので、型番別比較表と室構成図の両方が必要。
sharp,シャープ,SJ-SF50P,sharp-sjsf50p,freezing,5. 冷凍機能,freezer-other,その他,低,SHARP 冷蔵庫・冷凍庫総合カタログ 2025-3号,9–10,確認済み一次資料に型番単位の明記なし,型番別の冷凍・製氷機能比較表、冷凍室断面図、取扱説明書の運転モード一覧,特殊冷凍、小冷凍室、霜対策、収納段数、独立製氷室は別項目なので、型番別比較表と室構成図の両方が必要。
sharp,シャープ,SJ-SF50P,sharp-sjsf50p,clean,7. 清潔・お手入れ,maintenance,お手入れ,低,SHARP 冷蔵庫・冷凍庫総合カタログ 2025-3号,9–10,確認済み一次資料に型番単位の明記なし,公式機能比較表、除菌／抗菌の試験注記、取扱説明書のお手入れ章,脱臭・除菌・抗菌は意味が異なるため、試験対象部位と試験方法が明記された一次資料が必要。
sharp,シャープ,SJ-SF50P,sharp-sjsf50p,smart,9. スマホ連携・IoT,iot-connectivity,通信・対応アプリ,低,SHARP 冷蔵庫・冷凍庫総合カタログ 2025-3号,9–10,確認済み一次資料に型番単位の明記なし,メーカー公式アプリ対応機種一覧、ネットワーク設定ガイド、アプリ機能一覧,Wi-Fi搭載とアプリ対応、食材管理、通知、AIは別項目なので、アプリの対応型番表と機能対応表の両方が必要。
sharp,シャープ,SJ-SF50P,sharp-sjsf50p,smart,9. スマホ連携・IoT,iot-food,食材管理・庫内確認,低,SHARP 冷蔵庫・冷凍庫総合カタログ 2025-3号,9–10,確認済み一次資料に型番単位の明記なし,メーカー公式アプリ対応機種一覧、ネットワーク設定ガイド、アプリ機能一覧,Wi-Fi搭載とアプリ対応、食材管理、通知、AIは別項目なので、アプリの対応型番表と機能対応表の両方が必要。
sharp,シャープ,SJ-SF50P,sharp-sjsf50p,smart,9. スマホ連携・IoT,iot-monitoring,通知・見守り・遠隔操作,低,SHARP 冷蔵庫・冷凍庫総合カタログ 2025-3号,9–10,確認済み一次資料に型番単位の明記なし,メーカー公式アプリ対応機種一覧、ネットワーク設定ガイド、アプリ機能一覧,Wi-Fi搭載とアプリ対応、食材管理、通知、AIは別項目なので、アプリの対応型番表と機能対応表の両方が必要。
sharp,シャープ,SJ-SF50P,sharp-sjsf50p,smart,9. スマホ連携・IoT,iot-ai,AI・音声連携,低,SHARP 冷蔵庫・冷凍庫総合カタログ 2025-3号,9–10,確認済み一次資料に型番単位の明記なし,メーカー公式アプリ対応機種一覧、ネットワーク設定ガイド、アプリ機能一覧,Wi-Fi搭載とアプリ対応、食材管理、通知、AIは別項目なので、アプリの対応型番表と機能対応表の両方が必要。
sharp,シャープ,SJ-X504R,sharp-sjx504r,refrigeration,4. 冷蔵機能,door-pocket,ドアポケット,低,SHARP 冷蔵庫・冷凍庫総合カタログ 2026-3号,9–10,確認済み一次資料に型番単位の明記なし,取扱説明書のチルド設定・棚組み替え・ドアポケット部品一覧、公式鮮度試験ページ,チルドの温度・保存期間と、棚やドアポケットの型番別構成は、機能訴求ページだけでなく説明書の設定・部品一覧で確定できる。
sharp,シャープ,SJ-X504R,sharp-sjx504r,refrigeration,4. 冷蔵機能,fridge-other,その他,低,SHARP 冷蔵庫・冷凍庫総合カタログ 2026-3号,9–10,確認済み一次資料に型番単位の明記なし,取扱説明書のチルド設定・棚組み替え・ドアポケット部品一覧、公式鮮度試験ページ,チルドの温度・保存期間と、棚やドアポケットの型番別構成は、機能訴求ページだけでなく説明書の設定・部品一覧で確定できる。
sharp,シャープ,SJ-X504R,sharp-sjx504r,freezing,5. 冷凍機能,frost-control,霜付き防止機能,低,SHARP 冷蔵庫・冷凍庫総合カタログ 2026-3号,9–10,確認済み一次資料に型番単位の明記なし,型番別の冷凍・製氷機能比較表、冷凍室断面図、取扱説明書の運転モード一覧,特殊冷凍、小冷凍室、霜対策、収納段数、独立製氷室は別項目なので、型番別比較表と室構成図の両方が必要。
sharp,シャープ,SJ-X504R,sharp-sjx504r,freezing,5. 冷凍機能,freezer-other,その他,低,SHARP 冷蔵庫・冷凍庫総合カタログ 2026-3号,9–10,確認済み一次資料に型番単位の明記なし,型番別の冷凍・製氷機能比較表、冷凍室断面図、取扱説明書の運転モード一覧,特殊冷凍、小冷凍室、霜対策、収納段数、独立製氷室は別項目なので、型番別比較表と室構成図の両方が必要。
sharp,シャープ,SJ-X504R,sharp-sjx504r,clean,7. 清潔・お手入れ,maintenance,お手入れ,低,SHARP 冷蔵庫・冷凍庫総合カタログ 2026-3号,9–10,確認済み一次資料に型番単位の明記なし,公式機能比較表、除菌／抗菌の試験注記、取扱説明書のお手入れ章,脱臭・除菌・抗菌は意味が異なるため、試験対象部位と試験方法が明記された一次資料が必要。
sharp,シャープ,SJ-X504R,sharp-sjx504r,smart,9. スマホ連携・IoT,iot-connectivity,通信・対応アプリ,低,SHARP 冷蔵庫・冷凍庫総合カタログ 2026-3号,9–10,確認済み一次資料に型番単位の明記なし,メーカー公式アプリ対応機種一覧、ネットワーク設定ガイド、アプリ機能一覧,Wi-Fi搭載とアプリ対応、食材管理、通知、AIは別項目なので、アプリの対応型番表と機能対応表の両方が必要。
sharp,シャープ,SJ-X504R,sharp-sjx504r,smart,9. スマホ連携・IoT,iot-food,食材管理・庫内確認,低,SHARP 冷蔵庫・冷凍庫総合カタログ 2026-3号,9–10,確認済み一次資料に型番単位の明記なし,メーカー公式アプリ対応機種一覧、ネットワーク設定ガイド、アプリ機能一覧,Wi-Fi搭載とアプリ対応、食材管理、通知、AIは別項目なので、アプリの対応型番表と機能対応表の両方が必要。
sharp,シャープ,SJ-X504R,sharp-sjx504r,smart,9. スマホ連携・IoT,iot-monitoring,通知・見守り・遠隔操作,低,SHARP 冷蔵庫・冷凍庫総合カタログ 2026-3号,9–10,確認済み一次資料に型番単位の明記なし,メーカー公式アプリ対応機種一覧、ネットワーク設定ガイド、アプリ機能一覧,Wi-Fi搭載とアプリ対応、食材管理、通知、AIは別項目なので、アプリの対応型番表と機能対応表の両方が必要。
sharp,シャープ,SJ-X504R,sharp-sjx504r,smart,9. スマホ連携・IoT,iot-ai,AI・音声連携,低,SHARP 冷蔵庫・冷凍庫総合カタログ 2026-3号,9–10,確認済み一次資料に型番単位の明記なし,メーカー公式アプリ対応機種一覧、ネットワーク設定ガイド、アプリ機能一覧,Wi-Fi搭載とアプリ対応、食材管理、通知、AIは別項目なので、アプリの対応型番表と機能対応表の両方が必要。
sharp,シャープ,SJ-MF46J,sharp-sjmf46j,basic,1. 基本情報,colors,カラー,中,シャープ 冷蔵庫 公式製品・仕様ページ,公式仕様ページ,対象年式が提供カタログ外、または型番別対応表が不足,当該年式の公式商品ページ（アーカイブを含む）または色記号入り価格表,色名・発売月・シリーズ呼称は、総合カタログより個別商品ページや販売店向け価格表の方が型番単位で明記される可能性が高い。
sharp,シャープ,SJ-MF46J,sharp-sjmf46j,refrigeration,4. 冷蔵機能,door-pocket,ドアポケット,低,シャープ 冷蔵庫 公式製品・仕様ページ,公式仕様ページ,対象年式が提供カタログ外、または型番別対応表が不足,取扱説明書のチルド設定・棚組み替え・ドアポケット部品一覧、公式鮮度試験ページ,チルドの温度・保存期間と、棚やドアポケットの型番別構成は、機能訴求ページだけでなく説明書の設定・部品一覧で確定できる。
sharp,シャープ,SJ-MF46J,sharp-sjmf46j,refrigeration,4. 冷蔵機能,fridge-other,その他,低,シャープ 冷蔵庫 公式製品・仕様ページ,公式仕様ページ,対象年式が提供カタログ外、または型番別対応表が不足,取扱説明書のチルド設定・棚組み替え・ドアポケット部品一覧、公式鮮度試験ページ,チルドの温度・保存期間と、棚やドアポケットの型番別構成は、機能訴求ページだけでなく説明書の設定・部品一覧で確定できる。
sharp,シャープ,SJ-MF46J,sharp-sjmf46j,freezing,5. 冷凍機能,freezer-other,その他,低,シャープ 冷蔵庫 公式製品・仕様ページ,公式仕様ページ,対象年式が提供カタログ外、または型番別対応表が不足,型番別の冷凍・製氷機能比較表、冷凍室断面図、取扱説明書の運転モード一覧,特殊冷凍、小冷凍室、霜対策、収納段数、独立製氷室は別項目なので、型番別比較表と室構成図の両方が必要。
sharp,シャープ,SJ-MF46J,sharp-sjmf46j,smart,9. スマホ連携・IoT,iot-connectivity,通信・対応アプリ,低,シャープ 冷蔵庫 公式製品・仕様ページ,公式仕様ページ,対象年式が提供カタログ外、または型番別対応表が不足,メーカー公式アプリ対応機種一覧、ネットワーク設定ガイド、アプリ機能一覧,Wi-Fi搭載とアプリ対応、食材管理、通知、AIは別項目なので、アプリの対応型番表と機能対応表の両方が必要。
sharp,シャープ,SJ-MF46J,sharp-sjmf46j,smart,9. スマホ連携・IoT,iot-food,食材管理・庫内確認,低,シャープ 冷蔵庫 公式製品・仕様ページ,公式仕様ページ,対象年式が提供カタログ外、または型番別対応表が不足,メーカー公式アプリ対応機種一覧、ネットワーク設定ガイド、アプリ機能一覧,Wi-Fi搭載とアプリ対応、食材管理、通知、AIは別項目なので、アプリの対応型番表と機能対応表の両方が必要。
sharp,シャープ,SJ-MF46J,sharp-sjmf46j,smart,9. スマホ連携・IoT,iot-monitoring,通知・見守り・遠隔操作,低,シャープ 冷蔵庫 公式製品・仕様ページ,公式仕様ページ,対象年式が提供カタログ外、または型番別対応表が不足,メーカー公式アプリ対応機種一覧、ネットワーク設定ガイド、アプリ機能一覧,Wi-Fi搭載とアプリ対応、食材管理、通知、AIは別項目なので、アプリの対応型番表と機能対応表の両方が必要。
sharp,シャープ,SJ-MF46J,sharp-sjmf46j,smart,9. スマホ連携・IoT,iot-ai,AI・音声連携,低,シャープ 冷蔵庫 公式製品・仕様ページ,公式仕様ページ,対象年式が提供カタログ外、または型番別対応表が不足,メーカー公式アプリ対応機種一覧、ネットワーク設定ガイド、アプリ機能一覧,Wi-Fi搭載とアプリ対応、食材管理、通知、AIは別項目なので、アプリの対応型番表と機能対応表の両方が必要。
sharp,シャープ,SJ-MF46M,sharp-sjmf46m,basic,1. 基本情報,colors,カラー,中,シャープ 冷蔵庫 公式製品・仕様ページ,公式仕様ページ,対象年式が提供カタログ外、または型番別対応表が不足,当該年式の公式商品ページ（アーカイブを含む）または色記号入り価格表,色名・発売月・シリーズ呼称は、総合カタログより個別商品ページや販売店向け価格表の方が型番単位で明記される可能性が高い。
sharp,シャープ,SJ-MF46M,sharp-sjmf46m,refrigeration,4. 冷蔵機能,door-pocket,ドアポケット,低,シャープ 冷蔵庫 公式製品・仕様ページ,公式仕様ページ,対象年式が提供カタログ外、または型番別対応表が不足,取扱説明書のチルド設定・棚組み替え・ドアポケット部品一覧、公式鮮度試験ページ,チルドの温度・保存期間と、棚やドアポケットの型番別構成は、機能訴求ページだけでなく説明書の設定・部品一覧で確定できる。
sharp,シャープ,SJ-MF46M,sharp-sjmf46m,refrigeration,4. 冷蔵機能,fridge-other,その他,低,シャープ 冷蔵庫 公式製品・仕様ページ,公式仕様ページ,対象年式が提供カタログ外、または型番別対応表が不足,取扱説明書のチルド設定・棚組み替え・ドアポケット部品一覧、公式鮮度試験ページ,チルドの温度・保存期間と、棚やドアポケットの型番別構成は、機能訴求ページだけでなく説明書の設定・部品一覧で確定できる。
sharp,シャープ,SJ-MF46M,sharp-sjmf46m,freezing,5. 冷凍機能,freezer-other,その他,低,シャープ 冷蔵庫 公式製品・仕様ページ,公式仕様ページ,対象年式が提供カタログ外、または型番別対応表が不足,型番別の冷凍・製氷機能比較表、冷凍室断面図、取扱説明書の運転モード一覧,特殊冷凍、小冷凍室、霜対策、収納段数、独立製氷室は別項目なので、型番別比較表と室構成図の両方が必要。
sharp,シャープ,SJ-MF46M,sharp-sjmf46m,smart,9. スマホ連携・IoT,iot-connectivity,通信・対応アプリ,低,シャープ 冷蔵庫 公式製品・仕様ページ,公式仕様ページ,対象年式が提供カタログ外、または型番別対応表が不足,メーカー公式アプリ対応機種一覧、ネットワーク設定ガイド、アプリ機能一覧,Wi-Fi搭載とアプリ対応、食材管理、通知、AIは別項目なので、アプリの対応型番表と機能対応表の両方が必要。
sharp,シャープ,SJ-MF46M,sharp-sjmf46m,smart,9. スマホ連携・IoT,iot-food,食材管理・庫内確認,低,シャープ 冷蔵庫 公式製品・仕様ページ,公式仕様ページ,対象年式が提供カタログ外、または型番別対応表が不足,メーカー公式アプリ対応機種一覧、ネットワーク設定ガイド、アプリ機能一覧,Wi-Fi搭載とアプリ対応、食材管理、通知、AIは別項目なので、アプリの対応型番表と機能対応表の両方が必要。
sharp,シャープ,SJ-MF46M,sharp-sjmf46m,smart,9. スマホ連携・IoT,iot-monitoring,通知・見守り・遠隔操作,低,シャープ 冷蔵庫 公式製品・仕様ページ,公式仕様ページ,対象年式が提供カタログ外、または型番別対応表が不足,メーカー公式アプリ対応機種一覧、ネットワーク設定ガイド、アプリ機能一覧,Wi-Fi搭載とアプリ対応、食材管理、通知、AIは別項目なので、アプリの対応型番表と機能対応表の両方が必要。
sharp,シャープ,SJ-MF46M,sharp-sjmf46m,smart,9. スマホ連携・IoT,iot-ai,AI・音声連携,低,シャープ 冷蔵庫 公式製品・仕様ページ,公式仕様ページ,対象年式が提供カタログ外、または型番別対応表が不足,メーカー公式アプリ対応機種一覧、ネットワーク設定ガイド、アプリ機能一覧,Wi-Fi搭載とアプリ対応、食材管理、通知、AIは別項目なので、アプリの対応型番表と機能対応表の両方が必要。
sharp,シャープ,SJ-MF46P,sharp-sjmf46p,basic,1. 基本情報,colors,カラー,中,SHARP 冷蔵庫・冷凍庫総合カタログ 2025-3号,9–10,確認済み一次資料に型番単位の明記なし,当該年式の公式商品ページ（アーカイブを含む）または色記号入り価格表,色名・発売月・シリーズ呼称は、総合カタログより個別商品ページや販売店向け価格表の方が型番単位で明記される可能性が高い。
sharp,シャープ,SJ-MF46P,sharp-sjmf46p,refrigeration,4. 冷蔵機能,door-pocket,ドアポケット,低,SHARP 冷蔵庫・冷凍庫総合カタログ 2025-3号,9–10,確認済み一次資料に型番単位の明記なし,取扱説明書のチルド設定・棚組み替え・ドアポケット部品一覧、公式鮮度試験ページ,チルドの温度・保存期間と、棚やドアポケットの型番別構成は、機能訴求ページだけでなく説明書の設定・部品一覧で確定できる。
sharp,シャープ,SJ-MF46P,sharp-sjmf46p,refrigeration,4. 冷蔵機能,fridge-other,その他,低,SHARP 冷蔵庫・冷凍庫総合カタログ 2025-3号,9–10,確認済み一次資料に型番単位の明記なし,取扱説明書のチルド設定・棚組み替え・ドアポケット部品一覧、公式鮮度試験ページ,チルドの温度・保存期間と、棚やドアポケットの型番別構成は、機能訴求ページだけでなく説明書の設定・部品一覧で確定できる。
sharp,シャープ,SJ-MF46P,sharp-sjmf46p,freezing,5. 冷凍機能,freezer-other,その他,低,SHARP 冷蔵庫・冷凍庫総合カタログ 2025-3号,9–10,確認済み一次資料に型番単位の明記なし,型番別の冷凍・製氷機能比較表、冷凍室断面図、取扱説明書の運転モード一覧,特殊冷凍、小冷凍室、霜対策、収納段数、独立製氷室は別項目なので、型番別比較表と室構成図の両方が必要。
sharp,シャープ,SJ-MF46R,sharp-sjmf46r,refrigeration,4. 冷蔵機能,door-pocket,ドアポケット,低,SHARP 冷蔵庫・冷凍庫総合カタログ 2026-3号,9–10,確認済み一次資料に型番単位の明記なし,取扱説明書のチルド設定・棚組み替え・ドアポケット部品一覧、公式鮮度試験ページ,チルドの温度・保存期間と、棚やドアポケットの型番別構成は、機能訴求ページだけでなく説明書の設定・部品一覧で確定できる。
sharp,シャープ,SJ-MF46R,sharp-sjmf46r,refrigeration,4. 冷蔵機能,fridge-other,その他,低,SHARP 冷蔵庫・冷凍庫総合カタログ 2026-3号,9–10,確認済み一次資料に型番単位の明記なし,取扱説明書のチルド設定・棚組み替え・ドアポケット部品一覧、公式鮮度試験ページ,チルドの温度・保存期間と、棚やドアポケットの型番別構成は、機能訴求ページだけでなく説明書の設定・部品一覧で確定できる。
sharp,シャープ,SJ-MF46R,sharp-sjmf46r,freezing,5. 冷凍機能,freezer-other,その他,低,SHARP 冷蔵庫・冷凍庫総合カタログ 2026-3号,9–10,確認済み一次資料に型番単位の明記なし,型番別の冷凍・製氷機能比較表、冷凍室断面図、取扱説明書の運転モード一覧,特殊冷凍、小冷凍室、霜対策、収納段数、独立製氷室は別項目なので、型番別比較表と室構成図の両方が必要。
sharp,シャープ,SJ-MW46P,sharp-sjmw46p,basic,1. 基本情報,colors,カラー,中,SHARP 冷蔵庫・冷凍庫総合カタログ 2025-3号,9–10,確認済み一次資料に型番単位の明記なし,当該年式の公式商品ページ（アーカイブを含む）または色記号入り価格表,色名・発売月・シリーズ呼称は、総合カタログより個別商品ページや販売店向け価格表の方が型番単位で明記される可能性が高い。
sharp,シャープ,SJ-MW46P,sharp-sjmw46p,refrigeration,4. 冷蔵機能,door-pocket,ドアポケット,低,SHARP 冷蔵庫・冷凍庫総合カタログ 2025-3号,9–10,確認済み一次資料に型番単位の明記なし,取扱説明書のチルド設定・棚組み替え・ドアポケット部品一覧、公式鮮度試験ページ,チルドの温度・保存期間と、棚やドアポケットの型番別構成は、機能訴求ページだけでなく説明書の設定・部品一覧で確定できる。
sharp,シャープ,SJ-MW46P,sharp-sjmw46p,refrigeration,4. 冷蔵機能,fridge-other,その他,低,SHARP 冷蔵庫・冷凍庫総合カタログ 2025-3号,9–10,確認済み一次資料に型番単位の明記なし,取扱説明書のチルド設定・棚組み替え・ドアポケット部品一覧、公式鮮度試験ページ,チルドの温度・保存期間と、棚やドアポケットの型番別構成は、機能訴求ページだけでなく説明書の設定・部品一覧で確定できる。
sharp,シャープ,SJ-MW46P,sharp-sjmw46p,freezing,5. 冷凍機能,freezer-other,その他,低,SHARP 冷蔵庫・冷凍庫総合カタログ 2025-3号,9–10,確認済み一次資料に型番単位の明記なし,型番別の冷凍・製氷機能比較表、冷凍室断面図、取扱説明書の運転モード一覧,特殊冷凍、小冷凍室、霜対策、収納段数、独立製氷室は別項目なので、型番別比較表と室構成図の両方が必要。
sharp,シャープ,SJ-MW46R,sharp-sjmw46r,refrigeration,4. 冷蔵機能,door-pocket,ドアポケット,低,SHARP 冷蔵庫・冷凍庫総合カタログ 2026-3号,9–10,確認済み一次資料に型番単位の明記なし,取扱説明書のチルド設定・棚組み替え・ドアポケット部品一覧、公式鮮度試験ページ,チルドの温度・保存期間と、棚やドアポケットの型番別構成は、機能訴求ページだけでなく説明書の設定・部品一覧で確定できる。
sharp,シャープ,SJ-MW46R,sharp-sjmw46r,refrigeration,4. 冷蔵機能,fridge-other,その他,低,SHARP 冷蔵庫・冷凍庫総合カタログ 2026-3号,9–10,確認済み一次資料に型番単位の明記なし,取扱説明書のチルド設定・棚組み替え・ドアポケット部品一覧、公式鮮度試験ページ,チルドの温度・保存期間と、棚やドアポケットの型番別構成は、機能訴求ページだけでなく説明書の設定・部品一覧で確定できる。
sharp,シャープ,SJ-MW46R,sharp-sjmw46r,freezing,5. 冷凍機能,freezer-other,その他,低,SHARP 冷蔵庫・冷凍庫総合カタログ 2026-3号,9–10,確認済み一次資料に型番単位の明記なし,型番別の冷凍・製氷機能比較表、冷凍室断面図、取扱説明書の運転モード一覧,特殊冷凍、小冷凍室、霜対策、収納段数、独立製氷室は別項目なので、型番別比較表と室構成図の両方が必要。
sharp,シャープ,SJ-XW46R,sharp-sjxw46r,refrigeration,4. 冷蔵機能,door-pocket,ドアポケット,低,SHARP 冷蔵庫・冷凍庫総合カタログ 2026-3号,9–10,確認済み一次資料に型番単位の明記なし,取扱説明書のチルド設定・棚組み替え・ドアポケット部品一覧、公式鮮度試験ページ,チルドの温度・保存期間と、棚やドアポケットの型番別構成は、機能訴求ページだけでなく説明書の設定・部品一覧で確定できる。
sharp,シャープ,SJ-XW46R,sharp-sjxw46r,refrigeration,4. 冷蔵機能,fridge-other,その他,低,SHARP 冷蔵庫・冷凍庫総合カタログ 2026-3号,9–10,確認済み一次資料に型番単位の明記なし,取扱説明書のチルド設定・棚組み替え・ドアポケット部品一覧、公式鮮度試験ページ,チルドの温度・保存期間と、棚やドアポケットの型番別構成は、機能訴求ページだけでなく説明書の設定・部品一覧で確定できる。
sharp,シャープ,SJ-XW46R,sharp-sjxw46r,freezing,5. 冷凍機能,frost-control,霜付き防止機能,低,SHARP 冷蔵庫・冷凍庫総合カタログ 2026-3号,9–10,確認済み一次資料に型番単位の明記なし,型番別の冷凍・製氷機能比較表、冷凍室断面図、取扱説明書の運転モード一覧,特殊冷凍、小冷凍室、霜対策、収納段数、独立製氷室は別項目なので、型番別比較表と室構成図の両方が必要。
sharp,シャープ,SJ-XW46R,sharp-sjxw46r,freezing,5. 冷凍機能,freezer-other,その他,低,SHARP 冷蔵庫・冷凍庫総合カタログ 2026-3号,9–10,確認済み一次資料に型番単位の明記なし,型番別の冷凍・製氷機能比較表、冷凍室断面図、取扱説明書の運転モード一覧,特殊冷凍、小冷凍室、霜対策、収納段数、独立製氷室は別項目なので、型番別比較表と室構成図の両方が必要。
sharp,シャープ,SJ-XW46R,sharp-sjxw46r,smart,9. スマホ連携・IoT,iot-connectivity,通信・対応アプリ,低,SHARP 冷蔵庫・冷凍庫総合カタログ 2026-3号,9–10,確認済み一次資料に型番単位の明記なし,メーカー公式アプリ対応機種一覧、ネットワーク設定ガイド、アプリ機能一覧,Wi-Fi搭載とアプリ対応、食材管理、通知、AIは別項目なので、アプリの対応型番表と機能対応表の両方が必要。
sharp,シャープ,SJ-XW46R,sharp-sjxw46r,smart,9. スマホ連携・IoT,iot-food,食材管理・庫内確認,低,SHARP 冷蔵庫・冷凍庫総合カタログ 2026-3号,9–10,確認済み一次資料に型番単位の明記なし,メーカー公式アプリ対応機種一覧、ネットワーク設定ガイド、アプリ機能一覧,Wi-Fi搭載とアプリ対応、食材管理、通知、AIは別項目なので、アプリの対応型番表と機能対応表の両方が必要。
sharp,シャープ,SJ-XW46R,sharp-sjxw46r,smart,9. スマホ連携・IoT,iot-monitoring,通知・見守り・遠隔操作,低,SHARP 冷蔵庫・冷凍庫総合カタログ 2026-3号,9–10,確認済み一次資料に型番単位の明記なし,メーカー公式アプリ対応機種一覧、ネットワーク設定ガイド、アプリ機能一覧,Wi-Fi搭載とアプリ対応、食材管理、通知、AIは別項目なので、アプリの対応型番表と機能対応表の両方が必要。
sharp,シャープ,SJ-XW46R,sharp-sjxw46r,smart,9. スマホ連携・IoT,iot-ai,AI・音声連携,低,SHARP 冷蔵庫・冷凍庫総合カタログ 2026-3号,9–10,確認済み一次資料に型番単位の明記なし,メーカー公式アプリ対応機種一覧、ネットワーク設定ガイド、アプリ機能一覧,Wi-Fi搭載とアプリ対応、食材管理、通知、AIは別項目なので、アプリの対応型番表と機能対応表の両方が必要。
sharp,シャープ,SJ-MF43P,sharp-sjmf43p,basic,1. 基本情報,colors,カラー,中,SHARP 冷蔵庫・冷凍庫総合カタログ 2025-3号,9–10,確認済み一次資料に型番単位の明記なし,当該年式の公式商品ページ（アーカイブを含む）または色記号入り価格表,色名・発売月・シリーズ呼称は、総合カタログより個別商品ページや販売店向け価格表の方が型番単位で明記される可能性が高い。
sharp,シャープ,SJ-MF43P,sharp-sjmf43p,refrigeration,4. 冷蔵機能,door-pocket,ドアポケット,低,SHARP 冷蔵庫・冷凍庫総合カタログ 2025-3号,9–10,確認済み一次資料に型番単位の明記なし,取扱説明書のチルド設定・棚組み替え・ドアポケット部品一覧、公式鮮度試験ページ,チルドの温度・保存期間と、棚やドアポケットの型番別構成は、機能訴求ページだけでなく説明書の設定・部品一覧で確定できる。
sharp,シャープ,SJ-MF43P,sharp-sjmf43p,refrigeration,4. 冷蔵機能,fridge-other,その他,低,SHARP 冷蔵庫・冷凍庫総合カタログ 2025-3号,9–10,確認済み一次資料に型番単位の明記なし,取扱説明書のチルド設定・棚組み替え・ドアポケット部品一覧、公式鮮度試験ページ,チルドの温度・保存期間と、棚やドアポケットの型番別構成は、機能訴求ページだけでなく説明書の設定・部品一覧で確定できる。
sharp,シャープ,SJ-MF43P,sharp-sjmf43p,freezing,5. 冷凍機能,freezer-other,その他,低,SHARP 冷蔵庫・冷凍庫総合カタログ 2025-3号,9–10,確認済み一次資料に型番単位の明記なし,型番別の冷凍・製氷機能比較表、冷凍室断面図、取扱説明書の運転モード一覧,特殊冷凍、小冷凍室、霜対策、収納段数、独立製氷室は別項目なので、型番別比較表と室構成図の両方が必要。
sharp,シャープ,SJ-MF43R,sharp-sjmf43r,refrigeration,4. 冷蔵機能,door-pocket,ドアポケット,低,SHARP 冷蔵庫・冷凍庫総合カタログ 2026-3号,9–10,確認済み一次資料に型番単位の明記なし,取扱説明書のチルド設定・棚組み替え・ドアポケット部品一覧、公式鮮度試験ページ,チルドの温度・保存期間と、棚やドアポケットの型番別構成は、機能訴求ページだけでなく説明書の設定・部品一覧で確定できる。
sharp,シャープ,SJ-MF43R,sharp-sjmf43r,refrigeration,4. 冷蔵機能,fridge-other,その他,低,SHARP 冷蔵庫・冷凍庫総合カタログ 2026-3号,9–10,確認済み一次資料に型番単位の明記なし,取扱説明書のチルド設定・棚組み替え・ドアポケット部品一覧、公式鮮度試験ページ,チルドの温度・保存期間と、棚やドアポケットの型番別構成は、機能訴求ページだけでなく説明書の設定・部品一覧で確定できる。
sharp,シャープ,SJ-MF43R,sharp-sjmf43r,freezing,5. 冷凍機能,freezer-other,その他,低,SHARP 冷蔵庫・冷凍庫総合カタログ 2026-3号,9–10,確認済み一次資料に型番単位の明記なし,型番別の冷凍・製氷機能比較表、冷凍室断面図、取扱説明書の運転モード一覧,特殊冷凍、小冷凍室、霜対策、収納段数、独立製氷室は別項目なので、型番別比較表と室構成図の両方が必要。
sharp,シャープ,SJ-XW41P,sharp-sjxw41p,basic,1. 基本情報,colors,カラー,中,SHARP 冷蔵庫・冷凍庫総合カタログ 2025-3号,9–10,確認済み一次資料に型番単位の明記なし,当該年式の公式商品ページ（アーカイブを含む）または色記号入り価格表,色名・発売月・シリーズ呼称は、総合カタログより個別商品ページや販売店向け価格表の方が型番単位で明記される可能性が高い。
sharp,シャープ,SJ-XW41P,sharp-sjxw41p,refrigeration,4. 冷蔵機能,door-pocket,ドアポケット,低,SHARP 冷蔵庫・冷凍庫総合カタログ 2025-3号,9–10,確認済み一次資料に型番単位の明記なし,取扱説明書のチルド設定・棚組み替え・ドアポケット部品一覧、公式鮮度試験ページ,チルドの温度・保存期間と、棚やドアポケットの型番別構成は、機能訴求ページだけでなく説明書の設定・部品一覧で確定できる。
sharp,シャープ,SJ-XW41P,sharp-sjxw41p,refrigeration,4. 冷蔵機能,fridge-other,その他,低,SHARP 冷蔵庫・冷凍庫総合カタログ 2025-3号,9–10,確認済み一次資料に型番単位の明記なし,取扱説明書のチルド設定・棚組み替え・ドアポケット部品一覧、公式鮮度試験ページ,チルドの温度・保存期間と、棚やドアポケットの型番別構成は、機能訴求ページだけでなく説明書の設定・部品一覧で確定できる。
sharp,シャープ,SJ-XW41P,sharp-sjxw41p,freezing,5. 冷凍機能,frost-control,霜付き防止機能,低,SHARP 冷蔵庫・冷凍庫総合カタログ 2025-3号,9–10,確認済み一次資料に型番単位の明記なし,型番別の冷凍・製氷機能比較表、冷凍室断面図、取扱説明書の運転モード一覧,特殊冷凍、小冷凍室、霜対策、収納段数、独立製氷室は別項目なので、型番別比較表と室構成図の両方が必要。
sharp,シャープ,SJ-XW41P,sharp-sjxw41p,freezing,5. 冷凍機能,freezer-other,その他,低,SHARP 冷蔵庫・冷凍庫総合カタログ 2025-3号,9–10,確認済み一次資料に型番単位の明記なし,型番別の冷凍・製氷機能比較表、冷凍室断面図、取扱説明書の運転モード一覧,特殊冷凍、小冷凍室、霜対策、収納段数、独立製氷室は別項目なので、型番別比較表と室構成図の両方が必要。
sharp,シャープ,SJ-XW41P,sharp-sjxw41p,smart,9. スマホ連携・IoT,iot-connectivity,通信・対応アプリ,低,SHARP 冷蔵庫・冷凍庫総合カタログ 2025-3号,9–10,確認済み一次資料に型番単位の明記なし,メーカー公式アプリ対応機種一覧、ネットワーク設定ガイド、アプリ機能一覧,Wi-Fi搭載とアプリ対応、食材管理、通知、AIは別項目なので、アプリの対応型番表と機能対応表の両方が必要。
sharp,シャープ,SJ-XW41P,sharp-sjxw41p,smart,9. スマホ連携・IoT,iot-food,食材管理・庫内確認,低,SHARP 冷蔵庫・冷凍庫総合カタログ 2025-3号,9–10,確認済み一次資料に型番単位の明記なし,メーカー公式アプリ対応機種一覧、ネットワーク設定ガイド、アプリ機能一覧,Wi-Fi搭載とアプリ対応、食材管理、通知、AIは別項目なので、アプリの対応型番表と機能対応表の両方が必要。
sharp,シャープ,SJ-XW41P,sharp-sjxw41p,smart,9. スマホ連携・IoT,iot-monitoring,通知・見守り・遠隔操作,低,SHARP 冷蔵庫・冷凍庫総合カタログ 2025-3号,9–10,確認済み一次資料に型番単位の明記なし,メーカー公式アプリ対応機種一覧、ネットワーク設定ガイド、アプリ機能一覧,Wi-Fi搭載とアプリ対応、食材管理、通知、AIは別項目なので、アプリの対応型番表と機能対応表の両方が必要。
sharp,シャープ,SJ-XW41P,sharp-sjxw41p,smart,9. スマホ連携・IoT,iot-ai,AI・音声連携,低,SHARP 冷蔵庫・冷凍庫総合カタログ 2025-3号,9–10,確認済み一次資料に型番単位の明記なし,メーカー公式アプリ対応機種一覧、ネットワーク設定ガイド、アプリ機能一覧,Wi-Fi搭載とアプリ対応、食材管理、通知、AIは別項目なので、アプリの対応型番表と機能対応表の両方が必要。
sharp,シャープ,SJ-XW41R,sharp-sjxw41r,refrigeration,4. 冷蔵機能,door-pocket,ドアポケット,低,SHARP 冷蔵庫・冷凍庫総合カタログ 2026-3号,9–10,確認済み一次資料に型番単位の明記なし,取扱説明書のチルド設定・棚組み替え・ドアポケット部品一覧、公式鮮度試験ページ,チルドの温度・保存期間と、棚やドアポケットの型番別構成は、機能訴求ページだけでなく説明書の設定・部品一覧で確定できる。
sharp,シャープ,SJ-XW41R,sharp-sjxw41r,refrigeration,4. 冷蔵機能,fridge-other,その他,低,SHARP 冷蔵庫・冷凍庫総合カタログ 2026-3号,9–10,確認済み一次資料に型番単位の明記なし,取扱説明書のチルド設定・棚組み替え・ドアポケット部品一覧、公式鮮度試験ページ,チルドの温度・保存期間と、棚やドアポケットの型番別構成は、機能訴求ページだけでなく説明書の設定・部品一覧で確定できる。
sharp,シャープ,SJ-XW41R,sharp-sjxw41r,freezing,5. 冷凍機能,frost-control,霜付き防止機能,低,SHARP 冷蔵庫・冷凍庫総合カタログ 2026-3号,9–10,確認済み一次資料に型番単位の明記なし,型番別の冷凍・製氷機能比較表、冷凍室断面図、取扱説明書の運転モード一覧,特殊冷凍、小冷凍室、霜対策、収納段数、独立製氷室は別項目なので、型番別比較表と室構成図の両方が必要。
sharp,シャープ,SJ-XW41R,sharp-sjxw41r,freezing,5. 冷凍機能,freezer-other,その他,低,SHARP 冷蔵庫・冷凍庫総合カタログ 2026-3号,9–10,確認済み一次資料に型番単位の明記なし,型番別の冷凍・製氷機能比較表、冷凍室断面図、取扱説明書の運転モード一覧,特殊冷凍、小冷凍室、霜対策、収納段数、独立製氷室は別項目なので、型番別比較表と室構成図の両方が必要。
sharp,シャープ,SJ-XW41R,sharp-sjxw41r,smart,9. スマホ連携・IoT,iot-connectivity,通信・対応アプリ,低,SHARP 冷蔵庫・冷凍庫総合カタログ 2026-3号,9–10,確認済み一次資料に型番単位の明記なし,メーカー公式アプリ対応機種一覧、ネットワーク設定ガイド、アプリ機能一覧,Wi-Fi搭載とアプリ対応、食材管理、通知、AIは別項目なので、アプリの対応型番表と機能対応表の両方が必要。
sharp,シャープ,SJ-XW41R,sharp-sjxw41r,smart,9. スマホ連携・IoT,iot-food,食材管理・庫内確認,低,SHARP 冷蔵庫・冷凍庫総合カタログ 2026-3号,9–10,確認済み一次資料に型番単位の明記なし,メーカー公式アプリ対応機種一覧、ネットワーク設定ガイド、アプリ機能一覧,Wi-Fi搭載とアプリ対応、食材管理、通知、AIは別項目なので、アプリの対応型番表と機能対応表の両方が必要。
sharp,シャープ,SJ-XW41R,sharp-sjxw41r,smart,9. スマホ連携・IoT,iot-monitoring,通知・見守り・遠隔操作,低,SHARP 冷蔵庫・冷凍庫総合カタログ 2026-3号,9–10,確認済み一次資料に型番単位の明記なし,メーカー公式アプリ対応機種一覧、ネットワーク設定ガイド、アプリ機能一覧,Wi-Fi搭載とアプリ対応、食材管理、通知、AIは別項目なので、アプリの対応型番表と機能対応表の両方が必要。
sharp,シャープ,SJ-XW41R,sharp-sjxw41r,smart,9. スマホ連携・IoT,iot-ai,AI・音声連携,低,SHARP 冷蔵庫・冷凍庫総合カタログ 2026-3号,9–10,確認済み一次資料に型番単位の明記なし,メーカー公式アプリ対応機種一覧、ネットワーク設定ガイド、アプリ機能一覧,Wi-Fi搭載とアプリ対応、食材管理、通知、AIは別項目なので、アプリの対応型番表と機能対応表の両方が必要。
sharp,シャープ,SJ-PW37R,sharp-sjpw37r,refrigeration,4. 冷蔵機能,door-pocket,ドアポケット,低,SHARP 冷蔵庫・冷凍庫総合カタログ 2026-3号,9–10,確認済み一次資料に型番単位の明記なし,取扱説明書のチルド設定・棚組み替え・ドアポケット部品一覧、公式鮮度試験ページ,チルドの温度・保存期間と、棚やドアポケットの型番別構成は、機能訴求ページだけでなく説明書の設定・部品一覧で確定できる。
sharp,シャープ,SJ-PW37R,sharp-sjpw37r,refrigeration,4. 冷蔵機能,fridge-other,その他,低,SHARP 冷蔵庫・冷凍庫総合カタログ 2026-3号,9–10,確認済み一次資料に型番単位の明記なし,取扱説明書のチルド設定・棚組み替え・ドアポケット部品一覧、公式鮮度試験ページ,チルドの温度・保存期間と、棚やドアポケットの型番別構成は、機能訴求ページだけでなく説明書の設定・部品一覧で確定できる。
sharp,シャープ,SJ-PW37R,sharp-sjpw37r,freezing,5. 冷凍機能,frost-control,霜付き防止機能,低,SHARP 冷蔵庫・冷凍庫総合カタログ 2026-3号,9–10,確認済み一次資料に型番単位の明記なし,型番別の冷凍・製氷機能比較表、冷凍室断面図、取扱説明書の運転モード一覧,特殊冷凍、小冷凍室、霜対策、収納段数、独立製氷室は別項目なので、型番別比較表と室構成図の両方が必要。
sharp,シャープ,SJ-PW37R,sharp-sjpw37r,freezing,5. 冷凍機能,freezer-other,その他,低,SHARP 冷蔵庫・冷凍庫総合カタログ 2026-3号,9–10,確認済み一次資料に型番単位の明記なし,型番別の冷凍・製氷機能比較表、冷凍室断面図、取扱説明書の運転モード一覧,特殊冷凍、小冷凍室、霜対策、収納段数、独立製氷室は別項目なので、型番別比較表と室構成図の両方が必要。
sharp,シャープ,SJ-PW37R,sharp-sjpw37r,smart,9. スマホ連携・IoT,iot-connectivity,通信・対応アプリ,低,SHARP 冷蔵庫・冷凍庫総合カタログ 2026-3号,9–10,確認済み一次資料に型番単位の明記なし,メーカー公式アプリ対応機種一覧、ネットワーク設定ガイド、アプリ機能一覧,Wi-Fi搭載とアプリ対応、食材管理、通知、AIは別項目なので、アプリの対応型番表と機能対応表の両方が必要。
sharp,シャープ,SJ-PW37R,sharp-sjpw37r,smart,9. スマホ連携・IoT,iot-food,食材管理・庫内確認,低,SHARP 冷蔵庫・冷凍庫総合カタログ 2026-3号,9–10,確認済み一次資料に型番単位の明記なし,メーカー公式アプリ対応機種一覧、ネットワーク設定ガイド、アプリ機能一覧,Wi-Fi搭載とアプリ対応、食材管理、通知、AIは別項目なので、アプリの対応型番表と機能対応表の両方が必要。
sharp,シャープ,SJ-PW37R,sharp-sjpw37r,smart,9. スマホ連携・IoT,iot-monitoring,通知・見守り・遠隔操作,低,SHARP 冷蔵庫・冷凍庫総合カタログ 2026-3号,9–10,確認済み一次資料に型番単位の明記なし,メーカー公式アプリ対応機種一覧、ネットワーク設定ガイド、アプリ機能一覧,Wi-Fi搭載とアプリ対応、食材管理、通知、AIは別項目なので、アプリの対応型番表と機能対応表の両方が必要。
sharp,シャープ,SJ-PW37R,sharp-sjpw37r,smart,9. スマホ連携・IoT,iot-ai,AI・音声連携,低,SHARP 冷蔵庫・冷凍庫総合カタログ 2026-3号,9–10,確認済み一次資料に型番単位の明記なし,メーカー公式アプリ対応機種一覧、ネットワーク設定ガイド、アプリ機能一覧,Wi-Fi搭載とアプリ対応、食材管理、通知、AIは別項目なので、アプリの対応型番表と機能対応表の両方が必要。
sharp,シャープ,SJ-X373P,sharp-sjx373p,basic,1. 基本情報,colors,カラー,中,SHARP 冷蔵庫・冷凍庫総合カタログ 2025-3号,9–10,確認済み一次資料に型番単位の明記なし,当該年式の公式商品ページ（アーカイブを含む）または色記号入り価格表,色名・発売月・シリーズ呼称は、総合カタログより個別商品ページや販売店向け価格表の方が型番単位で明記される可能性が高い。
sharp,シャープ,SJ-X373P,sharp-sjx373p,refrigeration,4. 冷蔵機能,door-pocket,ドアポケット,低,SHARP 冷蔵庫・冷凍庫総合カタログ 2025-3号,9–10,確認済み一次資料に型番単位の明記なし,取扱説明書のチルド設定・棚組み替え・ドアポケット部品一覧、公式鮮度試験ページ,チルドの温度・保存期間と、棚やドアポケットの型番別構成は、機能訴求ページだけでなく説明書の設定・部品一覧で確定できる。
sharp,シャープ,SJ-X373P,sharp-sjx373p,refrigeration,4. 冷蔵機能,fridge-other,その他,低,SHARP 冷蔵庫・冷凍庫総合カタログ 2025-3号,9–10,確認済み一次資料に型番単位の明記なし,取扱説明書のチルド設定・棚組み替え・ドアポケット部品一覧、公式鮮度試験ページ,チルドの温度・保存期間と、棚やドアポケットの型番別構成は、機能訴求ページだけでなく説明書の設定・部品一覧で確定できる。
sharp,シャープ,SJ-X373P,sharp-sjx373p,freezing,5. 冷凍機能,frost-control,霜付き防止機能,低,SHARP 冷蔵庫・冷凍庫総合カタログ 2025-3号,9–10,確認済み一次資料に型番単位の明記なし,型番別の冷凍・製氷機能比較表、冷凍室断面図、取扱説明書の運転モード一覧,特殊冷凍、小冷凍室、霜対策、収納段数、独立製氷室は別項目なので、型番別比較表と室構成図の両方が必要。
sharp,シャープ,SJ-X373P,sharp-sjx373p,freezing,5. 冷凍機能,freezer-other,その他,低,SHARP 冷蔵庫・冷凍庫総合カタログ 2025-3号,9–10,確認済み一次資料に型番単位の明記なし,型番別の冷凍・製氷機能比較表、冷凍室断面図、取扱説明書の運転モード一覧,特殊冷凍、小冷凍室、霜対策、収納段数、独立製氷室は別項目なので、型番別比較表と室構成図の両方が必要。
sharp,シャープ,SJ-X373P,sharp-sjx373p,smart,9. スマホ連携・IoT,iot-connectivity,通信・対応アプリ,低,SHARP 冷蔵庫・冷凍庫総合カタログ 2025-3号,9–10,確認済み一次資料に型番単位の明記なし,メーカー公式アプリ対応機種一覧、ネットワーク設定ガイド、アプリ機能一覧,Wi-Fi搭載とアプリ対応、食材管理、通知、AIは別項目なので、アプリの対応型番表と機能対応表の両方が必要。
sharp,シャープ,SJ-X373P,sharp-sjx373p,smart,9. スマホ連携・IoT,iot-food,食材管理・庫内確認,低,SHARP 冷蔵庫・冷凍庫総合カタログ 2025-3号,9–10,確認済み一次資料に型番単位の明記なし,メーカー公式アプリ対応機種一覧、ネットワーク設定ガイド、アプリ機能一覧,Wi-Fi搭載とアプリ対応、食材管理、通知、AIは別項目なので、アプリの対応型番表と機能対応表の両方が必要。
sharp,シャープ,SJ-X373P,sharp-sjx373p,smart,9. スマホ連携・IoT,iot-monitoring,通知・見守り・遠隔操作,低,SHARP 冷蔵庫・冷凍庫総合カタログ 2025-3号,9–10,確認済み一次資料に型番単位の明記なし,メーカー公式アプリ対応機種一覧、ネットワーク設定ガイド、アプリ機能一覧,Wi-Fi搭載とアプリ対応、食材管理、通知、AIは別項目なので、アプリの対応型番表と機能対応表の両方が必要。
sharp,シャープ,SJ-X373P,sharp-sjx373p,smart,9. スマホ連携・IoT,iot-ai,AI・音声連携,低,SHARP 冷蔵庫・冷凍庫総合カタログ 2025-3号,9–10,確認済み一次資料に型番単位の明記なし,メーカー公式アプリ対応機種一覧、ネットワーク設定ガイド、アプリ機能一覧,Wi-Fi搭載とアプリ対応、食材管理、通知、AIは別項目なので、アプリの対応型番表と機能対応表の両方が必要。
sharp,シャープ,SJ-PT32R,sharp-sj-pt32r,refrigeration,4. 冷蔵機能,fridge-storage,扉・棚・収納,低,SHARP 冷蔵庫・冷凍庫総合カタログ 2026-3号,10、12,確認済み一次資料に型番単位の明記なし,取扱説明書のチルド設定・棚組み替え・ドアポケット部品一覧、公式鮮度試験ページ,チルドの温度・保存期間と、棚やドアポケットの型番別構成は、機能訴求ページだけでなく説明書の設定・部品一覧で確定できる。
sharp,シャープ,SJ-PT32R,sharp-sj-pt32r,refrigeration,4. 冷蔵機能,door-pocket,ドアポケット,低,SHARP 冷蔵庫・冷凍庫総合カタログ 2026-3号,10、12,確認済み一次資料に型番単位の明記なし,取扱説明書のチルド設定・棚組み替え・ドアポケット部品一覧、公式鮮度試験ページ,チルドの温度・保存期間と、棚やドアポケットの型番別構成は、機能訴求ページだけでなく説明書の設定・部品一覧で確定できる。
sharp,シャープ,SJ-PT32R,sharp-sj-pt32r,refrigeration,4. 冷蔵機能,fridge-other,その他,低,SHARP 冷蔵庫・冷凍庫総合カタログ 2026-3号,10、12,確認済み一次資料に型番単位の明記なし,取扱説明書のチルド設定・棚組み替え・ドアポケット部品一覧、公式鮮度試験ページ,チルドの温度・保存期間と、棚やドアポケットの型番別構成は、機能訴求ページだけでなく説明書の設定・部品一覧で確定できる。
sharp,シャープ,SJ-PT32R,sharp-sj-pt32r,freezing,5. 冷凍機能,frost-control,霜付き防止機能,低,SHARP 冷蔵庫・冷凍庫総合カタログ 2026-3号,10、12,確認済み一次資料に型番単位の明記なし,型番別の冷凍・製氷機能比較表、冷凍室断面図、取扱説明書の運転モード一覧,特殊冷凍、小冷凍室、霜対策、収納段数、独立製氷室は別項目なので、型番別比較表と室構成図の両方が必要。
sharp,シャープ,SJ-PT32R,sharp-sj-pt32r,freezing,5. 冷凍機能,freezer-other,その他,低,SHARP 冷蔵庫・冷凍庫総合カタログ 2026-3号,10、12,確認済み一次資料に型番単位の明記なし,型番別の冷凍・製氷機能比較表、冷凍室断面図、取扱説明書の運転モード一覧,特殊冷凍、小冷凍室、霜対策、収納段数、独立製氷室は別項目なので、型番別比較表と室構成図の両方が必要。
sharp,シャープ,SJ-PT32R,sharp-sj-pt32r,clean,7. 清潔・お手入れ,maintenance,お手入れ,低,SHARP 冷蔵庫・冷凍庫総合カタログ 2026-3号,10、12,確認済み一次資料に型番単位の明記なし,公式機能比較表、除菌／抗菌の試験注記、取扱説明書のお手入れ章,脱臭・除菌・抗菌は意味が異なるため、試験対象部位と試験方法が明記された一次資料が必要。
sharp,シャープ,SJ-PT32R,sharp-sj-pt32r,smart,9. スマホ連携・IoT,iot-connectivity,通信・対応アプリ,低,SHARP 冷蔵庫・冷凍庫総合カタログ 2026-3号,10、12,確認済み一次資料に型番単位の明記なし,メーカー公式アプリ対応機種一覧、ネットワーク設定ガイド、アプリ機能一覧,Wi-Fi搭載とアプリ対応、食材管理、通知、AIは別項目なので、アプリの対応型番表と機能対応表の両方が必要。
sharp,シャープ,SJ-PT32R,sharp-sj-pt32r,smart,9. スマホ連携・IoT,iot-food,食材管理・庫内確認,低,SHARP 冷蔵庫・冷凍庫総合カタログ 2026-3号,10、12,確認済み一次資料に型番単位の明記なし,メーカー公式アプリ対応機種一覧、ネットワーク設定ガイド、アプリ機能一覧,Wi-Fi搭載とアプリ対応、食材管理、通知、AIは別項目なので、アプリの対応型番表と機能対応表の両方が必要。
sharp,シャープ,SJ-PT32R,sharp-sj-pt32r,smart,9. スマホ連携・IoT,iot-monitoring,通知・見守り・遠隔操作,低,SHARP 冷蔵庫・冷凍庫総合カタログ 2026-3号,10、12,確認済み一次資料に型番単位の明記なし,メーカー公式アプリ対応機種一覧、ネットワーク設定ガイド、アプリ機能一覧,Wi-Fi搭載とアプリ対応、食材管理、通知、AIは別項目なので、アプリの対応型番表と機能対応表の両方が必要。
sharp,シャープ,SJ-PT32R,sharp-sj-pt32r,smart,9. スマホ連携・IoT,iot-ai,AI・音声連携,低,SHARP 冷蔵庫・冷凍庫総合カタログ 2026-3号,10、12,確認済み一次資料に型番単位の明記なし,メーカー公式アプリ対応機種一覧、ネットワーク設定ガイド、アプリ機能一覧,Wi-Fi搭載とアプリ対応、食材管理、通知、AIは別項目なので、アプリの対応型番表と機能対応表の両方が必要。
aqua,AQUA（アクア）,AQR-TZA52A,aqua-aqr-tza52a,refrigeration,4. 冷蔵機能,fridge-storage,扉・棚・収納,低,AQUA 冷蔵庫総合カタログ 2026-2,7–8、14,確認済み一次資料に型番単位の明記なし,取扱説明書のチルド設定・棚組み替え・ドアポケット部品一覧、公式鮮度試験ページ,チルドの温度・保存期間と、棚やドアポケットの型番別構成は、機能訴求ページだけでなく説明書の設定・部品一覧で確定できる。
aqua,AQUA（アクア）,AQR-TZA52A,aqua-aqr-tza52a,refrigeration,4. 冷蔵機能,door-pocket,ドアポケット,低,AQUA 冷蔵庫総合カタログ 2026-2,7–8、14,確認済み一次資料に型番単位の明記なし,取扱説明書のチルド設定・棚組み替え・ドアポケット部品一覧、公式鮮度試験ページ,チルドの温度・保存期間と、棚やドアポケットの型番別構成は、機能訴求ページだけでなく説明書の設定・部品一覧で確定できる。
aqua,AQUA（アクア）,AQR-TZA52A,aqua-aqr-tza52a,refrigeration,4. 冷蔵機能,fridge-other,その他,低,AQUA 冷蔵庫総合カタログ 2026-2,7–8、14,確認済み一次資料に型番単位の明記なし,取扱説明書のチルド設定・棚組み替え・ドアポケット部品一覧、公式鮮度試験ページ,チルドの温度・保存期間と、棚やドアポケットの型番別構成は、機能訴求ページだけでなく説明書の設定・部品一覧で確定できる。
aqua,AQUA（アクア）,AQR-TZA52A,aqua-aqr-tza52a,freezing,5. 冷凍機能,freezer-other,その他,低,AQUA 冷蔵庫総合カタログ 2026-2,7–8、14,確認済み一次資料に型番単位の明記なし,型番別の冷凍・製氷機能比較表、冷凍室断面図、取扱説明書の運転モード一覧,特殊冷凍、小冷凍室、霜対策、収納段数、独立製氷室は別項目なので、型番別比較表と室構成図の両方が必要。
aqua,AQUA（アクア）,AQR-TZA52A,aqua-aqr-tza52a,smart,9. スマホ連携・IoT,iot-ai,AI・音声連携,低,AQUA 冷蔵庫総合カタログ 2026-2,7–8、14,確認済み一次資料に型番単位の明記なし,メーカー公式アプリ対応機種一覧、ネットワーク設定ガイド、アプリ機能一覧,Wi-Fi搭載とアプリ対応、食材管理、通知、AIは別項目なので、アプリの対応型番表と機能対応表の両方が必要。
aqua,AQUA（アクア）,AQR-TZ51P,aqua-aqrtz51p,basic,1. 基本情報,colors,カラー,中,AQUA 冷蔵庫総合カタログ 2025-2,27–28・公式仕様ページ,確認済み一次資料に型番単位の明記なし,当該年式の公式商品ページ（アーカイブを含む）または色記号入り価格表,色名・発売月・シリーズ呼称は、総合カタログより個別商品ページや販売店向け価格表の方が型番単位で明記される可能性が高い。
aqua,AQUA（アクア）,AQR-TZ51P,aqua-aqrtz51p,basic,1. 基本情報,door-type,ドア方式,低,AQUA 冷蔵庫総合カタログ 2025-2,27–28・公式仕様ページ,確認済み一次資料に型番単位の明記なし,当該年式の公式商品ページ（アーカイブを含む）または色記号入り価格表,色名・発売月・シリーズ呼称は、総合カタログより個別商品ページや販売店向け価格表の方が型番単位で明記される可能性が高い。
aqua,AQUA（アクア）,AQR-TZ51P,aqua-aqrtz51p,refrigeration,4. 冷蔵機能,fridge-storage,扉・棚・収納,低,AQUA 冷蔵庫総合カタログ 2025-2,27–28・公式仕様ページ,確認済み一次資料に型番単位の明記なし,取扱説明書のチルド設定・棚組み替え・ドアポケット部品一覧、公式鮮度試験ページ,チルドの温度・保存期間と、棚やドアポケットの型番別構成は、機能訴求ページだけでなく説明書の設定・部品一覧で確定できる。
aqua,AQUA（アクア）,AQR-TZ51P,aqua-aqrtz51p,refrigeration,4. 冷蔵機能,door-pocket,ドアポケット,低,AQUA 冷蔵庫総合カタログ 2025-2,27–28・公式仕様ページ,確認済み一次資料に型番単位の明記なし,取扱説明書のチルド設定・棚組み替え・ドアポケット部品一覧、公式鮮度試験ページ,チルドの温度・保存期間と、棚やドアポケットの型番別構成は、機能訴求ページだけでなく説明書の設定・部品一覧で確定できる。
aqua,AQUA（アクア）,AQR-TZ51P,aqua-aqrtz51p,refrigeration,4. 冷蔵機能,fridge-other,その他,低,AQUA 冷蔵庫総合カタログ 2025-2,27–28・公式仕様ページ,確認済み一次資料に型番単位の明記なし,取扱説明書のチルド設定・棚組み替え・ドアポケット部品一覧、公式鮮度試験ページ,チルドの温度・保存期間と、棚やドアポケットの型番別構成は、機能訴求ページだけでなく説明書の設定・部品一覧で確定できる。
aqua,AQUA（アクア）,AQR-TZ51P,aqua-aqrtz51p,freezing,5. 冷凍機能,freezer-other,その他,低,AQUA 冷蔵庫総合カタログ 2025-2,27–28・公式仕様ページ,確認済み一次資料に型番単位の明記なし,型番別の冷凍・製氷機能比較表、冷凍室断面図、取扱説明書の運転モード一覧,特殊冷凍、小冷凍室、霜対策、収納段数、独立製氷室は別項目なので、型番別比較表と室構成図の両方が必要。
aqua,AQUA（アクア）,AQR-TZ51P,aqua-aqrtz51p,smart,9. スマホ連携・IoT,iot-ai,AI・音声連携,低,AQUA 冷蔵庫総合カタログ 2025-2,27–28・公式仕様ページ,確認済み一次資料に型番単位の明記なし,メーカー公式アプリ対応機種一覧、ネットワーク設定ガイド、アプリ機能一覧,Wi-Fi搭載とアプリ対応、食材管理、通知、AIは別項目なので、アプリの対応型番表と機能対応表の両方が必要。
aqua,AQUA（アクア）,AQR-TZ51R,aqua-aqrtz51r,basic,1. 基本情報,colors,カラー,中,AQUA 冷蔵庫総合カタログ 2025-2,27–28・公式仕様ページ,確認済み一次資料に型番単位の明記なし,当該年式の公式商品ページ（アーカイブを含む）または色記号入り価格表,色名・発売月・シリーズ呼称は、総合カタログより個別商品ページや販売店向け価格表の方が型番単位で明記される可能性が高い。
aqua,AQUA（アクア）,AQR-TZ51R,aqua-aqrtz51r,basic,1. 基本情報,door-type,ドア方式,低,AQUA 冷蔵庫総合カタログ 2025-2,27–28・公式仕様ページ,確認済み一次資料に型番単位の明記なし,当該年式の公式商品ページ（アーカイブを含む）または色記号入り価格表,色名・発売月・シリーズ呼称は、総合カタログより個別商品ページや販売店向け価格表の方が型番単位で明記される可能性が高い。
aqua,AQUA（アクア）,AQR-TZ51R,aqua-aqrtz51r,refrigeration,4. 冷蔵機能,fridge-storage,扉・棚・収納,低,AQUA 冷蔵庫総合カタログ 2025-2,27–28・公式仕様ページ,確認済み一次資料に型番単位の明記なし,取扱説明書のチルド設定・棚組み替え・ドアポケット部品一覧、公式鮮度試験ページ,チルドの温度・保存期間と、棚やドアポケットの型番別構成は、機能訴求ページだけでなく説明書の設定・部品一覧で確定できる。
aqua,AQUA（アクア）,AQR-TZ51R,aqua-aqrtz51r,refrigeration,4. 冷蔵機能,door-pocket,ドアポケット,低,AQUA 冷蔵庫総合カタログ 2025-2,27–28・公式仕様ページ,確認済み一次資料に型番単位の明記なし,取扱説明書のチルド設定・棚組み替え・ドアポケット部品一覧、公式鮮度試験ページ,チルドの温度・保存期間と、棚やドアポケットの型番別構成は、機能訴求ページだけでなく説明書の設定・部品一覧で確定できる。
aqua,AQUA（アクア）,AQR-TZ51R,aqua-aqrtz51r,refrigeration,4. 冷蔵機能,fridge-other,その他,低,AQUA 冷蔵庫総合カタログ 2025-2,27–28・公式仕様ページ,確認済み一次資料に型番単位の明記なし,取扱説明書のチルド設定・棚組み替え・ドアポケット部品一覧、公式鮮度試験ページ,チルドの温度・保存期間と、棚やドアポケットの型番別構成は、機能訴求ページだけでなく説明書の設定・部品一覧で確定できる。
aqua,AQUA（アクア）,AQR-TZ51R,aqua-aqrtz51r,freezing,5. 冷凍機能,freezer-other,その他,低,AQUA 冷蔵庫総合カタログ 2025-2,27–28・公式仕様ページ,確認済み一次資料に型番単位の明記なし,型番別の冷凍・製氷機能比較表、冷凍室断面図、取扱説明書の運転モード一覧,特殊冷凍、小冷凍室、霜対策、収納段数、独立製氷室は別項目なので、型番別比較表と室構成図の両方が必要。
aqua,AQUA（アクア）,AQR-TZ51R,aqua-aqrtz51r,smart,9. スマホ連携・IoT,iot-ai,AI・音声連携,低,AQUA 冷蔵庫総合カタログ 2025-2,27–28・公式仕様ページ,確認済み一次資料に型番単位の明記なし,メーカー公式アプリ対応機種一覧、ネットワーク設定ガイド、アプリ機能一覧,Wi-Fi搭載とアプリ対応、食材管理、通知、AIは別項目なので、アプリの対応型番表と機能対応表の両方が必要。
aqua,AQUA（アクア）,AQR-TX51A,aqua-aqrtx51a,basic,1. 基本情報,door-type,ドア方式,低,AQUA 冷蔵庫総合カタログ 2026-2,26–28,確認済み一次資料に型番単位の明記なし,当該年式の公式商品ページ（アーカイブを含む）または色記号入り価格表,色名・発売月・シリーズ呼称は、総合カタログより個別商品ページや販売店向け価格表の方が型番単位で明記される可能性が高い。
aqua,AQUA（アクア）,AQR-TX51A,aqua-aqrtx51a,refrigeration,4. 冷蔵機能,fridge-storage,扉・棚・収納,低,AQUA 冷蔵庫総合カタログ 2026-2,26–28,確認済み一次資料に型番単位の明記なし,取扱説明書のチルド設定・棚組み替え・ドアポケット部品一覧、公式鮮度試験ページ,チルドの温度・保存期間と、棚やドアポケットの型番別構成は、機能訴求ページだけでなく説明書の設定・部品一覧で確定できる。
aqua,AQUA（アクア）,AQR-TX51A,aqua-aqrtx51a,refrigeration,4. 冷蔵機能,door-pocket,ドアポケット,低,AQUA 冷蔵庫総合カタログ 2026-2,26–28,確認済み一次資料に型番単位の明記なし,取扱説明書のチルド設定・棚組み替え・ドアポケット部品一覧、公式鮮度試験ページ,チルドの温度・保存期間と、棚やドアポケットの型番別構成は、機能訴求ページだけでなく説明書の設定・部品一覧で確定できる。
aqua,AQUA（アクア）,AQR-TX51A,aqua-aqrtx51a,freezing,5. 冷凍機能,freezer-other,その他,低,AQUA 冷蔵庫総合カタログ 2026-2,26–28,確認済み一次資料に型番単位の明記なし,型番別の冷凍・製氷機能比較表、冷凍室断面図、取扱説明書の運転モード一覧,特殊冷凍、小冷凍室、霜対策、収納段数、独立製氷室は別項目なので、型番別比較表と室構成図の両方が必要。
aqua,AQUA（アクア）,AQR-TX51A,aqua-aqrtx51a,smart,9. スマホ連携・IoT,iot-ai,AI・音声連携,低,AQUA 冷蔵庫総合カタログ 2026-2,26–28,確認済み一次資料に型番単位の明記なし,メーカー公式アプリ対応機種一覧、ネットワーク設定ガイド、アプリ機能一覧,Wi-Fi搭載とアプリ対応、食材管理、通知、AIは別項目なので、アプリの対応型番表と機能対応表の両方が必要。
aqua,AQUA（アクア）,AQR-TX51R,aqua-aqrtx51r,basic,1. 基本情報,colors,カラー,中,AQUA 冷蔵庫総合カタログ 2025-2,27–28・公式仕様ページ,確認済み一次資料に型番単位の明記なし,当該年式の公式商品ページ（アーカイブを含む）または色記号入り価格表,色名・発売月・シリーズ呼称は、総合カタログより個別商品ページや販売店向け価格表の方が型番単位で明記される可能性が高い。
aqua,AQUA（アクア）,AQR-TX51R,aqua-aqrtx51r,basic,1. 基本情報,door-type,ドア方式,低,AQUA 冷蔵庫総合カタログ 2025-2,27–28・公式仕様ページ,確認済み一次資料に型番単位の明記なし,当該年式の公式商品ページ（アーカイブを含む）または色記号入り価格表,色名・発売月・シリーズ呼称は、総合カタログより個別商品ページや販売店向け価格表の方が型番単位で明記される可能性が高い。
aqua,AQUA（アクア）,AQR-TX51R,aqua-aqrtx51r,refrigeration,4. 冷蔵機能,fridge-storage,扉・棚・収納,低,AQUA 冷蔵庫総合カタログ 2025-2,27–28・公式仕様ページ,確認済み一次資料に型番単位の明記なし,取扱説明書のチルド設定・棚組み替え・ドアポケット部品一覧、公式鮮度試験ページ,チルドの温度・保存期間と、棚やドアポケットの型番別構成は、機能訴求ページだけでなく説明書の設定・部品一覧で確定できる。
aqua,AQUA（アクア）,AQR-TX51R,aqua-aqrtx51r,refrigeration,4. 冷蔵機能,door-pocket,ドアポケット,低,AQUA 冷蔵庫総合カタログ 2025-2,27–28・公式仕様ページ,確認済み一次資料に型番単位の明記なし,取扱説明書のチルド設定・棚組み替え・ドアポケット部品一覧、公式鮮度試験ページ,チルドの温度・保存期間と、棚やドアポケットの型番別構成は、機能訴求ページだけでなく説明書の設定・部品一覧で確定できる。
aqua,AQUA（アクア）,AQR-TX51R,aqua-aqrtx51r,freezing,5. 冷凍機能,freezer-other,その他,低,AQUA 冷蔵庫総合カタログ 2025-2,27–28・公式仕様ページ,確認済み一次資料に型番単位の明記なし,型番別の冷凍・製氷機能比較表、冷凍室断面図、取扱説明書の運転モード一覧,特殊冷凍、小冷凍室、霜対策、収納段数、独立製氷室は別項目なので、型番別比較表と室構成図の両方が必要。
aqua,AQUA（アクア）,AQR-TX51R,aqua-aqrtx51r,smart,9. スマホ連携・IoT,iot-ai,AI・音声連携,低,AQUA 冷蔵庫総合カタログ 2025-2,27–28・公式仕様ページ,確認済み一次資料に型番単位の明記なし,メーカー公式アプリ対応機種一覧、ネットワーク設定ガイド、アプリ機能一覧,Wi-Fi搭載とアプリ対応、食材管理、通知、AIは別項目なので、アプリの対応型番表と機能対応表の両方が必要。
aqua,AQUA（アクア）,AQR-TXA50A,aqua-aqr-txa50a,refrigeration,4. 冷蔵機能,fridge-storage,扉・棚・収納,低,AQUA 冷蔵庫総合カタログ 2026-2,26–28,確認済み一次資料に型番単位の明記なし,取扱説明書のチルド設定・棚組み替え・ドアポケット部品一覧、公式鮮度試験ページ,チルドの温度・保存期間と、棚やドアポケットの型番別構成は、機能訴求ページだけでなく説明書の設定・部品一覧で確定できる。
aqua,AQUA（アクア）,AQR-TXA50A,aqua-aqr-txa50a,refrigeration,4. 冷蔵機能,door-pocket,ドアポケット,低,AQUA 冷蔵庫総合カタログ 2026-2,26–28,確認済み一次資料に型番単位の明記なし,取扱説明書のチルド設定・棚組み替え・ドアポケット部品一覧、公式鮮度試験ページ,チルドの温度・保存期間と、棚やドアポケットの型番別構成は、機能訴求ページだけでなく説明書の設定・部品一覧で確定できる。
aqua,AQUA（アクア）,AQR-TXA50A,aqua-aqr-txa50a,freezing,5. 冷凍機能,freezer-other,その他,低,AQUA 冷蔵庫総合カタログ 2026-2,26–28,確認済み一次資料に型番単位の明記なし,型番別の冷凍・製氷機能比較表、冷凍室断面図、取扱説明書の運転モード一覧,特殊冷凍、小冷凍室、霜対策、収納段数、独立製氷室は別項目なので、型番別比較表と室構成図の両方が必要。
aqua,AQUA（アクア）,AQR-TXA50A,aqua-aqr-txa50a,smart,9. スマホ連携・IoT,iot-ai,AI・音声連携,低,AQUA 冷蔵庫総合カタログ 2026-2,26–28,確認済み一次資料に型番単位の明記なし,メーカー公式アプリ対応機種一覧、ネットワーク設定ガイド、アプリ機能一覧,Wi-Fi搭載とアプリ対応、食材管理、通知、AIは別項目なので、アプリの対応型番表と機能対応表の両方が必要。
aqua,AQUA（アクア）,AQR-TXA50R,aqua-aqrtxa50r,basic,1. 基本情報,colors,カラー,中,AQUA 冷蔵庫総合カタログ 2025-2,27–28・公式仕様ページ,確認済み一次資料に型番単位の明記なし,当該年式の公式商品ページ（アーカイブを含む）または色記号入り価格表,色名・発売月・シリーズ呼称は、総合カタログより個別商品ページや販売店向け価格表の方が型番単位で明記される可能性が高い。
aqua,AQUA（アクア）,AQR-TXA50R,aqua-aqrtxa50r,basic,1. 基本情報,door-type,ドア方式,低,AQUA 冷蔵庫総合カタログ 2025-2,27–28・公式仕様ページ,確認済み一次資料に型番単位の明記なし,当該年式の公式商品ページ（アーカイブを含む）または色記号入り価格表,色名・発売月・シリーズ呼称は、総合カタログより個別商品ページや販売店向け価格表の方が型番単位で明記される可能性が高い。
aqua,AQUA（アクア）,AQR-TXA50R,aqua-aqrtxa50r,refrigeration,4. 冷蔵機能,fridge-storage,扉・棚・収納,低,AQUA 冷蔵庫総合カタログ 2025-2,27–28・公式仕様ページ,確認済み一次資料に型番単位の明記なし,取扱説明書のチルド設定・棚組み替え・ドアポケット部品一覧、公式鮮度試験ページ,チルドの温度・保存期間と、棚やドアポケットの型番別構成は、機能訴求ページだけでなく説明書の設定・部品一覧で確定できる。
aqua,AQUA（アクア）,AQR-TXA50R,aqua-aqrtxa50r,refrigeration,4. 冷蔵機能,door-pocket,ドアポケット,低,AQUA 冷蔵庫総合カタログ 2025-2,27–28・公式仕様ページ,確認済み一次資料に型番単位の明記なし,取扱説明書のチルド設定・棚組み替え・ドアポケット部品一覧、公式鮮度試験ページ,チルドの温度・保存期間と、棚やドアポケットの型番別構成は、機能訴求ページだけでなく説明書の設定・部品一覧で確定できる。
aqua,AQUA（アクア）,AQR-TXA50R,aqua-aqrtxa50r,freezing,5. 冷凍機能,freezer-other,その他,低,AQUA 冷蔵庫総合カタログ 2025-2,27–28・公式仕様ページ,確認済み一次資料に型番単位の明記なし,型番別の冷凍・製氷機能比較表、冷凍室断面図、取扱説明書の運転モード一覧,特殊冷凍、小冷凍室、霜対策、収納段数、独立製氷室は別項目なので、型番別比較表と室構成図の両方が必要。
aqua,AQUA（アクア）,AQR-TXA50R,aqua-aqrtxa50r,smart,9. スマホ連携・IoT,iot-ai,AI・音声連携,低,AQUA 冷蔵庫総合カタログ 2025-2,27–28・公式仕様ページ,確認済み一次資料に型番単位の明記なし,メーカー公式アプリ対応機種一覧、ネットワーク設定ガイド、アプリ機能一覧,Wi-Fi搭載とアプリ対応、食材管理、通知、AIは別項目なので、アプリの対応型番表と機能対応表の両方が必要。
aqua,AQUA（アクア）,AQR-SBS48A,aqua-aqrsbs48a,basic,1. 基本情報,door-type,ドア方式,低,AQUA 冷蔵庫総合カタログ 2026-2,26–28,確認済み一次資料に型番単位の明記なし,当該年式の公式商品ページ（アーカイブを含む）または色記号入り価格表,色名・発売月・シリーズ呼称は、総合カタログより個別商品ページや販売店向け価格表の方が型番単位で明記される可能性が高い。
aqua,AQUA（アクア）,AQR-SBS48A,aqua-aqrsbs48a,size,2. サイズ・容量,chilled-capacity,チルドルーム容量,低,AQUA 冷蔵庫総合カタログ 2026-2,26–28,確認済み一次資料に型番単位の明記なし,公式仕様表、銘板画像、取扱説明書末尾の仕様欄,外形寸法・質量・室容量・省エネ基準値は、取扱説明書の仕様欄または本体銘板で確定できる。
aqua,AQUA（アクア）,AQR-SBS48A,aqua-aqrsbs48a,refrigeration,4. 冷蔵機能,fridge-storage,扉・棚・収納,低,AQUA 冷蔵庫総合カタログ 2026-2,26–28,確認済み一次資料に型番単位の明記なし,取扱説明書のチルド設定・棚組み替え・ドアポケット部品一覧、公式鮮度試験ページ,チルドの温度・保存期間と、棚やドアポケットの型番別構成は、機能訴求ページだけでなく説明書の設定・部品一覧で確定できる。
aqua,AQUA（アクア）,AQR-SBS48A,aqua-aqrsbs48a,refrigeration,4. 冷蔵機能,door-pocket,ドアポケット,低,AQUA 冷蔵庫総合カタログ 2026-2,26–28,確認済み一次資料に型番単位の明記なし,取扱説明書のチルド設定・棚組み替え・ドアポケット部品一覧、公式鮮度試験ページ,チルドの温度・保存期間と、棚やドアポケットの型番別構成は、機能訴求ページだけでなく説明書の設定・部品一覧で確定できる。
aqua,AQUA（アクア）,AQR-SBS48A,aqua-aqrsbs48a,refrigeration,4. 冷蔵機能,fridge-other,その他,低,AQUA 冷蔵庫総合カタログ 2026-2,26–28,確認済み一次資料に型番単位の明記なし,取扱説明書のチルド設定・棚組み替え・ドアポケット部品一覧、公式鮮度試験ページ,チルドの温度・保存期間と、棚やドアポケットの型番別構成は、機能訴求ページだけでなく説明書の設定・部品一覧で確定できる。
aqua,AQUA（アクア）,AQR-SBS48A,aqua-aqrsbs48a,freezing,5. 冷凍機能,special-freezing,特殊冷凍機能,低,AQUA 冷蔵庫総合カタログ 2026-2,26–28,確認済み一次資料に型番単位の明記なし,型番別の冷凍・製氷機能比較表、冷凍室断面図、取扱説明書の運転モード一覧,特殊冷凍、小冷凍室、霜対策、収納段数、独立製氷室は別項目なので、型番別比較表と室構成図の両方が必要。
aqua,AQUA（アクア）,AQR-SBS48A,aqua-aqrsbs48a,freezing,5. 冷凍機能,frost-control,霜付き防止機能,低,AQUA 冷蔵庫総合カタログ 2026-2,26–28,確認済み一次資料に型番単位の明記なし,型番別の冷凍・製氷機能比較表、冷凍室断面図、取扱説明書の運転モード一覧,特殊冷凍、小冷凍室、霜対策、収納段数、独立製氷室は別項目なので、型番別比較表と室構成図の両方が必要。
aqua,AQUA（アクア）,AQR-SBS48A,aqua-aqrsbs48a,freezing,5. 冷凍機能,freezer-other,その他,低,AQUA 冷蔵庫総合カタログ 2026-2,26–28,確認済み一次資料に型番単位の明記なし,型番別の冷凍・製氷機能比較表、冷凍室断面図、取扱説明書の運転モード一覧,特殊冷凍、小冷凍室、霜対策、収納段数、独立製氷室は別項目なので、型番別比較表と室構成図の両方が必要。
aqua,AQUA（アクア）,AQR-SBS48A,aqua-aqrsbs48a,clean,7. 清潔・お手入れ,maintenance,お手入れ,低,AQUA 冷蔵庫総合カタログ 2026-2,26–28,確認済み一次資料に型番単位の明記なし,公式機能比較表、除菌／抗菌の試験注記、取扱説明書のお手入れ章,脱臭・除菌・抗菌は意味が異なるため、試験対象部位と試験方法が明記された一次資料が必要。
aqua,AQUA（アクア）,AQR-SBS48A,aqua-aqrsbs48a,energy,8. 省エネ性,energy-ai,省エネ運転・AI学習,低,AQUA 冷蔵庫総合カタログ 2026-2,26–28,確認済み一次資料に型番単位の明記なし,公式仕様表、省エネラベル、型番別機能比較表,年間消費電力量は仕様表、AI・センサーの有無は機能比較表、達成率は統一省エネラベルで確定できる。
aqua,AQUA（アクア）,AQR-SBS48A,aqua-aqrsbs48a,smart,9. スマホ連携・IoT,iot-connectivity,通信・対応アプリ,低,AQUA 冷蔵庫総合カタログ 2026-2,26–28,確認済み一次資料に型番単位の明記なし,メーカー公式アプリ対応機種一覧、ネットワーク設定ガイド、アプリ機能一覧,Wi-Fi搭載とアプリ対応、食材管理、通知、AIは別項目なので、アプリの対応型番表と機能対応表の両方が必要。
aqua,AQUA（アクア）,AQR-SBS48A,aqua-aqrsbs48a,smart,9. スマホ連携・IoT,iot-food,食材管理・庫内確認,低,AQUA 冷蔵庫総合カタログ 2026-2,26–28,確認済み一次資料に型番単位の明記なし,メーカー公式アプリ対応機種一覧、ネットワーク設定ガイド、アプリ機能一覧,Wi-Fi搭載とアプリ対応、食材管理、通知、AIは別項目なので、アプリの対応型番表と機能対応表の両方が必要。
aqua,AQUA（アクア）,AQR-SBS48A,aqua-aqrsbs48a,smart,9. スマホ連携・IoT,iot-monitoring,通知・見守り・遠隔操作,低,AQUA 冷蔵庫総合カタログ 2026-2,26–28,確認済み一次資料に型番単位の明記なし,メーカー公式アプリ対応機種一覧、ネットワーク設定ガイド、アプリ機能一覧,Wi-Fi搭載とアプリ対応、食材管理、通知、AIは別項目なので、アプリの対応型番表と機能対応表の両方が必要。
aqua,AQUA（アクア）,AQR-SBS48A,aqua-aqrsbs48a,smart,9. スマホ連携・IoT,iot-ai,AI・音声連携,低,AQUA 冷蔵庫総合カタログ 2026-2,26–28,確認済み一次資料に型番単位の明記なし,メーカー公式アプリ対応機種一覧、ネットワーク設定ガイド、アプリ機能一覧,Wi-Fi搭載とアプリ対応、食材管理、通知、AIは別項目なので、アプリの対応型番表と機能対応表の両方が必要。
aqua,AQUA（アクア）,AQR-V46A,aqua-aqrv46a,basic,1. 基本情報,door-type,ドア方式,低,AQUA 冷蔵庫総合カタログ 2026-2,26–28,確認済み一次資料に型番単位の明記なし,当該年式の公式商品ページ（アーカイブを含む）または色記号入り価格表,色名・発売月・シリーズ呼称は、総合カタログより個別商品ページや販売店向け価格表の方が型番単位で明記される可能性が高い。
aqua,AQUA（アクア）,AQR-V46A,aqua-aqrv46a,refrigeration,4. 冷蔵機能,fridge-storage,扉・棚・収納,低,AQUA 冷蔵庫総合カタログ 2026-2,26–28,確認済み一次資料に型番単位の明記なし,取扱説明書のチルド設定・棚組み替え・ドアポケット部品一覧、公式鮮度試験ページ,チルドの温度・保存期間と、棚やドアポケットの型番別構成は、機能訴求ページだけでなく説明書の設定・部品一覧で確定できる。
aqua,AQUA（アクア）,AQR-V46A,aqua-aqrv46a,refrigeration,4. 冷蔵機能,door-pocket,ドアポケット,低,AQUA 冷蔵庫総合カタログ 2026-2,26–28,確認済み一次資料に型番単位の明記なし,取扱説明書のチルド設定・棚組み替え・ドアポケット部品一覧、公式鮮度試験ページ,チルドの温度・保存期間と、棚やドアポケットの型番別構成は、機能訴求ページだけでなく説明書の設定・部品一覧で確定できる。
aqua,AQUA（アクア）,AQR-V46A,aqua-aqrv46a,refrigeration,4. 冷蔵機能,fridge-other,その他,低,AQUA 冷蔵庫総合カタログ 2026-2,26–28,確認済み一次資料に型番単位の明記なし,取扱説明書のチルド設定・棚組み替え・ドアポケット部品一覧、公式鮮度試験ページ,チルドの温度・保存期間と、棚やドアポケットの型番別構成は、機能訴求ページだけでなく説明書の設定・部品一覧で確定できる。
aqua,AQUA（アクア）,AQR-V46A,aqua-aqrv46a,freezing,5. 冷凍機能,freezer-other,その他,低,AQUA 冷蔵庫総合カタログ 2026-2,26–28,確認済み一次資料に型番単位の明記なし,型番別の冷凍・製氷機能比較表、冷凍室断面図、取扱説明書の運転モード一覧,特殊冷凍、小冷凍室、霜対策、収納段数、独立製氷室は別項目なので、型番別比較表と室構成図の両方が必要。
aqua,AQUA（アクア）,AQR-V46A,aqua-aqrv46a,smart,9. スマホ連携・IoT,iot-connectivity,通信・対応アプリ,低,AQUA 冷蔵庫総合カタログ 2026-2,26–28,確認済み一次資料に型番単位の明記なし,メーカー公式アプリ対応機種一覧、ネットワーク設定ガイド、アプリ機能一覧,Wi-Fi搭載とアプリ対応、食材管理、通知、AIは別項目なので、アプリの対応型番表と機能対応表の両方が必要。
aqua,AQUA（アクア）,AQR-V46A,aqua-aqrv46a,smart,9. スマホ連携・IoT,iot-food,食材管理・庫内確認,低,AQUA 冷蔵庫総合カタログ 2026-2,26–28,確認済み一次資料に型番単位の明記なし,メーカー公式アプリ対応機種一覧、ネットワーク設定ガイド、アプリ機能一覧,Wi-Fi搭載とアプリ対応、食材管理、通知、AIは別項目なので、アプリの対応型番表と機能対応表の両方が必要。
aqua,AQUA（アクア）,AQR-V46A,aqua-aqrv46a,smart,9. スマホ連携・IoT,iot-monitoring,通知・見守り・遠隔操作,低,AQUA 冷蔵庫総合カタログ 2026-2,26–28,確認済み一次資料に型番単位の明記なし,メーカー公式アプリ対応機種一覧、ネットワーク設定ガイド、アプリ機能一覧,Wi-Fi搭載とアプリ対応、食材管理、通知、AIは別項目なので、アプリの対応型番表と機能対応表の両方が必要。
aqua,AQUA（アクア）,AQR-V46A,aqua-aqrv46a,smart,9. スマホ連携・IoT,iot-ai,AI・音声連携,低,AQUA 冷蔵庫総合カタログ 2026-2,26–28,確認済み一次資料に型番単位の明記なし,メーカー公式アプリ対応機種一覧、ネットワーク設定ガイド、アプリ機能一覧,Wi-Fi搭載とアプリ対応、食材管理、通知、AIは別項目なので、アプリの対応型番表と機能対応表の両方が必要。
aqua,AQUA（アクア）,AQR-VZA45A,aqua-aqrvza45a,basic,1. 基本情報,door-type,ドア方式,低,AQUA 冷蔵庫総合カタログ 2026-2,26–28,確認済み一次資料に型番単位の明記なし,当該年式の公式商品ページ（アーカイブを含む）または色記号入り価格表,色名・発売月・シリーズ呼称は、総合カタログより個別商品ページや販売店向け価格表の方が型番単位で明記される可能性が高い。
aqua,AQUA（アクア）,AQR-VZA45A,aqua-aqrvza45a,refrigeration,4. 冷蔵機能,fridge-storage,扉・棚・収納,低,AQUA 冷蔵庫総合カタログ 2026-2,26–28,確認済み一次資料に型番単位の明記なし,取扱説明書のチルド設定・棚組み替え・ドアポケット部品一覧、公式鮮度試験ページ,チルドの温度・保存期間と、棚やドアポケットの型番別構成は、機能訴求ページだけでなく説明書の設定・部品一覧で確定できる。
aqua,AQUA（アクア）,AQR-VZA45A,aqua-aqrvza45a,refrigeration,4. 冷蔵機能,door-pocket,ドアポケット,低,AQUA 冷蔵庫総合カタログ 2026-2,26–28,確認済み一次資料に型番単位の明記なし,取扱説明書のチルド設定・棚組み替え・ドアポケット部品一覧、公式鮮度試験ページ,チルドの温度・保存期間と、棚やドアポケットの型番別構成は、機能訴求ページだけでなく説明書の設定・部品一覧で確定できる。
aqua,AQUA（アクア）,AQR-VZA45A,aqua-aqrvza45a,freezing,5. 冷凍機能,freezer-other,その他,低,AQUA 冷蔵庫総合カタログ 2026-2,26–28,確認済み一次資料に型番単位の明記なし,型番別の冷凍・製氷機能比較表、冷凍室断面図、取扱説明書の運転モード一覧,特殊冷凍、小冷凍室、霜対策、収納段数、独立製氷室は別項目なので、型番別比較表と室構成図の両方が必要。
aqua,AQUA（アクア）,AQR-VZA45A,aqua-aqrvza45a,smart,9. スマホ連携・IoT,iot-connectivity,通信・対応アプリ,低,AQUA 冷蔵庫総合カタログ 2026-2,26–28,確認済み一次資料に型番単位の明記なし,メーカー公式アプリ対応機種一覧、ネットワーク設定ガイド、アプリ機能一覧,Wi-Fi搭載とアプリ対応、食材管理、通知、AIは別項目なので、アプリの対応型番表と機能対応表の両方が必要。
aqua,AQUA（アクア）,AQR-VZA45A,aqua-aqrvza45a,smart,9. スマホ連携・IoT,iot-food,食材管理・庫内確認,低,AQUA 冷蔵庫総合カタログ 2026-2,26–28,確認済み一次資料に型番単位の明記なし,メーカー公式アプリ対応機種一覧、ネットワーク設定ガイド、アプリ機能一覧,Wi-Fi搭載とアプリ対応、食材管理、通知、AIは別項目なので、アプリの対応型番表と機能対応表の両方が必要。
aqua,AQUA（アクア）,AQR-VZA45A,aqua-aqrvza45a,smart,9. スマホ連携・IoT,iot-monitoring,通知・見守り・遠隔操作,低,AQUA 冷蔵庫総合カタログ 2026-2,26–28,確認済み一次資料に型番単位の明記なし,メーカー公式アプリ対応機種一覧、ネットワーク設定ガイド、アプリ機能一覧,Wi-Fi搭載とアプリ対応、食材管理、通知、AIは別項目なので、アプリの対応型番表と機能対応表の両方が必要。
aqua,AQUA（アクア）,AQR-VZA45A,aqua-aqrvza45a,smart,9. スマホ連携・IoT,iot-ai,AI・音声連携,低,AQUA 冷蔵庫総合カタログ 2026-2,26–28,確認済み一次資料に型番単位の明記なし,メーカー公式アプリ対応機種一覧、ネットワーク設定ガイド、アプリ機能一覧,Wi-Fi搭載とアプリ対応、食材管理、通知、AIは別項目なので、アプリの対応型番表と機能対応表の両方が必要。
aqua,AQUA（アクア）,AQR-VZA45R,aqua-aqrvza45r,basic,1. 基本情報,colors,カラー,中,AQUA 冷蔵庫総合カタログ 2025-2,27–28・公式仕様ページ,確認済み一次資料に型番単位の明記なし,当該年式の公式商品ページ（アーカイブを含む）または色記号入り価格表,色名・発売月・シリーズ呼称は、総合カタログより個別商品ページや販売店向け価格表の方が型番単位で明記される可能性が高い。
aqua,AQUA（アクア）,AQR-VZA45R,aqua-aqrvza45r,basic,1. 基本情報,door-type,ドア方式,低,AQUA 冷蔵庫総合カタログ 2025-2,27–28・公式仕様ページ,確認済み一次資料に型番単位の明記なし,当該年式の公式商品ページ（アーカイブを含む）または色記号入り価格表,色名・発売月・シリーズ呼称は、総合カタログより個別商品ページや販売店向け価格表の方が型番単位で明記される可能性が高い。
aqua,AQUA（アクア）,AQR-VZA45R,aqua-aqrvza45r,refrigeration,4. 冷蔵機能,fridge-storage,扉・棚・収納,低,AQUA 冷蔵庫総合カタログ 2025-2,27–28・公式仕様ページ,確認済み一次資料に型番単位の明記なし,取扱説明書のチルド設定・棚組み替え・ドアポケット部品一覧、公式鮮度試験ページ,チルドの温度・保存期間と、棚やドアポケットの型番別構成は、機能訴求ページだけでなく説明書の設定・部品一覧で確定できる。
aqua,AQUA（アクア）,AQR-VZA45R,aqua-aqrvza45r,refrigeration,4. 冷蔵機能,door-pocket,ドアポケット,低,AQUA 冷蔵庫総合カタログ 2025-2,27–28・公式仕様ページ,確認済み一次資料に型番単位の明記なし,取扱説明書のチルド設定・棚組み替え・ドアポケット部品一覧、公式鮮度試験ページ,チルドの温度・保存期間と、棚やドアポケットの型番別構成は、機能訴求ページだけでなく説明書の設定・部品一覧で確定できる。
aqua,AQUA（アクア）,AQR-VZA45R,aqua-aqrvza45r,freezing,5. 冷凍機能,freezer-other,その他,低,AQUA 冷蔵庫総合カタログ 2025-2,27–28・公式仕様ページ,確認済み一次資料に型番単位の明記なし,型番別の冷凍・製氷機能比較表、冷凍室断面図、取扱説明書の運転モード一覧,特殊冷凍、小冷凍室、霜対策、収納段数、独立製氷室は別項目なので、型番別比較表と室構成図の両方が必要。
aqua,AQUA（アクア）,AQR-VZA45R,aqua-aqrvza45r,smart,9. スマホ連携・IoT,iot-connectivity,通信・対応アプリ,低,AQUA 冷蔵庫総合カタログ 2025-2,27–28・公式仕様ページ,確認済み一次資料に型番単位の明記なし,メーカー公式アプリ対応機種一覧、ネットワーク設定ガイド、アプリ機能一覧,Wi-Fi搭載とアプリ対応、食材管理、通知、AIは別項目なので、アプリの対応型番表と機能対応表の両方が必要。
aqua,AQUA（アクア）,AQR-VZA45R,aqua-aqrvza45r,smart,9. スマホ連携・IoT,iot-food,食材管理・庫内確認,低,AQUA 冷蔵庫総合カタログ 2025-2,27–28・公式仕様ページ,確認済み一次資料に型番単位の明記なし,メーカー公式アプリ対応機種一覧、ネットワーク設定ガイド、アプリ機能一覧,Wi-Fi搭載とアプリ対応、食材管理、通知、AIは別項目なので、アプリの対応型番表と機能対応表の両方が必要。
aqua,AQUA（アクア）,AQR-VZA45R,aqua-aqrvza45r,smart,9. スマホ連携・IoT,iot-monitoring,通知・見守り・遠隔操作,低,AQUA 冷蔵庫総合カタログ 2025-2,27–28・公式仕様ページ,確認済み一次資料に型番単位の明記なし,メーカー公式アプリ対応機種一覧、ネットワーク設定ガイド、アプリ機能一覧,Wi-Fi搭載とアプリ対応、食材管理、通知、AIは別項目なので、アプリの対応型番表と機能対応表の両方が必要。
aqua,AQUA（アクア）,AQR-VZA45R,aqua-aqrvza45r,smart,9. スマホ連携・IoT,iot-ai,AI・音声連携,低,AQUA 冷蔵庫総合カタログ 2025-2,27–28・公式仕様ページ,確認済み一次資料に型番単位の明記なし,メーカー公式アプリ対応機種一覧、ネットワーク設定ガイド、アプリ機能一覧,Wi-Fi搭載とアプリ対応、食材管理、通知、AIは別項目なので、アプリの対応型番表と機能対応表の両方が必要。
aqua,AQUA（アクア）,AQR-V43A,aqua-aqrv43a,basic,1. 基本情報,door-type,ドア方式,低,AQUA 冷蔵庫総合カタログ 2026-2,26–28,確認済み一次資料に型番単位の明記なし,当該年式の公式商品ページ（アーカイブを含む）または色記号入り価格表,色名・発売月・シリーズ呼称は、総合カタログより個別商品ページや販売店向け価格表の方が型番単位で明記される可能性が高い。
aqua,AQUA（アクア）,AQR-V43A,aqua-aqrv43a,refrigeration,4. 冷蔵機能,fridge-storage,扉・棚・収納,低,AQUA 冷蔵庫総合カタログ 2026-2,26–28,確認済み一次資料に型番単位の明記なし,取扱説明書のチルド設定・棚組み替え・ドアポケット部品一覧、公式鮮度試験ページ,チルドの温度・保存期間と、棚やドアポケットの型番別構成は、機能訴求ページだけでなく説明書の設定・部品一覧で確定できる。
aqua,AQUA（アクア）,AQR-V43A,aqua-aqrv43a,refrigeration,4. 冷蔵機能,door-pocket,ドアポケット,低,AQUA 冷蔵庫総合カタログ 2026-2,26–28,確認済み一次資料に型番単位の明記なし,取扱説明書のチルド設定・棚組み替え・ドアポケット部品一覧、公式鮮度試験ページ,チルドの温度・保存期間と、棚やドアポケットの型番別構成は、機能訴求ページだけでなく説明書の設定・部品一覧で確定できる。
aqua,AQUA（アクア）,AQR-V43A,aqua-aqrv43a,refrigeration,4. 冷蔵機能,fridge-other,その他,低,AQUA 冷蔵庫総合カタログ 2026-2,26–28,確認済み一次資料に型番単位の明記なし,取扱説明書のチルド設定・棚組み替え・ドアポケット部品一覧、公式鮮度試験ページ,チルドの温度・保存期間と、棚やドアポケットの型番別構成は、機能訴求ページだけでなく説明書の設定・部品一覧で確定できる。
aqua,AQUA（アクア）,AQR-V43A,aqua-aqrv43a,freezing,5. 冷凍機能,freezer-other,その他,低,AQUA 冷蔵庫総合カタログ 2026-2,26–28,確認済み一次資料に型番単位の明記なし,型番別の冷凍・製氷機能比較表、冷凍室断面図、取扱説明書の運転モード一覧,特殊冷凍、小冷凍室、霜対策、収納段数、独立製氷室は別項目なので、型番別比較表と室構成図の両方が必要。
aqua,AQUA（アクア）,AQR-V43A,aqua-aqrv43a,smart,9. スマホ連携・IoT,iot-connectivity,通信・対応アプリ,低,AQUA 冷蔵庫総合カタログ 2026-2,26–28,確認済み一次資料に型番単位の明記なし,メーカー公式アプリ対応機種一覧、ネットワーク設定ガイド、アプリ機能一覧,Wi-Fi搭載とアプリ対応、食材管理、通知、AIは別項目なので、アプリの対応型番表と機能対応表の両方が必要。
aqua,AQUA（アクア）,AQR-V43A,aqua-aqrv43a,smart,9. スマホ連携・IoT,iot-food,食材管理・庫内確認,低,AQUA 冷蔵庫総合カタログ 2026-2,26–28,確認済み一次資料に型番単位の明記なし,メーカー公式アプリ対応機種一覧、ネットワーク設定ガイド、アプリ機能一覧,Wi-Fi搭載とアプリ対応、食材管理、通知、AIは別項目なので、アプリの対応型番表と機能対応表の両方が必要。
aqua,AQUA（アクア）,AQR-V43A,aqua-aqrv43a,smart,9. スマホ連携・IoT,iot-monitoring,通知・見守り・遠隔操作,低,AQUA 冷蔵庫総合カタログ 2026-2,26–28,確認済み一次資料に型番単位の明記なし,メーカー公式アプリ対応機種一覧、ネットワーク設定ガイド、アプリ機能一覧,Wi-Fi搭載とアプリ対応、食材管理、通知、AIは別項目なので、アプリの対応型番表と機能対応表の両方が必要。
aqua,AQUA（アクア）,AQR-V43A,aqua-aqrv43a,smart,9. スマホ連携・IoT,iot-ai,AI・音声連携,低,AQUA 冷蔵庫総合カタログ 2026-2,26–28,確認済み一次資料に型番単位の明記なし,メーカー公式アプリ対応機種一覧、ネットワーク設定ガイド、アプリ機能一覧,Wi-Fi搭載とアプリ対応、食材管理、通知、AIは別項目なので、アプリの対応型番表と機能対応表の両方が必要。
aqua,AQUA（アクア）,AQR-TZ42A,aqua-aqrtz42a,basic,1. 基本情報,door-type,ドア方式,低,AQUA 冷蔵庫総合カタログ 2026-2,26–28,確認済み一次資料に型番単位の明記なし,当該年式の公式商品ページ（アーカイブを含む）または色記号入り価格表,色名・発売月・シリーズ呼称は、総合カタログより個別商品ページや販売店向け価格表の方が型番単位で明記される可能性が高い。
aqua,AQUA（アクア）,AQR-TZ42A,aqua-aqrtz42a,refrigeration,4. 冷蔵機能,fridge-storage,扉・棚・収納,低,AQUA 冷蔵庫総合カタログ 2026-2,26–28,確認済み一次資料に型番単位の明記なし,取扱説明書のチルド設定・棚組み替え・ドアポケット部品一覧、公式鮮度試験ページ,チルドの温度・保存期間と、棚やドアポケットの型番別構成は、機能訴求ページだけでなく説明書の設定・部品一覧で確定できる。
aqua,AQUA（アクア）,AQR-TZ42A,aqua-aqrtz42a,refrigeration,4. 冷蔵機能,door-pocket,ドアポケット,低,AQUA 冷蔵庫総合カタログ 2026-2,26–28,確認済み一次資料に型番単位の明記なし,取扱説明書のチルド設定・棚組み替え・ドアポケット部品一覧、公式鮮度試験ページ,チルドの温度・保存期間と、棚やドアポケットの型番別構成は、機能訴求ページだけでなく説明書の設定・部品一覧で確定できる。
aqua,AQUA（アクア）,AQR-TZ42A,aqua-aqrtz42a,refrigeration,4. 冷蔵機能,fridge-other,その他,低,AQUA 冷蔵庫総合カタログ 2026-2,26–28,確認済み一次資料に型番単位の明記なし,取扱説明書のチルド設定・棚組み替え・ドアポケット部品一覧、公式鮮度試験ページ,チルドの温度・保存期間と、棚やドアポケットの型番別構成は、機能訴求ページだけでなく説明書の設定・部品一覧で確定できる。
aqua,AQUA（アクア）,AQR-TZ42A,aqua-aqrtz42a,freezing,5. 冷凍機能,freezer-other,その他,低,AQUA 冷蔵庫総合カタログ 2026-2,26–28,確認済み一次資料に型番単位の明記なし,型番別の冷凍・製氷機能比較表、冷凍室断面図、取扱説明書の運転モード一覧,特殊冷凍、小冷凍室、霜対策、収納段数、独立製氷室は別項目なので、型番別比較表と室構成図の両方が必要。
aqua,AQUA（アクア）,AQR-TZ42A,aqua-aqrtz42a,smart,9. スマホ連携・IoT,iot-ai,AI・音声連携,低,AQUA 冷蔵庫総合カタログ 2026-2,26–28,確認済み一次資料に型番単位の明記なし,メーカー公式アプリ対応機種一覧、ネットワーク設定ガイド、アプリ機能一覧,Wi-Fi搭載とアプリ対応、食材管理、通知、AIは別項目なので、アプリの対応型番表と機能対応表の両方が必要。
aqua,AQUA（アクア）,AQR-TZA42P,aqua-aqrtza42p,basic,1. 基本情報,colors,カラー,中,AQUA 冷蔵庫総合カタログ 2025-2,27–28・公式仕様ページ,確認済み一次資料に型番単位の明記なし,当該年式の公式商品ページ（アーカイブを含む）または色記号入り価格表,色名・発売月・シリーズ呼称は、総合カタログより個別商品ページや販売店向け価格表の方が型番単位で明記される可能性が高い。
aqua,AQUA（アクア）,AQR-TZA42P,aqua-aqrtza42p,basic,1. 基本情報,door-type,ドア方式,低,AQUA 冷蔵庫総合カタログ 2025-2,27–28・公式仕様ページ,確認済み一次資料に型番単位の明記なし,当該年式の公式商品ページ（アーカイブを含む）または色記号入り価格表,色名・発売月・シリーズ呼称は、総合カタログより個別商品ページや販売店向け価格表の方が型番単位で明記される可能性が高い。
aqua,AQUA（アクア）,AQR-TZA42P,aqua-aqrtza42p,refrigeration,4. 冷蔵機能,fridge-storage,扉・棚・収納,低,AQUA 冷蔵庫総合カタログ 2025-2,27–28・公式仕様ページ,確認済み一次資料に型番単位の明記なし,取扱説明書のチルド設定・棚組み替え・ドアポケット部品一覧、公式鮮度試験ページ,チルドの温度・保存期間と、棚やドアポケットの型番別構成は、機能訴求ページだけでなく説明書の設定・部品一覧で確定できる。
aqua,AQUA（アクア）,AQR-TZA42P,aqua-aqrtza42p,refrigeration,4. 冷蔵機能,door-pocket,ドアポケット,低,AQUA 冷蔵庫総合カタログ 2025-2,27–28・公式仕様ページ,確認済み一次資料に型番単位の明記なし,取扱説明書のチルド設定・棚組み替え・ドアポケット部品一覧、公式鮮度試験ページ,チルドの温度・保存期間と、棚やドアポケットの型番別構成は、機能訴求ページだけでなく説明書の設定・部品一覧で確定できる。
aqua,AQUA（アクア）,AQR-TZA42P,aqua-aqrtza42p,refrigeration,4. 冷蔵機能,fridge-other,その他,低,AQUA 冷蔵庫総合カタログ 2025-2,27–28・公式仕様ページ,確認済み一次資料に型番単位の明記なし,取扱説明書のチルド設定・棚組み替え・ドアポケット部品一覧、公式鮮度試験ページ,チルドの温度・保存期間と、棚やドアポケットの型番別構成は、機能訴求ページだけでなく説明書の設定・部品一覧で確定できる。
aqua,AQUA（アクア）,AQR-TZA42P,aqua-aqrtza42p,freezing,5. 冷凍機能,freezer-other,その他,低,AQUA 冷蔵庫総合カタログ 2025-2,27–28・公式仕様ページ,確認済み一次資料に型番単位の明記なし,型番別の冷凍・製氷機能比較表、冷凍室断面図、取扱説明書の運転モード一覧,特殊冷凍、小冷凍室、霜対策、収納段数、独立製氷室は別項目なので、型番別比較表と室構成図の両方が必要。
aqua,AQUA（アクア）,AQR-TZA42P,aqua-aqrtza42p,smart,9. スマホ連携・IoT,iot-ai,AI・音声連携,低,AQUA 冷蔵庫総合カタログ 2025-2,27–28・公式仕様ページ,確認済み一次資料に型番単位の明記なし,メーカー公式アプリ対応機種一覧、ネットワーク設定ガイド、アプリ機能一覧,Wi-Fi搭載とアプリ対応、食材管理、通知、AIは別項目なので、アプリの対応型番表と機能対応表の両方が必要。
aqua,AQUA（アクア）,AQR-TZA42R,aqua-aqrtza42r,basic,1. 基本情報,colors,カラー,中,AQUA 冷蔵庫総合カタログ 2025-2,27–28・公式仕様ページ,確認済み一次資料に型番単位の明記なし,当該年式の公式商品ページ（アーカイブを含む）または色記号入り価格表,色名・発売月・シリーズ呼称は、総合カタログより個別商品ページや販売店向け価格表の方が型番単位で明記される可能性が高い。
aqua,AQUA（アクア）,AQR-TZA42R,aqua-aqrtza42r,basic,1. 基本情報,door-type,ドア方式,低,AQUA 冷蔵庫総合カタログ 2025-2,27–28・公式仕様ページ,確認済み一次資料に型番単位の明記なし,当該年式の公式商品ページ（アーカイブを含む）または色記号入り価格表,色名・発売月・シリーズ呼称は、総合カタログより個別商品ページや販売店向け価格表の方が型番単位で明記される可能性が高い。
aqua,AQUA（アクア）,AQR-TZA42R,aqua-aqrtza42r,refrigeration,4. 冷蔵機能,fridge-storage,扉・棚・収納,低,AQUA 冷蔵庫総合カタログ 2025-2,27–28・公式仕様ページ,確認済み一次資料に型番単位の明記なし,取扱説明書のチルド設定・棚組み替え・ドアポケット部品一覧、公式鮮度試験ページ,チルドの温度・保存期間と、棚やドアポケットの型番別構成は、機能訴求ページだけでなく説明書の設定・部品一覧で確定できる。
aqua,AQUA（アクア）,AQR-TZA42R,aqua-aqrtza42r,refrigeration,4. 冷蔵機能,door-pocket,ドアポケット,低,AQUA 冷蔵庫総合カタログ 2025-2,27–28・公式仕様ページ,確認済み一次資料に型番単位の明記なし,取扱説明書のチルド設定・棚組み替え・ドアポケット部品一覧、公式鮮度試験ページ,チルドの温度・保存期間と、棚やドアポケットの型番別構成は、機能訴求ページだけでなく説明書の設定・部品一覧で確定できる。
aqua,AQUA（アクア）,AQR-TZA42R,aqua-aqrtza42r,refrigeration,4. 冷蔵機能,fridge-other,その他,低,AQUA 冷蔵庫総合カタログ 2025-2,27–28・公式仕様ページ,確認済み一次資料に型番単位の明記なし,取扱説明書のチルド設定・棚組み替え・ドアポケット部品一覧、公式鮮度試験ページ,チルドの温度・保存期間と、棚やドアポケットの型番別構成は、機能訴求ページだけでなく説明書の設定・部品一覧で確定できる。
aqua,AQUA（アクア）,AQR-TZA42R,aqua-aqrtza42r,freezing,5. 冷凍機能,freezer-other,その他,低,AQUA 冷蔵庫総合カタログ 2025-2,27–28・公式仕様ページ,確認済み一次資料に型番単位の明記なし,型番別の冷凍・製氷機能比較表、冷凍室断面図、取扱説明書の運転モード一覧,特殊冷凍、小冷凍室、霜対策、収納段数、独立製氷室は別項目なので、型番別比較表と室構成図の両方が必要。
aqua,AQUA（アクア）,AQR-TZA42R,aqua-aqrtza42r,smart,9. スマホ連携・IoT,iot-ai,AI・音声連携,低,AQUA 冷蔵庫総合カタログ 2025-2,27–28・公式仕様ページ,確認済み一次資料に型番単位の明記なし,メーカー公式アプリ対応機種一覧、ネットワーク設定ガイド、アプリ機能一覧,Wi-Fi搭載とアプリ対応、食材管理、通知、AIは別項目なので、アプリの対応型番表と機能対応表の両方が必要。
aqua,AQUA（アクア）,AQR-S40A,aqua-aqrs40a,basic,1. 基本情報,door-type,ドア方式,低,AQUA 冷蔵庫総合カタログ 2026-2,26–28,確認済み一次資料に型番単位の明記なし,当該年式の公式商品ページ（アーカイブを含む）または色記号入り価格表,色名・発売月・シリーズ呼称は、総合カタログより個別商品ページや販売店向け価格表の方が型番単位で明記される可能性が高い。
aqua,AQUA（アクア）,AQR-S40A,aqua-aqrs40a,refrigeration,4. 冷蔵機能,fridge-storage,扉・棚・収納,低,AQUA 冷蔵庫総合カタログ 2026-2,26–28,確認済み一次資料に型番単位の明記なし,取扱説明書のチルド設定・棚組み替え・ドアポケット部品一覧、公式鮮度試験ページ,チルドの温度・保存期間と、棚やドアポケットの型番別構成は、機能訴求ページだけでなく説明書の設定・部品一覧で確定できる。
aqua,AQUA（アクア）,AQR-S40A,aqua-aqrs40a,refrigeration,4. 冷蔵機能,door-pocket,ドアポケット,低,AQUA 冷蔵庫総合カタログ 2026-2,26–28,確認済み一次資料に型番単位の明記なし,取扱説明書のチルド設定・棚組み替え・ドアポケット部品一覧、公式鮮度試験ページ,チルドの温度・保存期間と、棚やドアポケットの型番別構成は、機能訴求ページだけでなく説明書の設定・部品一覧で確定できる。
aqua,AQUA（アクア）,AQR-S40A,aqua-aqrs40a,refrigeration,4. 冷蔵機能,fridge-other,その他,低,AQUA 冷蔵庫総合カタログ 2026-2,26–28,確認済み一次資料に型番単位の明記なし,取扱説明書のチルド設定・棚組み替え・ドアポケット部品一覧、公式鮮度試験ページ,チルドの温度・保存期間と、棚やドアポケットの型番別構成は、機能訴求ページだけでなく説明書の設定・部品一覧で確定できる。
aqua,AQUA（アクア）,AQR-S40A,aqua-aqrs40a,freezing,5. 冷凍機能,frost-control,霜付き防止機能,低,AQUA 冷蔵庫総合カタログ 2026-2,26–28,確認済み一次資料に型番単位の明記なし,型番別の冷凍・製氷機能比較表、冷凍室断面図、取扱説明書の運転モード一覧,特殊冷凍、小冷凍室、霜対策、収納段数、独立製氷室は別項目なので、型番別比較表と室構成図の両方が必要。
aqua,AQUA（アクア）,AQR-S40A,aqua-aqrs40a,freezing,5. 冷凍機能,freezer-other,その他,低,AQUA 冷蔵庫総合カタログ 2026-2,26–28,確認済み一次資料に型番単位の明記なし,型番別の冷凍・製氷機能比較表、冷凍室断面図、取扱説明書の運転モード一覧,特殊冷凍、小冷凍室、霜対策、収納段数、独立製氷室は別項目なので、型番別比較表と室構成図の両方が必要。
aqua,AQUA（アクア）,AQR-S40A,aqua-aqrs40a,clean,7. 清潔・お手入れ,clean-air,脱臭・除菌・抗菌,低,AQUA 冷蔵庫総合カタログ 2026-2,26–28,確認済み一次資料に型番単位の明記なし,公式機能比較表、除菌／抗菌の試験注記、取扱説明書のお手入れ章,脱臭・除菌・抗菌は意味が異なるため、試験対象部位と試験方法が明記された一次資料が必要。
aqua,AQUA（アクア）,AQR-S40A,aqua-aqrs40a,smart,9. スマホ連携・IoT,iot-connectivity,通信・対応アプリ,低,AQUA 冷蔵庫総合カタログ 2026-2,26–28,確認済み一次資料に型番単位の明記なし,メーカー公式アプリ対応機種一覧、ネットワーク設定ガイド、アプリ機能一覧,Wi-Fi搭載とアプリ対応、食材管理、通知、AIは別項目なので、アプリの対応型番表と機能対応表の両方が必要。
aqua,AQUA（アクア）,AQR-S40A,aqua-aqrs40a,smart,9. スマホ連携・IoT,iot-food,食材管理・庫内確認,低,AQUA 冷蔵庫総合カタログ 2026-2,26–28,確認済み一次資料に型番単位の明記なし,メーカー公式アプリ対応機種一覧、ネットワーク設定ガイド、アプリ機能一覧,Wi-Fi搭載とアプリ対応、食材管理、通知、AIは別項目なので、アプリの対応型番表と機能対応表の両方が必要。
aqua,AQUA（アクア）,AQR-S40A,aqua-aqrs40a,smart,9. スマホ連携・IoT,iot-monitoring,通知・見守り・遠隔操作,低,AQUA 冷蔵庫総合カタログ 2026-2,26–28,確認済み一次資料に型番単位の明記なし,メーカー公式アプリ対応機種一覧、ネットワーク設定ガイド、アプリ機能一覧,Wi-Fi搭載とアプリ対応、食材管理、通知、AIは別項目なので、アプリの対応型番表と機能対応表の両方が必要。
aqua,AQUA（アクア）,AQR-S40A,aqua-aqrs40a,smart,9. スマホ連携・IoT,iot-ai,AI・音声連携,低,AQUA 冷蔵庫総合カタログ 2026-2,26–28,確認済み一次資料に型番単位の明記なし,メーカー公式アプリ対応機種一覧、ネットワーク設定ガイド、アプリ機能一覧,Wi-Fi搭載とアプリ対応、食材管理、通知、AIは別項目なので、アプリの対応型番表と機能対応表の両方が必要。
aqua,AQUA（アクア）,AQR-36A,aqua-aqr36a,basic,1. 基本情報,door-type,ドア方式,低,AQUA 冷蔵庫総合カタログ 2026-2,26–28,確認済み一次資料に型番単位の明記なし,当該年式の公式商品ページ（アーカイブを含む）または色記号入り価格表,色名・発売月・シリーズ呼称は、総合カタログより個別商品ページや販売店向け価格表の方が型番単位で明記される可能性が高い。
aqua,AQUA（アクア）,AQR-36A,aqua-aqr36a,refrigeration,4. 冷蔵機能,fridge-storage,扉・棚・収納,低,AQUA 冷蔵庫総合カタログ 2026-2,26–28,確認済み一次資料に型番単位の明記なし,取扱説明書のチルド設定・棚組み替え・ドアポケット部品一覧、公式鮮度試験ページ,チルドの温度・保存期間と、棚やドアポケットの型番別構成は、機能訴求ページだけでなく説明書の設定・部品一覧で確定できる。
aqua,AQUA（アクア）,AQR-36A,aqua-aqr36a,refrigeration,4. 冷蔵機能,door-pocket,ドアポケット,低,AQUA 冷蔵庫総合カタログ 2026-2,26–28,確認済み一次資料に型番単位の明記なし,取扱説明書のチルド設定・棚組み替え・ドアポケット部品一覧、公式鮮度試験ページ,チルドの温度・保存期間と、棚やドアポケットの型番別構成は、機能訴求ページだけでなく説明書の設定・部品一覧で確定できる。
aqua,AQUA（アクア）,AQR-36A,aqua-aqr36a,refrigeration,4. 冷蔵機能,fridge-other,その他,低,AQUA 冷蔵庫総合カタログ 2026-2,26–28,確認済み一次資料に型番単位の明記なし,取扱説明書のチルド設定・棚組み替え・ドアポケット部品一覧、公式鮮度試験ページ,チルドの温度・保存期間と、棚やドアポケットの型番別構成は、機能訴求ページだけでなく説明書の設定・部品一覧で確定できる。
aqua,AQUA（アクア）,AQR-36A,aqua-aqr36a,freezing,5. 冷凍機能,freezer-other,その他,低,AQUA 冷蔵庫総合カタログ 2026-2,26–28,確認済み一次資料に型番単位の明記なし,型番別の冷凍・製氷機能比較表、冷凍室断面図、取扱説明書の運転モード一覧,特殊冷凍、小冷凍室、霜対策、収納段数、独立製氷室は別項目なので、型番別比較表と室構成図の両方が必要。
aqua,AQUA（アクア）,AQR-36A,aqua-aqr36a,clean,7. 清潔・お手入れ,clean-air,脱臭・除菌・抗菌,低,AQUA 冷蔵庫総合カタログ 2026-2,26–28,確認済み一次資料に型番単位の明記なし,公式機能比較表、除菌／抗菌の試験注記、取扱説明書のお手入れ章,脱臭・除菌・抗菌は意味が異なるため、試験対象部位と試験方法が明記された一次資料が必要。
aqua,AQUA（アクア）,AQR-36A,aqua-aqr36a,smart,9. スマホ連携・IoT,iot-connectivity,通信・対応アプリ,低,AQUA 冷蔵庫総合カタログ 2026-2,26–28,確認済み一次資料に型番単位の明記なし,メーカー公式アプリ対応機種一覧、ネットワーク設定ガイド、アプリ機能一覧,Wi-Fi搭載とアプリ対応、食材管理、通知、AIは別項目なので、アプリの対応型番表と機能対応表の両方が必要。
aqua,AQUA（アクア）,AQR-36A,aqua-aqr36a,smart,9. スマホ連携・IoT,iot-food,食材管理・庫内確認,低,AQUA 冷蔵庫総合カタログ 2026-2,26–28,確認済み一次資料に型番単位の明記なし,メーカー公式アプリ対応機種一覧、ネットワーク設定ガイド、アプリ機能一覧,Wi-Fi搭載とアプリ対応、食材管理、通知、AIは別項目なので、アプリの対応型番表と機能対応表の両方が必要。
aqua,AQUA（アクア）,AQR-36A,aqua-aqr36a,smart,9. スマホ連携・IoT,iot-monitoring,通知・見守り・遠隔操作,低,AQUA 冷蔵庫総合カタログ 2026-2,26–28,確認済み一次資料に型番単位の明記なし,メーカー公式アプリ対応機種一覧、ネットワーク設定ガイド、アプリ機能一覧,Wi-Fi搭載とアプリ対応、食材管理、通知、AIは別項目なので、アプリの対応型番表と機能対応表の両方が必要。
aqua,AQUA（アクア）,AQR-36A,aqua-aqr36a,smart,9. スマホ連携・IoT,iot-ai,AI・音声連携,低,AQUA 冷蔵庫総合カタログ 2026-2,26–28,確認済み一次資料に型番単位の明記なし,メーカー公式アプリ対応機種一覧、ネットワーク設定ガイド、アプリ機能一覧,Wi-Fi搭載とアプリ対応、食材管理、通知、AIは別項目なので、アプリの対応型番表と機能対応表の両方が必要。
aqua,AQUA（アクア）,AQR-S36A,aqua-aqrs36a,basic,1. 基本情報,door-type,ドア方式,低,AQUA 冷蔵庫総合カタログ 2026-2,26–28,確認済み一次資料に型番単位の明記なし,当該年式の公式商品ページ（アーカイブを含む）または色記号入り価格表,色名・発売月・シリーズ呼称は、総合カタログより個別商品ページや販売店向け価格表の方が型番単位で明記される可能性が高い。
aqua,AQUA（アクア）,AQR-S36A,aqua-aqrs36a,refrigeration,4. 冷蔵機能,fridge-storage,扉・棚・収納,低,AQUA 冷蔵庫総合カタログ 2026-2,26–28,確認済み一次資料に型番単位の明記なし,取扱説明書のチルド設定・棚組み替え・ドアポケット部品一覧、公式鮮度試験ページ,チルドの温度・保存期間と、棚やドアポケットの型番別構成は、機能訴求ページだけでなく説明書の設定・部品一覧で確定できる。
aqua,AQUA（アクア）,AQR-S36A,aqua-aqrs36a,refrigeration,4. 冷蔵機能,door-pocket,ドアポケット,低,AQUA 冷蔵庫総合カタログ 2026-2,26–28,確認済み一次資料に型番単位の明記なし,取扱説明書のチルド設定・棚組み替え・ドアポケット部品一覧、公式鮮度試験ページ,チルドの温度・保存期間と、棚やドアポケットの型番別構成は、機能訴求ページだけでなく説明書の設定・部品一覧で確定できる。
aqua,AQUA（アクア）,AQR-S36A,aqua-aqrs36a,refrigeration,4. 冷蔵機能,fridge-other,その他,低,AQUA 冷蔵庫総合カタログ 2026-2,26–28,確認済み一次資料に型番単位の明記なし,取扱説明書のチルド設定・棚組み替え・ドアポケット部品一覧、公式鮮度試験ページ,チルドの温度・保存期間と、棚やドアポケットの型番別構成は、機能訴求ページだけでなく説明書の設定・部品一覧で確定できる。
aqua,AQUA（アクア）,AQR-S36A,aqua-aqrs36a,freezing,5. 冷凍機能,freezer-other,その他,低,AQUA 冷蔵庫総合カタログ 2026-2,26–28,確認済み一次資料に型番単位の明記なし,型番別の冷凍・製氷機能比較表、冷凍室断面図、取扱説明書の運転モード一覧,特殊冷凍、小冷凍室、霜対策、収納段数、独立製氷室は別項目なので、型番別比較表と室構成図の両方が必要。
aqua,AQUA（アクア）,AQR-S36A,aqua-aqrs36a,clean,7. 清潔・お手入れ,clean-air,脱臭・除菌・抗菌,低,AQUA 冷蔵庫総合カタログ 2026-2,26–28,確認済み一次資料に型番単位の明記なし,公式機能比較表、除菌／抗菌の試験注記、取扱説明書のお手入れ章,脱臭・除菌・抗菌は意味が異なるため、試験対象部位と試験方法が明記された一次資料が必要。
aqua,AQUA（アクア）,AQR-S36A,aqua-aqrs36a,smart,9. スマホ連携・IoT,iot-connectivity,通信・対応アプリ,低,AQUA 冷蔵庫総合カタログ 2026-2,26–28,確認済み一次資料に型番単位の明記なし,メーカー公式アプリ対応機種一覧、ネットワーク設定ガイド、アプリ機能一覧,Wi-Fi搭載とアプリ対応、食材管理、通知、AIは別項目なので、アプリの対応型番表と機能対応表の両方が必要。
aqua,AQUA（アクア）,AQR-S36A,aqua-aqrs36a,smart,9. スマホ連携・IoT,iot-food,食材管理・庫内確認,低,AQUA 冷蔵庫総合カタログ 2026-2,26–28,確認済み一次資料に型番単位の明記なし,メーカー公式アプリ対応機種一覧、ネットワーク設定ガイド、アプリ機能一覧,Wi-Fi搭載とアプリ対応、食材管理、通知、AIは別項目なので、アプリの対応型番表と機能対応表の両方が必要。
aqua,AQUA（アクア）,AQR-S36A,aqua-aqrs36a,smart,9. スマホ連携・IoT,iot-monitoring,通知・見守り・遠隔操作,低,AQUA 冷蔵庫総合カタログ 2026-2,26–28,確認済み一次資料に型番単位の明記なし,メーカー公式アプリ対応機種一覧、ネットワーク設定ガイド、アプリ機能一覧,Wi-Fi搭載とアプリ対応、食材管理、通知、AIは別項目なので、アプリの対応型番表と機能対応表の両方が必要。
aqua,AQUA（アクア）,AQR-S36A,aqua-aqrs36a,smart,9. スマホ連携・IoT,iot-ai,AI・音声連携,低,AQUA 冷蔵庫総合カタログ 2026-2,26–28,確認済み一次資料に型番単位の明記なし,メーカー公式アプリ対応機種一覧、ネットワーク設定ガイド、アプリ機能一覧,Wi-Fi搭載とアプリ対応、食材管理、通知、AIは別項目なので、アプリの対応型番表と機能対応表の両方が必要。
aqua,AQUA（アクア）,AQR-36N2,aqua-aqr36n2,basic,1. 基本情報,colors,カラー,中,AQUA 冷蔵庫 公式製品情報,公式仕様ページ,対象年式が提供カタログ外、または型番別対応表が不足,当該年式の公式商品ページ（アーカイブを含む）または色記号入り価格表,色名・発売月・シリーズ呼称は、総合カタログより個別商品ページや販売店向け価格表の方が型番単位で明記される可能性が高い。
aqua,AQUA（アクア）,AQR-36N2,aqua-aqr36n2,basic,1. 基本情報,door-type,ドア方式,低,AQUA 冷蔵庫 公式製品情報,公式仕様ページ,対象年式が提供カタログ外、または型番別対応表が不足,当該年式の公式商品ページ（アーカイブを含む）または色記号入り価格表,色名・発売月・シリーズ呼称は、総合カタログより個別商品ページや販売店向け価格表の方が型番単位で明記される可能性が高い。
aqua,AQUA（アクア）,AQR-36N2,aqua-aqr36n2,size,2. サイズ・容量,chilled-capacity,チルドルーム容量,低,AQUA 冷蔵庫 公式製品情報,公式仕様ページ,対象年式が提供カタログ外、または型番別対応表が不足,公式仕様表、銘板画像、取扱説明書末尾の仕様欄,外形寸法・質量・室容量・省エネ基準値は、取扱説明書の仕様欄または本体銘板で確定できる。
aqua,AQUA（アクア）,AQR-36N2,aqua-aqr36n2,refrigeration,4. 冷蔵機能,fridge-storage,扉・棚・収納,低,AQUA 冷蔵庫 公式製品情報,公式仕様ページ,対象年式が提供カタログ外、または型番別対応表が不足,取扱説明書のチルド設定・棚組み替え・ドアポケット部品一覧、公式鮮度試験ページ,チルドの温度・保存期間と、棚やドアポケットの型番別構成は、機能訴求ページだけでなく説明書の設定・部品一覧で確定できる。
aqua,AQUA（アクア）,AQR-36N2,aqua-aqr36n2,refrigeration,4. 冷蔵機能,door-pocket,ドアポケット,低,AQUA 冷蔵庫 公式製品情報,公式仕様ページ,対象年式が提供カタログ外、または型番別対応表が不足,取扱説明書のチルド設定・棚組み替え・ドアポケット部品一覧、公式鮮度試験ページ,チルドの温度・保存期間と、棚やドアポケットの型番別構成は、機能訴求ページだけでなく説明書の設定・部品一覧で確定できる。
aqua,AQUA（アクア）,AQR-36N2,aqua-aqr36n2,refrigeration,4. 冷蔵機能,fridge-other,その他,低,AQUA 冷蔵庫 公式製品情報,公式仕様ページ,対象年式が提供カタログ外、または型番別対応表が不足,取扱説明書のチルド設定・棚組み替え・ドアポケット部品一覧、公式鮮度試験ページ,チルドの温度・保存期間と、棚やドアポケットの型番別構成は、機能訴求ページだけでなく説明書の設定・部品一覧で確定できる。
aqua,AQUA（アクア）,AQR-36N2,aqua-aqr36n2,freezing,5. 冷凍機能,freezer-other,その他,低,AQUA 冷蔵庫 公式製品情報,公式仕様ページ,対象年式が提供カタログ外、または型番別対応表が不足,型番別の冷凍・製氷機能比較表、冷凍室断面図、取扱説明書の運転モード一覧,特殊冷凍、小冷凍室、霜対策、収納段数、独立製氷室は別項目なので、型番別比較表と室構成図の両方が必要。
aqua,AQUA（アクア）,AQR-36N2,aqua-aqr36n2,clean,7. 清潔・お手入れ,clean-air,脱臭・除菌・抗菌,低,AQUA 冷蔵庫 公式製品情報,公式仕様ページ,対象年式が提供カタログ外、または型番別対応表が不足,公式機能比較表、除菌／抗菌の試験注記、取扱説明書のお手入れ章,脱臭・除菌・抗菌は意味が異なるため、試験対象部位と試験方法が明記された一次資料が必要。
aqua,AQUA（アクア）,AQR-36N2,aqua-aqr36n2,smart,9. スマホ連携・IoT,iot-connectivity,通信・対応アプリ,低,AQUA 冷蔵庫 公式製品情報,公式仕様ページ,対象年式が提供カタログ外、または型番別対応表が不足,メーカー公式アプリ対応機種一覧、ネットワーク設定ガイド、アプリ機能一覧,Wi-Fi搭載とアプリ対応、食材管理、通知、AIは別項目なので、アプリの対応型番表と機能対応表の両方が必要。
aqua,AQUA（アクア）,AQR-36N2,aqua-aqr36n2,smart,9. スマホ連携・IoT,iot-food,食材管理・庫内確認,低,AQUA 冷蔵庫 公式製品情報,公式仕様ページ,対象年式が提供カタログ外、または型番別対応表が不足,メーカー公式アプリ対応機種一覧、ネットワーク設定ガイド、アプリ機能一覧,Wi-Fi搭載とアプリ対応、食材管理、通知、AIは別項目なので、アプリの対応型番表と機能対応表の両方が必要。
aqua,AQUA（アクア）,AQR-36N2,aqua-aqr36n2,smart,9. スマホ連携・IoT,iot-monitoring,通知・見守り・遠隔操作,低,AQUA 冷蔵庫 公式製品情報,公式仕様ページ,対象年式が提供カタログ外、または型番別対応表が不足,メーカー公式アプリ対応機種一覧、ネットワーク設定ガイド、アプリ機能一覧,Wi-Fi搭載とアプリ対応、食材管理、通知、AIは別項目なので、アプリの対応型番表と機能対応表の両方が必要。
aqua,AQUA（アクア）,AQR-36N2,aqua-aqr36n2,smart,9. スマホ連携・IoT,iot-ai,AI・音声連携,低,AQUA 冷蔵庫 公式製品情報,公式仕様ページ,対象年式が提供カタログ外、または型番別対応表が不足,メーカー公式アプリ対応機種一覧、ネットワーク設定ガイド、アプリ機能一覧,Wi-Fi搭載とアプリ対応、食材管理、通知、AIは別項目なので、アプリの対応型番表と機能対応表の両方が必要。
aqua,AQUA（アクア）,AQR-31A,aqua-aqr-31a,basic,1. 基本情報,colors,カラー,中,AQUA 冷蔵庫総合カタログ 2026-2,1、19,確認済み一次資料に型番単位の明記なし,当該年式の公式商品ページ（アーカイブを含む）または色記号入り価格表,色名・発売月・シリーズ呼称は、総合カタログより個別商品ページや販売店向け価格表の方が型番単位で明記される可能性が高い。
aqua,AQUA（アクア）,AQR-31A,aqua-aqr-31a,refrigeration,4. 冷蔵機能,fridge-storage,扉・棚・収納,低,AQUA 冷蔵庫総合カタログ 2026-2,1、19,確認済み一次資料に型番単位の明記なし,取扱説明書のチルド設定・棚組み替え・ドアポケット部品一覧、公式鮮度試験ページ,チルドの温度・保存期間と、棚やドアポケットの型番別構成は、機能訴求ページだけでなく説明書の設定・部品一覧で確定できる。
aqua,AQUA（アクア）,AQR-31A,aqua-aqr-31a,refrigeration,4. 冷蔵機能,door-pocket,ドアポケット,低,AQUA 冷蔵庫総合カタログ 2026-2,1、19,確認済み一次資料に型番単位の明記なし,取扱説明書のチルド設定・棚組み替え・ドアポケット部品一覧、公式鮮度試験ページ,チルドの温度・保存期間と、棚やドアポケットの型番別構成は、機能訴求ページだけでなく説明書の設定・部品一覧で確定できる。
aqua,AQUA（アクア）,AQR-31A,aqua-aqr-31a,refrigeration,4. 冷蔵機能,fridge-other,その他,低,AQUA 冷蔵庫総合カタログ 2026-2,1、19,確認済み一次資料に型番単位の明記なし,取扱説明書のチルド設定・棚組み替え・ドアポケット部品一覧、公式鮮度試験ページ,チルドの温度・保存期間と、棚やドアポケットの型番別構成は、機能訴求ページだけでなく説明書の設定・部品一覧で確定できる。
aqua,AQUA（アクア）,AQR-31A,aqua-aqr-31a,freezing,5. 冷凍機能,special-freezing,特殊冷凍機能,低,AQUA 冷蔵庫総合カタログ 2026-2,1、19,確認済み一次資料に型番単位の明記なし,型番別の冷凍・製氷機能比較表、冷凍室断面図、取扱説明書の運転モード一覧,特殊冷凍、小冷凍室、霜対策、収納段数、独立製氷室は別項目なので、型番別比較表と室構成図の両方が必要。
aqua,AQUA（アクア）,AQR-31A,aqua-aqr-31a,freezing,5. 冷凍機能,frost-control,霜付き防止機能,低,AQUA 冷蔵庫総合カタログ 2026-2,1、19,確認済み一次資料に型番単位の明記なし,型番別の冷凍・製氷機能比較表、冷凍室断面図、取扱説明書の運転モード一覧,特殊冷凍、小冷凍室、霜対策、収納段数、独立製氷室は別項目なので、型番別比較表と室構成図の両方が必要。
aqua,AQUA（アクア）,AQR-31A,aqua-aqr-31a,freezing,5. 冷凍機能,freezer-storage,冷凍収納性,低,AQUA 冷蔵庫総合カタログ 2026-2,1、19,確認済み一次資料に型番単位の明記なし,型番別の冷凍・製氷機能比較表、冷凍室断面図、取扱説明書の運転モード一覧,特殊冷凍、小冷凍室、霜対策、収納段数、独立製氷室は別項目なので、型番別比較表と室構成図の両方が必要。
aqua,AQUA（アクア）,AQR-31A,aqua-aqr-31a,freezing,5. 冷凍機能,freezer-other,その他,低,AQUA 冷蔵庫総合カタログ 2026-2,1、19,確認済み一次資料に型番単位の明記なし,型番別の冷凍・製氷機能比較表、冷凍室断面図、取扱説明書の運転モード一覧,特殊冷凍、小冷凍室、霜対策、収納段数、独立製氷室は別項目なので、型番別比較表と室構成図の両方が必要。
aqua,AQUA（アクア）,AQR-31A,aqua-aqr-31a,clean,7. 清潔・お手入れ,clean-air,脱臭・除菌・抗菌,低,AQUA 冷蔵庫総合カタログ 2026-2,1、19,確認済み一次資料に型番単位の明記なし,公式機能比較表、除菌／抗菌の試験注記、取扱説明書のお手入れ章,脱臭・除菌・抗菌は意味が異なるため、試験対象部位と試験方法が明記された一次資料が必要。
aqua,AQUA（アクア）,AQR-31A,aqua-aqr-31a,clean,7. 清潔・お手入れ,maintenance,お手入れ,低,AQUA 冷蔵庫総合カタログ 2026-2,1、19,確認済み一次資料に型番単位の明記なし,公式機能比較表、除菌／抗菌の試験注記、取扱説明書のお手入れ章,脱臭・除菌・抗菌は意味が異なるため、試験対象部位と試験方法が明記された一次資料が必要。
aqua,AQUA（アクア）,AQR-31A,aqua-aqr-31a,energy,8. 省エネ性,energy-ai,省エネ運転・AI学習,低,AQUA 冷蔵庫総合カタログ 2026-2,1、19,確認済み一次資料に型番単位の明記なし,公式仕様表、省エネラベル、型番別機能比較表,年間消費電力量は仕様表、AI・センサーの有無は機能比較表、達成率は統一省エネラベルで確定できる。
aqua,AQUA（アクア）,AQR-31A,aqua-aqr-31a,smart,9. スマホ連携・IoT,iot-connectivity,通信・対応アプリ,低,AQUA 冷蔵庫総合カタログ 2026-2,1、19,確認済み一次資料に型番単位の明記なし,メーカー公式アプリ対応機種一覧、ネットワーク設定ガイド、アプリ機能一覧,Wi-Fi搭載とアプリ対応、食材管理、通知、AIは別項目なので、アプリの対応型番表と機能対応表の両方が必要。
aqua,AQUA（アクア）,AQR-31A,aqua-aqr-31a,smart,9. スマホ連携・IoT,iot-food,食材管理・庫内確認,低,AQUA 冷蔵庫総合カタログ 2026-2,1、19,確認済み一次資料に型番単位の明記なし,メーカー公式アプリ対応機種一覧、ネットワーク設定ガイド、アプリ機能一覧,Wi-Fi搭載とアプリ対応、食材管理、通知、AIは別項目なので、アプリの対応型番表と機能対応表の両方が必要。
aqua,AQUA（アクア）,AQR-31A,aqua-aqr-31a,smart,9. スマホ連携・IoT,iot-monitoring,通知・見守り・遠隔操作,低,AQUA 冷蔵庫総合カタログ 2026-2,1、19,確認済み一次資料に型番単位の明記なし,メーカー公式アプリ対応機種一覧、ネットワーク設定ガイド、アプリ機能一覧,Wi-Fi搭載とアプリ対応、食材管理、通知、AIは別項目なので、アプリの対応型番表と機能対応表の両方が必要。
aqua,AQUA（アクア）,AQR-31A,aqua-aqr-31a,smart,9. スマホ連携・IoT,iot-ai,AI・音声連携,低,AQUA 冷蔵庫総合カタログ 2026-2,1、19,確認済み一次資料に型番単位の明記なし,メーカー公式アプリ対応機種一覧、ネットワーク設定ガイド、アプリ機能一覧,Wi-Fi搭載とアプリ対応、食材管理、通知、AIは別項目なので、アプリの対応型番表と機能対応表の両方が必要。
hisense,Hisense（ハイセンス）,HR-DC450K,hisense-hrdc450k,refrigeration,4. 冷蔵機能,door-pocket,ドアポケット,低,Hisense 冷蔵庫総合カタログ 2026-04,10,確認済み一次資料に型番単位の明記なし,取扱説明書のチルド設定・棚組み替え・ドアポケット部品一覧、公式鮮度試験ページ,チルドの温度・保存期間と、棚やドアポケットの型番別構成は、機能訴求ページだけでなく説明書の設定・部品一覧で確定できる。
hisense,Hisense（ハイセンス）,HR-DC450K,hisense-hrdc450k,refrigeration,4. 冷蔵機能,fridge-other,その他,低,Hisense 冷蔵庫総合カタログ 2026-04,10,確認済み一次資料に型番単位の明記なし,取扱説明書のチルド設定・棚組み替え・ドアポケット部品一覧、公式鮮度試験ページ,チルドの温度・保存期間と、棚やドアポケットの型番別構成は、機能訴求ページだけでなく説明書の設定・部品一覧で確定できる。
hisense,Hisense（ハイセンス）,HR-DC450K,hisense-hrdc450k,freezing,5. 冷凍機能,frost-control,霜付き防止機能,低,Hisense 冷蔵庫総合カタログ 2026-04,10,確認済み一次資料に型番単位の明記なし,型番別の冷凍・製氷機能比較表、冷凍室断面図、取扱説明書の運転モード一覧,特殊冷凍、小冷凍室、霜対策、収納段数、独立製氷室は別項目なので、型番別比較表と室構成図の両方が必要。
hisense,Hisense（ハイセンス）,HR-DC450K,hisense-hrdc450k,freezing,5. 冷凍機能,freezer-other,その他,低,Hisense 冷蔵庫総合カタログ 2026-04,10,確認済み一次資料に型番単位の明記なし,型番別の冷凍・製氷機能比較表、冷凍室断面図、取扱説明書の運転モード一覧,特殊冷凍、小冷凍室、霜対策、収納段数、独立製氷室は別項目なので、型番別比較表と室構成図の両方が必要。
hisense,Hisense（ハイセンス）,HR-DC450K,hisense-hrdc450k,clean,7. 清潔・お手入れ,clean-air,脱臭・除菌・抗菌,低,Hisense 冷蔵庫総合カタログ 2026-04,10,確認済み一次資料に型番単位の明記なし,公式機能比較表、除菌／抗菌の試験注記、取扱説明書のお手入れ章,脱臭・除菌・抗菌は意味が異なるため、試験対象部位と試験方法が明記された一次資料が必要。
hisense,Hisense（ハイセンス）,HR-DC450K,hisense-hrdc450k,smart,9. スマホ連携・IoT,iot-connectivity,通信・対応アプリ,低,Hisense 冷蔵庫総合カタログ 2026-04,10,確認済み一次資料に型番単位の明記なし,メーカー公式アプリ対応機種一覧、ネットワーク設定ガイド、アプリ機能一覧,Wi-Fi搭載とアプリ対応、食材管理、通知、AIは別項目なので、アプリの対応型番表と機能対応表の両方が必要。
hisense,Hisense（ハイセンス）,HR-DC450K,hisense-hrdc450k,smart,9. スマホ連携・IoT,iot-food,食材管理・庫内確認,低,Hisense 冷蔵庫総合カタログ 2026-04,10,確認済み一次資料に型番単位の明記なし,メーカー公式アプリ対応機種一覧、ネットワーク設定ガイド、アプリ機能一覧,Wi-Fi搭載とアプリ対応、食材管理、通知、AIは別項目なので、アプリの対応型番表と機能対応表の両方が必要。
hisense,Hisense（ハイセンス）,HR-DC450K,hisense-hrdc450k,smart,9. スマホ連携・IoT,iot-monitoring,通知・見守り・遠隔操作,低,Hisense 冷蔵庫総合カタログ 2026-04,10,確認済み一次資料に型番単位の明記なし,メーカー公式アプリ対応機種一覧、ネットワーク設定ガイド、アプリ機能一覧,Wi-Fi搭載とアプリ対応、食材管理、通知、AIは別項目なので、アプリの対応型番表と機能対応表の両方が必要。
hisense,Hisense（ハイセンス）,HR-DC450K,hisense-hrdc450k,smart,9. スマホ連携・IoT,iot-ai,AI・音声連携,低,Hisense 冷蔵庫総合カタログ 2026-04,10,確認済み一次資料に型番単位の明記なし,メーカー公式アプリ対応機種一覧、ネットワーク設定ガイド、アプリ機能一覧,Wi-Fi搭載とアプリ対応、食材管理、通知、AIは別項目なので、アプリの対応型番表と機能対応表の両方が必要。
hisense,Hisense（ハイセンス）,HR-DCH450KK / KW,hisense-hr-dch450,refrigeration,4. 冷蔵機能,door-pocket,ドアポケット,低,Hisense 冷蔵庫総合カタログ 2026-04,10,確認済み一次資料に型番単位の明記なし,取扱説明書のチルド設定・棚組み替え・ドアポケット部品一覧、公式鮮度試験ページ,チルドの温度・保存期間と、棚やドアポケットの型番別構成は、機能訴求ページだけでなく説明書の設定・部品一覧で確定できる。
hisense,Hisense（ハイセンス）,HR-DCH450KK / KW,hisense-hr-dch450,refrigeration,4. 冷蔵機能,fridge-other,その他,低,Hisense 冷蔵庫総合カタログ 2026-04,10,確認済み一次資料に型番単位の明記なし,取扱説明書のチルド設定・棚組み替え・ドアポケット部品一覧、公式鮮度試験ページ,チルドの温度・保存期間と、棚やドアポケットの型番別構成は、機能訴求ページだけでなく説明書の設定・部品一覧で確定できる。
hisense,Hisense（ハイセンス）,HR-DCH450KK / KW,hisense-hr-dch450,freezing,5. 冷凍機能,frost-control,霜付き防止機能,低,Hisense 冷蔵庫総合カタログ 2026-04,10,確認済み一次資料に型番単位の明記なし,型番別の冷凍・製氷機能比較表、冷凍室断面図、取扱説明書の運転モード一覧,特殊冷凍、小冷凍室、霜対策、収納段数、独立製氷室は別項目なので、型番別比較表と室構成図の両方が必要。
hisense,Hisense（ハイセンス）,HR-DCH450KK / KW,hisense-hr-dch450,freezing,5. 冷凍機能,freezer-other,その他,低,Hisense 冷蔵庫総合カタログ 2026-04,10,確認済み一次資料に型番単位の明記なし,型番別の冷凍・製氷機能比較表、冷凍室断面図、取扱説明書の運転モード一覧,特殊冷凍、小冷凍室、霜対策、収納段数、独立製氷室は別項目なので、型番別比較表と室構成図の両方が必要。
hisense,Hisense（ハイセンス）,HR-DCH450KK / KW,hisense-hr-dch450,smart,9. スマホ連携・IoT,iot-ai,AI・音声連携,低,Hisense 冷蔵庫総合カタログ 2026-04,10,確認済み一次資料に型番単位の明記なし,メーカー公式アプリ対応機種一覧、ネットワーク設定ガイド、アプリ機能一覧,Wi-Fi搭載とアプリ対応、食材管理、通知、AIは別項目なので、アプリの対応型番表と機能対応表の両方が必要。
hisense,Hisense（ハイセンス）,HR-GC360KW / KB,hisense-hr-gc360,refrigeration,4. 冷蔵機能,door-pocket,ドアポケット,低,Hisense 冷蔵庫総合カタログ 2026-04,10,確認済み一次資料に型番単位の明記なし,取扱説明書のチルド設定・棚組み替え・ドアポケット部品一覧、公式鮮度試験ページ,チルドの温度・保存期間と、棚やドアポケットの型番別構成は、機能訴求ページだけでなく説明書の設定・部品一覧で確定できる。
hisense,Hisense（ハイセンス）,HR-GC360KW / KB,hisense-hr-gc360,refrigeration,4. 冷蔵機能,fridge-other,その他,低,Hisense 冷蔵庫総合カタログ 2026-04,10,確認済み一次資料に型番単位の明記なし,取扱説明書のチルド設定・棚組み替え・ドアポケット部品一覧、公式鮮度試験ページ,チルドの温度・保存期間と、棚やドアポケットの型番別構成は、機能訴求ページだけでなく説明書の設定・部品一覧で確定できる。
hisense,Hisense（ハイセンス）,HR-GC360KW / KB,hisense-hr-gc360,freezing,5. 冷凍機能,frost-control,霜付き防止機能,低,Hisense 冷蔵庫総合カタログ 2026-04,10,確認済み一次資料に型番単位の明記なし,型番別の冷凍・製氷機能比較表、冷凍室断面図、取扱説明書の運転モード一覧,特殊冷凍、小冷凍室、霜対策、収納段数、独立製氷室は別項目なので、型番別比較表と室構成図の両方が必要。
hisense,Hisense（ハイセンス）,HR-GC360KW / KB,hisense-hr-gc360,freezing,5. 冷凍機能,freezer-other,その他,低,Hisense 冷蔵庫総合カタログ 2026-04,10,確認済み一次資料に型番単位の明記なし,型番別の冷凍・製氷機能比較表、冷凍室断面図、取扱説明書の運転モード一覧,特殊冷凍、小冷凍室、霜対策、収納段数、独立製氷室は別項目なので、型番別比較表と室構成図の両方が必要。
hisense,Hisense（ハイセンス）,HR-GC360KW / KB,hisense-hr-gc360,smart,9. スマホ連携・IoT,iot-connectivity,通信・対応アプリ,低,Hisense 冷蔵庫総合カタログ 2026-04,10,確認済み一次資料に型番単位の明記なし,メーカー公式アプリ対応機種一覧、ネットワーク設定ガイド、アプリ機能一覧,Wi-Fi搭載とアプリ対応、食材管理、通知、AIは別項目なので、アプリの対応型番表と機能対応表の両方が必要。
hisense,Hisense（ハイセンス）,HR-GC360KW / KB,hisense-hr-gc360,smart,9. スマホ連携・IoT,iot-food,食材管理・庫内確認,低,Hisense 冷蔵庫総合カタログ 2026-04,10,確認済み一次資料に型番単位の明記なし,メーカー公式アプリ対応機種一覧、ネットワーク設定ガイド、アプリ機能一覧,Wi-Fi搭載とアプリ対応、食材管理、通知、AIは別項目なので、アプリの対応型番表と機能対応表の両方が必要。
hisense,Hisense（ハイセンス）,HR-GC360KW / KB,hisense-hr-gc360,smart,9. スマホ連携・IoT,iot-monitoring,通知・見守り・遠隔操作,低,Hisense 冷蔵庫総合カタログ 2026-04,10,確認済み一次資料に型番単位の明記なし,メーカー公式アプリ対応機種一覧、ネットワーク設定ガイド、アプリ機能一覧,Wi-Fi搭載とアプリ対応、食材管理、通知、AIは別項目なので、アプリの対応型番表と機能対応表の両方が必要。
hisense,Hisense（ハイセンス）,HR-GC360KW / KB,hisense-hr-gc360,smart,9. スマホ連携・IoT,iot-ai,AI・音声連携,低,Hisense 冷蔵庫総合カタログ 2026-04,10,確認済み一次資料に型番単位の明記なし,メーカー公式アプリ対応機種一覧、ネットワーク設定ガイド、アプリ機能一覧,Wi-Fi搭載とアプリ対応、食材管理、通知、AIは別項目なので、アプリの対応型番表と機能対応表の両方が必要。
haier,Haier（ハイアール）,JR-GX47B,haier-jrgx47b,size,2. サイズ・容量,chilled-capacity,チルドルーム容量,低,Haier 冷蔵庫・冷凍庫総合カタログ 2026-04,20、22,確認済み一次資料に型番単位の明記なし,公式仕様表、銘板画像、取扱説明書末尾の仕様欄,外形寸法・質量・室容量・省エネ基準値は、取扱説明書の仕様欄または本体銘板で確定できる。
haier,Haier（ハイアール）,JR-GX47B,haier-jrgx47b,refrigeration,4. 冷蔵機能,door-pocket,ドアポケット,低,Haier 冷蔵庫・冷凍庫総合カタログ 2026-04,20、22,確認済み一次資料に型番単位の明記なし,取扱説明書のチルド設定・棚組み替え・ドアポケット部品一覧、公式鮮度試験ページ,チルドの温度・保存期間と、棚やドアポケットの型番別構成は、機能訴求ページだけでなく説明書の設定・部品一覧で確定できる。
haier,Haier（ハイアール）,JR-GX47B,haier-jrgx47b,freezing,5. 冷凍機能,frost-control,霜付き防止機能,低,Haier 冷蔵庫・冷凍庫総合カタログ 2026-04,20、22,確認済み一次資料に型番単位の明記なし,型番別の冷凍・製氷機能比較表、冷凍室断面図、取扱説明書の運転モード一覧,特殊冷凍、小冷凍室、霜対策、収納段数、独立製氷室は別項目なので、型番別比較表と室構成図の両方が必要。
haier,Haier（ハイアール）,JR-GX47B,haier-jrgx47b,freezing,5. 冷凍機能,freezer-other,その他,低,Haier 冷蔵庫・冷凍庫総合カタログ 2026-04,20、22,確認済み一次資料に型番単位の明記なし,型番別の冷凍・製氷機能比較表、冷凍室断面図、取扱説明書の運転モード一覧,特殊冷凍、小冷凍室、霜対策、収納段数、独立製氷室は別項目なので、型番別比較表と室構成図の両方が必要。
haier,Haier（ハイアール）,JR-GX47B,haier-jrgx47b,vegetables,6. 野菜保存,vegetable-freshness,鮮度保存,低,Haier 冷蔵庫・冷凍庫総合カタログ 2026-04,20、22,確認済み一次資料に型番単位の明記なし,公式鮮度試験ページ、野菜室断面図、機能比較表,湿度制御・エチレン分解・密閉構造は別機能なので、試験条件または部材名まで示す公式技術ページが必要。
haier,Haier（ハイアール）,JR-GX47B,haier-jrgx47b,clean,7. 清潔・お手入れ,clean-air,脱臭・除菌・抗菌,低,Haier 冷蔵庫・冷凍庫総合カタログ 2026-04,20、22,確認済み一次資料に型番単位の明記なし,公式機能比較表、除菌／抗菌の試験注記、取扱説明書のお手入れ章,脱臭・除菌・抗菌は意味が異なるため、試験対象部位と試験方法が明記された一次資料が必要。
haier,Haier（ハイアール）,JR-GX47B,haier-jrgx47b,clean,7. 清潔・お手入れ,maintenance,お手入れ,低,Haier 冷蔵庫・冷凍庫総合カタログ 2026-04,20、22,確認済み一次資料に型番単位の明記なし,公式機能比較表、除菌／抗菌の試験注記、取扱説明書のお手入れ章,脱臭・除菌・抗菌は意味が異なるため、試験対象部位と試験方法が明記された一次資料が必要。
haier,Haier（ハイアール）,JR-GX47B,haier-jrgx47b,energy,8. 省エネ性,energy-ai,省エネ運転・AI学習,低,Haier 冷蔵庫・冷凍庫総合カタログ 2026-04,20、22,確認済み一次資料に型番単位の明記なし,公式仕様表、省エネラベル、型番別機能比較表,年間消費電力量は仕様表、AI・センサーの有無は機能比較表、達成率は統一省エネラベルで確定できる。
haier,Haier（ハイアール）,JR-GX47B,haier-jrgx47b,smart,9. スマホ連携・IoT,iot-connectivity,通信・対応アプリ,低,Haier 冷蔵庫・冷凍庫総合カタログ 2026-04,20、22,確認済み一次資料に型番単位の明記なし,メーカー公式アプリ対応機種一覧、ネットワーク設定ガイド、アプリ機能一覧,Wi-Fi搭載とアプリ対応、食材管理、通知、AIは別項目なので、アプリの対応型番表と機能対応表の両方が必要。
haier,Haier（ハイアール）,JR-GX47B,haier-jrgx47b,smart,9. スマホ連携・IoT,iot-food,食材管理・庫内確認,低,Haier 冷蔵庫・冷凍庫総合カタログ 2026-04,20、22,確認済み一次資料に型番単位の明記なし,メーカー公式アプリ対応機種一覧、ネットワーク設定ガイド、アプリ機能一覧,Wi-Fi搭載とアプリ対応、食材管理、通知、AIは別項目なので、アプリの対応型番表と機能対応表の両方が必要。
haier,Haier（ハイアール）,JR-GX47B,haier-jrgx47b,smart,9. スマホ連携・IoT,iot-monitoring,通知・見守り・遠隔操作,低,Haier 冷蔵庫・冷凍庫総合カタログ 2026-04,20、22,確認済み一次資料に型番単位の明記なし,メーカー公式アプリ対応機種一覧、ネットワーク設定ガイド、アプリ機能一覧,Wi-Fi搭載とアプリ対応、食材管理、通知、AIは別項目なので、アプリの対応型番表と機能対応表の両方が必要。
haier,Haier（ハイアール）,JR-GX47B,haier-jrgx47b,smart,9. スマホ連携・IoT,iot-ai,AI・音声連携,低,Haier 冷蔵庫・冷凍庫総合カタログ 2026-04,20、22,確認済み一次資料に型番単位の明記なし,メーカー公式アプリ対応機種一覧、ネットワーク設定ガイド、アプリ機能一覧,Wi-Fi搭載とアプリ対応、食材管理、通知、AIは別項目なので、アプリの対応型番表と機能対応表の両方が必要。
haier,Haier（ハイアール）,JR-LX45A,haier-jrlx45a,size,2. サイズ・容量,chilled-capacity,チルドルーム容量,低,Haier 冷蔵庫・冷凍庫総合カタログ 2026-04,20、22,確認済み一次資料に型番単位の明記なし,公式仕様表、銘板画像、取扱説明書末尾の仕様欄,外形寸法・質量・室容量・省エネ基準値は、取扱説明書の仕様欄または本体銘板で確定できる。
haier,Haier（ハイアール）,JR-LX45A,haier-jrlx45a,refrigeration,4. 冷蔵機能,door-pocket,ドアポケット,低,Haier 冷蔵庫・冷凍庫総合カタログ 2026-04,20、22,確認済み一次資料に型番単位の明記なし,取扱説明書のチルド設定・棚組み替え・ドアポケット部品一覧、公式鮮度試験ページ,チルドの温度・保存期間と、棚やドアポケットの型番別構成は、機能訴求ページだけでなく説明書の設定・部品一覧で確定できる。
haier,Haier（ハイアール）,JR-LX45A,haier-jrlx45a,refrigeration,4. 冷蔵機能,fridge-other,その他,低,Haier 冷蔵庫・冷凍庫総合カタログ 2026-04,20、22,確認済み一次資料に型番単位の明記なし,取扱説明書のチルド設定・棚組み替え・ドアポケット部品一覧、公式鮮度試験ページ,チルドの温度・保存期間と、棚やドアポケットの型番別構成は、機能訴求ページだけでなく説明書の設定・部品一覧で確定できる。
haier,Haier（ハイアール）,JR-LX45A,haier-jrlx45a,freezing,5. 冷凍機能,special-freezing,特殊冷凍機能,低,Haier 冷蔵庫・冷凍庫総合カタログ 2026-04,20、22,確認済み一次資料に型番単位の明記なし,型番別の冷凍・製氷機能比較表、冷凍室断面図、取扱説明書の運転モード一覧,特殊冷凍、小冷凍室、霜対策、収納段数、独立製氷室は別項目なので、型番別比較表と室構成図の両方が必要。
haier,Haier（ハイアール）,JR-LX45A,haier-jrlx45a,freezing,5. 冷凍機能,frost-control,霜付き防止機能,低,Haier 冷蔵庫・冷凍庫総合カタログ 2026-04,20、22,確認済み一次資料に型番単位の明記なし,型番別の冷凍・製氷機能比較表、冷凍室断面図、取扱説明書の運転モード一覧,特殊冷凍、小冷凍室、霜対策、収納段数、独立製氷室は別項目なので、型番別比較表と室構成図の両方が必要。
haier,Haier（ハイアール）,JR-LX45A,haier-jrlx45a,freezing,5. 冷凍機能,freezer-other,その他,低,Haier 冷蔵庫・冷凍庫総合カタログ 2026-04,20、22,確認済み一次資料に型番単位の明記なし,型番別の冷凍・製氷機能比較表、冷凍室断面図、取扱説明書の運転モード一覧,特殊冷凍、小冷凍室、霜対策、収納段数、独立製氷室は別項目なので、型番別比較表と室構成図の両方が必要。
haier,Haier（ハイアール）,JR-LX45A,haier-jrlx45a,clean,7. 清潔・お手入れ,maintenance,お手入れ,低,Haier 冷蔵庫・冷凍庫総合カタログ 2026-04,20、22,確認済み一次資料に型番単位の明記なし,公式機能比較表、除菌／抗菌の試験注記、取扱説明書のお手入れ章,脱臭・除菌・抗菌は意味が異なるため、試験対象部位と試験方法が明記された一次資料が必要。
haier,Haier（ハイアール）,JR-LX45A,haier-jrlx45a,energy,8. 省エネ性,energy-ai,省エネ運転・AI学習,低,Haier 冷蔵庫・冷凍庫総合カタログ 2026-04,20、22,確認済み一次資料に型番単位の明記なし,公式仕様表、省エネラベル、型番別機能比較表,年間消費電力量は仕様表、AI・センサーの有無は機能比較表、達成率は統一省エネラベルで確定できる。
haier,Haier（ハイアール）,JR-LX45A,haier-jrlx45a,smart,9. スマホ連携・IoT,iot-connectivity,通信・対応アプリ,低,Haier 冷蔵庫・冷凍庫総合カタログ 2026-04,20、22,確認済み一次資料に型番単位の明記なし,メーカー公式アプリ対応機種一覧、ネットワーク設定ガイド、アプリ機能一覧,Wi-Fi搭載とアプリ対応、食材管理、通知、AIは別項目なので、アプリの対応型番表と機能対応表の両方が必要。
haier,Haier（ハイアール）,JR-LX45A,haier-jrlx45a,smart,9. スマホ連携・IoT,iot-food,食材管理・庫内確認,低,Haier 冷蔵庫・冷凍庫総合カタログ 2026-04,20、22,確認済み一次資料に型番単位の明記なし,メーカー公式アプリ対応機種一覧、ネットワーク設定ガイド、アプリ機能一覧,Wi-Fi搭載とアプリ対応、食材管理、通知、AIは別項目なので、アプリの対応型番表と機能対応表の両方が必要。
haier,Haier（ハイアール）,JR-LX45A,haier-jrlx45a,smart,9. スマホ連携・IoT,iot-monitoring,通知・見守り・遠隔操作,低,Haier 冷蔵庫・冷凍庫総合カタログ 2026-04,20、22,確認済み一次資料に型番単位の明記なし,メーカー公式アプリ対応機種一覧、ネットワーク設定ガイド、アプリ機能一覧,Wi-Fi搭載とアプリ対応、食材管理、通知、AIは別項目なので、アプリの対応型番表と機能対応表の両方が必要。
haier,Haier（ハイアール）,JR-LX45A,haier-jrlx45a,smart,9. スマホ連携・IoT,iot-ai,AI・音声連携,低,Haier 冷蔵庫・冷凍庫総合カタログ 2026-04,20、22,確認済み一次資料に型番単位の明記なし,メーカー公式アプリ対応機種一覧、ネットワーク設定ガイド、アプリ機能一覧,Wi-Fi搭載とアプリ対応、食材管理、通知、AIは別項目なので、アプリの対応型番表と機能対応表の両方が必要。
haier,Haier（ハイアール）,JR-G41A,haier-jrg41a,size,2. サイズ・容量,chilled-capacity,チルドルーム容量,低,Haier 冷蔵庫・冷凍庫総合カタログ 2026-04,20、22,確認済み一次資料に型番単位の明記なし,公式仕様表、銘板画像、取扱説明書末尾の仕様欄,外形寸法・質量・室容量・省エネ基準値は、取扱説明書の仕様欄または本体銘板で確定できる。
haier,Haier（ハイアール）,JR-G41A,haier-jrg41a,refrigeration,4. 冷蔵機能,door-pocket,ドアポケット,低,Haier 冷蔵庫・冷凍庫総合カタログ 2026-04,20、22,確認済み一次資料に型番単位の明記なし,取扱説明書のチルド設定・棚組み替え・ドアポケット部品一覧、公式鮮度試験ページ,チルドの温度・保存期間と、棚やドアポケットの型番別構成は、機能訴求ページだけでなく説明書の設定・部品一覧で確定できる。
haier,Haier（ハイアール）,JR-G41A,haier-jrg41a,refrigeration,4. 冷蔵機能,fridge-other,その他,低,Haier 冷蔵庫・冷凍庫総合カタログ 2026-04,20、22,確認済み一次資料に型番単位の明記なし,取扱説明書のチルド設定・棚組み替え・ドアポケット部品一覧、公式鮮度試験ページ,チルドの温度・保存期間と、棚やドアポケットの型番別構成は、機能訴求ページだけでなく説明書の設定・部品一覧で確定できる。
haier,Haier（ハイアール）,JR-G41A,haier-jrg41a,freezing,5. 冷凍機能,frost-control,霜付き防止機能,低,Haier 冷蔵庫・冷凍庫総合カタログ 2026-04,20、22,確認済み一次資料に型番単位の明記なし,型番別の冷凍・製氷機能比較表、冷凍室断面図、取扱説明書の運転モード一覧,特殊冷凍、小冷凍室、霜対策、収納段数、独立製氷室は別項目なので、型番別比較表と室構成図の両方が必要。
haier,Haier（ハイアール）,JR-G41A,haier-jrg41a,freezing,5. 冷凍機能,freezer-other,その他,低,Haier 冷蔵庫・冷凍庫総合カタログ 2026-04,20、22,確認済み一次資料に型番単位の明記なし,型番別の冷凍・製氷機能比較表、冷凍室断面図、取扱説明書の運転モード一覧,特殊冷凍、小冷凍室、霜対策、収納段数、独立製氷室は別項目なので、型番別比較表と室構成図の両方が必要。
haier,Haier（ハイアール）,JR-G41A,haier-jrg41a,vegetables,6. 野菜保存,vegetable-freshness,鮮度保存,低,Haier 冷蔵庫・冷凍庫総合カタログ 2026-04,20、22,確認済み一次資料に型番単位の明記なし,公式鮮度試験ページ、野菜室断面図、機能比較表,湿度制御・エチレン分解・密閉構造は別機能なので、試験条件または部材名まで示す公式技術ページが必要。
haier,Haier（ハイアール）,JR-G41A,haier-jrg41a,clean,7. 清潔・お手入れ,clean-air,脱臭・除菌・抗菌,低,Haier 冷蔵庫・冷凍庫総合カタログ 2026-04,20、22,確認済み一次資料に型番単位の明記なし,公式機能比較表、除菌／抗菌の試験注記、取扱説明書のお手入れ章,脱臭・除菌・抗菌は意味が異なるため、試験対象部位と試験方法が明記された一次資料が必要。
haier,Haier（ハイアール）,JR-G41A,haier-jrg41a,clean,7. 清潔・お手入れ,maintenance,お手入れ,低,Haier 冷蔵庫・冷凍庫総合カタログ 2026-04,20、22,確認済み一次資料に型番単位の明記なし,公式機能比較表、除菌／抗菌の試験注記、取扱説明書のお手入れ章,脱臭・除菌・抗菌は意味が異なるため、試験対象部位と試験方法が明記された一次資料が必要。
haier,Haier（ハイアール）,JR-G41A,haier-jrg41a,energy,8. 省エネ性,energy-ai,省エネ運転・AI学習,低,Haier 冷蔵庫・冷凍庫総合カタログ 2026-04,20、22,確認済み一次資料に型番単位の明記なし,公式仕様表、省エネラベル、型番別機能比較表,年間消費電力量は仕様表、AI・センサーの有無は機能比較表、達成率は統一省エネラベルで確定できる。
haier,Haier（ハイアール）,JR-G41A,haier-jrg41a,smart,9. スマホ連携・IoT,iot-connectivity,通信・対応アプリ,低,Haier 冷蔵庫・冷凍庫総合カタログ 2026-04,20、22,確認済み一次資料に型番単位の明記なし,メーカー公式アプリ対応機種一覧、ネットワーク設定ガイド、アプリ機能一覧,Wi-Fi搭載とアプリ対応、食材管理、通知、AIは別項目なので、アプリの対応型番表と機能対応表の両方が必要。
haier,Haier（ハイアール）,JR-G41A,haier-jrg41a,smart,9. スマホ連携・IoT,iot-food,食材管理・庫内確認,低,Haier 冷蔵庫・冷凍庫総合カタログ 2026-04,20、22,確認済み一次資料に型番単位の明記なし,メーカー公式アプリ対応機種一覧、ネットワーク設定ガイド、アプリ機能一覧,Wi-Fi搭載とアプリ対応、食材管理、通知、AIは別項目なので、アプリの対応型番表と機能対応表の両方が必要。
haier,Haier（ハイアール）,JR-G41A,haier-jrg41a,smart,9. スマホ連携・IoT,iot-monitoring,通知・見守り・遠隔操作,低,Haier 冷蔵庫・冷凍庫総合カタログ 2026-04,20、22,確認済み一次資料に型番単位の明記なし,メーカー公式アプリ対応機種一覧、ネットワーク設定ガイド、アプリ機能一覧,Wi-Fi搭載とアプリ対応、食材管理、通知、AIは別項目なので、アプリの対応型番表と機能対応表の両方が必要。
haier,Haier（ハイアール）,JR-G41A,haier-jrg41a,smart,9. スマホ連携・IoT,iot-ai,AI・音声連携,低,Haier 冷蔵庫・冷凍庫総合カタログ 2026-04,20、22,確認済み一次資料に型番単位の明記なし,メーカー公式アプリ対応機種一覧、ネットワーク設定ガイド、アプリ機能一覧,Wi-Fi搭載とアプリ対応、食材管理、通知、AIは別項目なので、アプリの対応型番表と機能対応表の両方が必要。
haier,Haier（ハイアール）,JR-CVM38A,haier-jrcvm38a,size,2. サイズ・容量,chilled-capacity,チルドルーム容量,低,Haier 冷蔵庫・冷凍庫総合カタログ 2026-04,20、22,確認済み一次資料に型番単位の明記なし,公式仕様表、銘板画像、取扱説明書末尾の仕様欄,外形寸法・質量・室容量・省エネ基準値は、取扱説明書の仕様欄または本体銘板で確定できる。
haier,Haier（ハイアール）,JR-CVM38A,haier-jrcvm38a,refrigeration,4. 冷蔵機能,door-pocket,ドアポケット,低,Haier 冷蔵庫・冷凍庫総合カタログ 2026-04,20、22,確認済み一次資料に型番単位の明記なし,取扱説明書のチルド設定・棚組み替え・ドアポケット部品一覧、公式鮮度試験ページ,チルドの温度・保存期間と、棚やドアポケットの型番別構成は、機能訴求ページだけでなく説明書の設定・部品一覧で確定できる。
haier,Haier（ハイアール）,JR-CVM38A,haier-jrcvm38a,refrigeration,4. 冷蔵機能,fridge-other,その他,低,Haier 冷蔵庫・冷凍庫総合カタログ 2026-04,20、22,確認済み一次資料に型番単位の明記なし,取扱説明書のチルド設定・棚組み替え・ドアポケット部品一覧、公式鮮度試験ページ,チルドの温度・保存期間と、棚やドアポケットの型番別構成は、機能訴求ページだけでなく説明書の設定・部品一覧で確定できる。
haier,Haier（ハイアール）,JR-CVM38A,haier-jrcvm38a,freezing,5. 冷凍機能,frost-control,霜付き防止機能,低,Haier 冷蔵庫・冷凍庫総合カタログ 2026-04,20、22,確認済み一次資料に型番単位の明記なし,型番別の冷凍・製氷機能比較表、冷凍室断面図、取扱説明書の運転モード一覧,特殊冷凍、小冷凍室、霜対策、収納段数、独立製氷室は別項目なので、型番別比較表と室構成図の両方が必要。
haier,Haier（ハイアール）,JR-CVM38A,haier-jrcvm38a,clean,7. 清潔・お手入れ,clean-air,脱臭・除菌・抗菌,低,Haier 冷蔵庫・冷凍庫総合カタログ 2026-04,20、22,確認済み一次資料に型番単位の明記なし,公式機能比較表、除菌／抗菌の試験注記、取扱説明書のお手入れ章,脱臭・除菌・抗菌は意味が異なるため、試験対象部位と試験方法が明記された一次資料が必要。
haier,Haier（ハイアール）,JR-CVM38A,haier-jrcvm38a,clean,7. 清潔・お手入れ,maintenance,お手入れ,低,Haier 冷蔵庫・冷凍庫総合カタログ 2026-04,20、22,確認済み一次資料に型番単位の明記なし,公式機能比較表、除菌／抗菌の試験注記、取扱説明書のお手入れ章,脱臭・除菌・抗菌は意味が異なるため、試験対象部位と試験方法が明記された一次資料が必要。
haier,Haier（ハイアール）,JR-CVM38A,haier-jrcvm38a,energy,8. 省エネ性,energy-ai,省エネ運転・AI学習,低,Haier 冷蔵庫・冷凍庫総合カタログ 2026-04,20、22,確認済み一次資料に型番単位の明記なし,公式仕様表、省エネラベル、型番別機能比較表,年間消費電力量は仕様表、AI・センサーの有無は機能比較表、達成率は統一省エネラベルで確定できる。
haier,Haier（ハイアール）,JR-CVM38A,haier-jrcvm38a,smart,9. スマホ連携・IoT,iot-connectivity,通信・対応アプリ,低,Haier 冷蔵庫・冷凍庫総合カタログ 2026-04,20、22,確認済み一次資料に型番単位の明記なし,メーカー公式アプリ対応機種一覧、ネットワーク設定ガイド、アプリ機能一覧,Wi-Fi搭載とアプリ対応、食材管理、通知、AIは別項目なので、アプリの対応型番表と機能対応表の両方が必要。
haier,Haier（ハイアール）,JR-CVM38A,haier-jrcvm38a,smart,9. スマホ連携・IoT,iot-food,食材管理・庫内確認,低,Haier 冷蔵庫・冷凍庫総合カタログ 2026-04,20、22,確認済み一次資料に型番単位の明記なし,メーカー公式アプリ対応機種一覧、ネットワーク設定ガイド、アプリ機能一覧,Wi-Fi搭載とアプリ対応、食材管理、通知、AIは別項目なので、アプリの対応型番表と機能対応表の両方が必要。
haier,Haier（ハイアール）,JR-CVM38A,haier-jrcvm38a,smart,9. スマホ連携・IoT,iot-monitoring,通知・見守り・遠隔操作,低,Haier 冷蔵庫・冷凍庫総合カタログ 2026-04,20、22,確認済み一次資料に型番単位の明記なし,メーカー公式アプリ対応機種一覧、ネットワーク設定ガイド、アプリ機能一覧,Wi-Fi搭載とアプリ対応、食材管理、通知、AIは別項目なので、アプリの対応型番表と機能対応表の両方が必要。
haier,Haier（ハイアール）,JR-CVM38A,haier-jrcvm38a,smart,9. スマホ連携・IoT,iot-ai,AI・音声連携,低,Haier 冷蔵庫・冷凍庫総合カタログ 2026-04,20、22,確認済み一次資料に型番単位の明記なし,メーカー公式アプリ対応機種一覧、ネットワーク設定ガイド、アプリ機能一覧,Wi-Fi搭載とアプリ対応、食材管理、通知、AIは別項目なので、アプリの対応型番表と機能対応表の両方が必要。
haier,Haier（ハイアール）,JR-M36A,haier-jrm36a,size,2. サイズ・容量,chilled-capacity,チルドルーム容量,低,Haier 冷蔵庫・冷凍庫総合カタログ 2026-04,20、22,確認済み一次資料に型番単位の明記なし,公式仕様表、銘板画像、取扱説明書末尾の仕様欄,外形寸法・質量・室容量・省エネ基準値は、取扱説明書の仕様欄または本体銘板で確定できる。
haier,Haier（ハイアール）,JR-M36A,haier-jrm36a,refrigeration,4. 冷蔵機能,door-pocket,ドアポケット,低,Haier 冷蔵庫・冷凍庫総合カタログ 2026-04,20、22,確認済み一次資料に型番単位の明記なし,取扱説明書のチルド設定・棚組み替え・ドアポケット部品一覧、公式鮮度試験ページ,チルドの温度・保存期間と、棚やドアポケットの型番別構成は、機能訴求ページだけでなく説明書の設定・部品一覧で確定できる。
haier,Haier（ハイアール）,JR-M36A,haier-jrm36a,refrigeration,4. 冷蔵機能,fridge-other,その他,低,Haier 冷蔵庫・冷凍庫総合カタログ 2026-04,20、22,確認済み一次資料に型番単位の明記なし,取扱説明書のチルド設定・棚組み替え・ドアポケット部品一覧、公式鮮度試験ページ,チルドの温度・保存期間と、棚やドアポケットの型番別構成は、機能訴求ページだけでなく説明書の設定・部品一覧で確定できる。
haier,Haier（ハイアール）,JR-M36A,haier-jrm36a,freezing,5. 冷凍機能,special-freezing,特殊冷凍機能,低,Haier 冷蔵庫・冷凍庫総合カタログ 2026-04,20、22,確認済み一次資料に型番単位の明記なし,型番別の冷凍・製氷機能比較表、冷凍室断面図、取扱説明書の運転モード一覧,特殊冷凍、小冷凍室、霜対策、収納段数、独立製氷室は別項目なので、型番別比較表と室構成図の両方が必要。
haier,Haier（ハイアール）,JR-M36A,haier-jrm36a,freezing,5. 冷凍機能,frost-control,霜付き防止機能,低,Haier 冷蔵庫・冷凍庫総合カタログ 2026-04,20、22,確認済み一次資料に型番単位の明記なし,型番別の冷凍・製氷機能比較表、冷凍室断面図、取扱説明書の運転モード一覧,特殊冷凍、小冷凍室、霜対策、収納段数、独立製氷室は別項目なので、型番別比較表と室構成図の両方が必要。
haier,Haier（ハイアール）,JR-M36A,haier-jrm36a,freezing,5. 冷凍機能,freezer-other,その他,低,Haier 冷蔵庫・冷凍庫総合カタログ 2026-04,20、22,確認済み一次資料に型番単位の明記なし,型番別の冷凍・製氷機能比較表、冷凍室断面図、取扱説明書の運転モード一覧,特殊冷凍、小冷凍室、霜対策、収納段数、独立製氷室は別項目なので、型番別比較表と室構成図の両方が必要。
haier,Haier（ハイアール）,JR-M36A,haier-jrm36a,vegetables,6. 野菜保存,vegetable-freshness,鮮度保存,低,Haier 冷蔵庫・冷凍庫総合カタログ 2026-04,20、22,確認済み一次資料に型番単位の明記なし,公式鮮度試験ページ、野菜室断面図、機能比較表,湿度制御・エチレン分解・密閉構造は別機能なので、試験条件または部材名まで示す公式技術ページが必要。
haier,Haier（ハイアール）,JR-M36A,haier-jrm36a,clean,7. 清潔・お手入れ,clean-air,脱臭・除菌・抗菌,低,Haier 冷蔵庫・冷凍庫総合カタログ 2026-04,20、22,確認済み一次資料に型番単位の明記なし,公式機能比較表、除菌／抗菌の試験注記、取扱説明書のお手入れ章,脱臭・除菌・抗菌は意味が異なるため、試験対象部位と試験方法が明記された一次資料が必要。
haier,Haier（ハイアール）,JR-M36A,haier-jrm36a,clean,7. 清潔・お手入れ,maintenance,お手入れ,低,Haier 冷蔵庫・冷凍庫総合カタログ 2026-04,20、22,確認済み一次資料に型番単位の明記なし,公式機能比較表、除菌／抗菌の試験注記、取扱説明書のお手入れ章,脱臭・除菌・抗菌は意味が異なるため、試験対象部位と試験方法が明記された一次資料が必要。
haier,Haier（ハイアール）,JR-M36A,haier-jrm36a,energy,8. 省エネ性,energy-ai,省エネ運転・AI学習,低,Haier 冷蔵庫・冷凍庫総合カタログ 2026-04,20、22,確認済み一次資料に型番単位の明記なし,公式仕様表、省エネラベル、型番別機能比較表,年間消費電力量は仕様表、AI・センサーの有無は機能比較表、達成率は統一省エネラベルで確定できる。
haier,Haier（ハイアール）,JR-M36A,haier-jrm36a,smart,9. スマホ連携・IoT,iot-connectivity,通信・対応アプリ,低,Haier 冷蔵庫・冷凍庫総合カタログ 2026-04,20、22,確認済み一次資料に型番単位の明記なし,メーカー公式アプリ対応機種一覧、ネットワーク設定ガイド、アプリ機能一覧,Wi-Fi搭載とアプリ対応、食材管理、通知、AIは別項目なので、アプリの対応型番表と機能対応表の両方が必要。
haier,Haier（ハイアール）,JR-M36A,haier-jrm36a,smart,9. スマホ連携・IoT,iot-food,食材管理・庫内確認,低,Haier 冷蔵庫・冷凍庫総合カタログ 2026-04,20、22,確認済み一次資料に型番単位の明記なし,メーカー公式アプリ対応機種一覧、ネットワーク設定ガイド、アプリ機能一覧,Wi-Fi搭載とアプリ対応、食材管理、通知、AIは別項目なので、アプリの対応型番表と機能対応表の両方が必要。
haier,Haier（ハイアール）,JR-M36A,haier-jrm36a,smart,9. スマホ連携・IoT,iot-monitoring,通知・見守り・遠隔操作,低,Haier 冷蔵庫・冷凍庫総合カタログ 2026-04,20、22,確認済み一次資料に型番単位の明記なし,メーカー公式アプリ対応機種一覧、ネットワーク設定ガイド、アプリ機能一覧,Wi-Fi搭載とアプリ対応、食材管理、通知、AIは別項目なので、アプリの対応型番表と機能対応表の両方が必要。
haier,Haier（ハイアール）,JR-M36A,haier-jrm36a,smart,9. スマホ連携・IoT,iot-ai,AI・音声連携,低,Haier 冷蔵庫・冷凍庫総合カタログ 2026-04,20、22,確認済み一次資料に型番単位の明記なし,メーカー公式アプリ対応機種一覧、ネットワーク設定ガイド、アプリ機能一覧,Wi-Fi搭載とアプリ対応、食材管理、通知、AIは別項目なので、アプリの対応型番表と機能対応表の両方が必要。
iris-ohyama,アイリスオーヤマ,IRSN-FX43A,iris-ohyama-irsnfx43a,size,2. サイズ・容量,chilled-capacity,チルドルーム容量,低,アイリスオーヤマ IRSN-FX43A 公式製品ページ,公式仕様ページ,対象年式が提供カタログ外、または型番別対応表が不足,公式仕様表、銘板画像、取扱説明書末尾の仕様欄,外形寸法・質量・室容量・省エネ基準値は、取扱説明書の仕様欄または本体銘板で確定できる。
iris-ohyama,アイリスオーヤマ,IRSN-FX43A,iris-ohyama-irsnfx43a,size,2. サイズ・容量,independent-freezer-capacity,独立冷凍室容量,低,アイリスオーヤマ IRSN-FX43A 公式製品ページ,公式仕様ページ,対象年式が提供カタログ外、または型番別対応表が不足,公式仕様表、銘板画像、取扱説明書末尾の仕様欄,外形寸法・質量・室容量・省エネ基準値は、取扱説明書の仕様欄または本体銘板で確定できる。
iris-ohyama,アイリスオーヤマ,IRSN-FX43A,iris-ohyama-irsnfx43a,refrigeration,4. 冷蔵機能,fridge-storage,扉・棚・収納,低,アイリスオーヤマ IRSN-FX43A 公式製品ページ,公式仕様ページ,対象年式が提供カタログ外、または型番別対応表が不足,取扱説明書のチルド設定・棚組み替え・ドアポケット部品一覧、公式鮮度試験ページ,チルドの温度・保存期間と、棚やドアポケットの型番別構成は、機能訴求ページだけでなく説明書の設定・部品一覧で確定できる。
iris-ohyama,アイリスオーヤマ,IRSN-FX43A,iris-ohyama-irsnfx43a,refrigeration,4. 冷蔵機能,fridge-other,その他,低,アイリスオーヤマ IRSN-FX43A 公式製品ページ,公式仕様ページ,対象年式が提供カタログ外、または型番別対応表が不足,取扱説明書のチルド設定・棚組み替え・ドアポケット部品一覧、公式鮮度試験ページ,チルドの温度・保存期間と、棚やドアポケットの型番別構成は、機能訴求ページだけでなく説明書の設定・部品一覧で確定できる。
iris-ohyama,アイリスオーヤマ,IRSN-FX43A,iris-ohyama-irsnfx43a,freezing,5. 冷凍機能,frost-control,霜付き防止機能,低,アイリスオーヤマ IRSN-FX43A 公式製品ページ,公式仕様ページ,対象年式が提供カタログ外、または型番別対応表が不足,型番別の冷凍・製氷機能比較表、冷凍室断面図、取扱説明書の運転モード一覧,特殊冷凍、小冷凍室、霜対策、収納段数、独立製氷室は別項目なので、型番別比較表と室構成図の両方が必要。
iris-ohyama,アイリスオーヤマ,IRSN-FX43A,iris-ohyama-irsnfx43a,freezing,5. 冷凍機能,small-freezer,小冷凍室,低,アイリスオーヤマ IRSN-FX43A 公式製品ページ,公式仕様ページ,対象年式が提供カタログ外、または型番別対応表が不足,型番別の冷凍・製氷機能比較表、冷凍室断面図、取扱説明書の運転モード一覧,特殊冷凍、小冷凍室、霜対策、収納段数、独立製氷室は別項目なので、型番別比較表と室構成図の両方が必要。
iris-ohyama,アイリスオーヤマ,IRSN-FX43A,iris-ohyama-irsnfx43a,freezing,5. 冷凍機能,freezer-other,その他,低,アイリスオーヤマ IRSN-FX43A 公式製品ページ,公式仕様ページ,対象年式が提供カタログ外、または型番別対応表が不足,型番別の冷凍・製氷機能比較表、冷凍室断面図、取扱説明書の運転モード一覧,特殊冷凍、小冷凍室、霜対策、収納段数、独立製氷室は別項目なので、型番別比較表と室構成図の両方が必要。
iris-ohyama,アイリスオーヤマ,IRSN-FX43A,iris-ohyama-irsnfx43a,clean,7. 清潔・お手入れ,clean-air,脱臭・除菌・抗菌,低,アイリスオーヤマ IRSN-FX43A 公式製品ページ,公式仕様ページ,対象年式が提供カタログ外、または型番別対応表が不足,公式機能比較表、除菌／抗菌の試験注記、取扱説明書のお手入れ章,脱臭・除菌・抗菌は意味が異なるため、試験対象部位と試験方法が明記された一次資料が必要。
iris-ohyama,アイリスオーヤマ,IRSN-FX43A,iris-ohyama-irsnfx43a,clean,7. 清潔・お手入れ,maintenance,お手入れ,低,アイリスオーヤマ IRSN-FX43A 公式製品ページ,公式仕様ページ,対象年式が提供カタログ外、または型番別対応表が不足,公式機能比較表、除菌／抗菌の試験注記、取扱説明書のお手入れ章,脱臭・除菌・抗菌は意味が異なるため、試験対象部位と試験方法が明記された一次資料が必要。
iris-ohyama,アイリスオーヤマ,IRSN-FX43A,iris-ohyama-irsnfx43a,energy,8. 省エネ性,energy-ai,省エネ運転・AI学習,低,アイリスオーヤマ IRSN-FX43A 公式製品ページ,公式仕様ページ,対象年式が提供カタログ外、または型番別対応表が不足,公式仕様表、省エネラベル、型番別機能比較表,年間消費電力量は仕様表、AI・センサーの有無は機能比較表、達成率は統一省エネラベルで確定できる。
iris-ohyama,アイリスオーヤマ,IRSN-FX43A,iris-ohyama-irsnfx43a,smart,9. スマホ連携・IoT,iot-connectivity,通信・対応アプリ,低,アイリスオーヤマ IRSN-FX43A 公式製品ページ,公式仕様ページ,対象年式が提供カタログ外、または型番別対応表が不足,メーカー公式アプリ対応機種一覧、ネットワーク設定ガイド、アプリ機能一覧,Wi-Fi搭載とアプリ対応、食材管理、通知、AIは別項目なので、アプリの対応型番表と機能対応表の両方が必要。
iris-ohyama,アイリスオーヤマ,IRSN-FX43A,iris-ohyama-irsnfx43a,smart,9. スマホ連携・IoT,iot-food,食材管理・庫内確認,低,アイリスオーヤマ IRSN-FX43A 公式製品ページ,公式仕様ページ,対象年式が提供カタログ外、または型番別対応表が不足,メーカー公式アプリ対応機種一覧、ネットワーク設定ガイド、アプリ機能一覧,Wi-Fi搭載とアプリ対応、食材管理、通知、AIは別項目なので、アプリの対応型番表と機能対応表の両方が必要。
iris-ohyama,アイリスオーヤマ,IRSN-FX43A,iris-ohyama-irsnfx43a,smart,9. スマホ連携・IoT,iot-monitoring,通知・見守り・遠隔操作,低,アイリスオーヤマ IRSN-FX43A 公式製品ページ,公式仕様ページ,対象年式が提供カタログ外、または型番別対応表が不足,メーカー公式アプリ対応機種一覧、ネットワーク設定ガイド、アプリ機能一覧,Wi-Fi搭載とアプリ対応、食材管理、通知、AIは別項目なので、アプリの対応型番表と機能対応表の両方が必要。
iris-ohyama,アイリスオーヤマ,IRSN-FX43A,iris-ohyama-irsnfx43a,smart,9. スマホ連携・IoT,iot-ai,AI・音声連携,低,アイリスオーヤマ IRSN-FX43A 公式製品ページ,公式仕様ページ,対象年式が提供カタログ外、または型番別対応表が不足,メーカー公式アプリ対応機種一覧、ネットワーク設定ガイド、アプリ機能一覧,Wi-Fi搭載とアプリ対応、食材管理、通知、AIは別項目なので、アプリの対応型番表と機能対応表の両方が必要。
twinbird,TWINBIRD（ツインバード）,HR-E935W,twinbird-hre935w,size,2. サイズ・容量,chilled-capacity,チルドルーム容量,低,TWINBIRD 冷蔵庫 公式製品情報,公式仕様ページ,対象年式が提供カタログ外、または型番別対応表が不足,公式仕様表、銘板画像、取扱説明書末尾の仕様欄,外形寸法・質量・室容量・省エネ基準値は、取扱説明書の仕様欄または本体銘板で確定できる。
twinbird,TWINBIRD（ツインバード）,HR-E935W,twinbird-hre935w,refrigeration,4. 冷蔵機能,fridge-storage,扉・棚・収納,低,TWINBIRD 冷蔵庫 公式製品情報,公式仕様ページ,対象年式が提供カタログ外、または型番別対応表が不足,取扱説明書のチルド設定・棚組み替え・ドアポケット部品一覧、公式鮮度試験ページ,チルドの温度・保存期間と、棚やドアポケットの型番別構成は、機能訴求ページだけでなく説明書の設定・部品一覧で確定できる。
twinbird,TWINBIRD（ツインバード）,HR-E935W,twinbird-hre935w,refrigeration,4. 冷蔵機能,door-pocket,ドアポケット,低,TWINBIRD 冷蔵庫 公式製品情報,公式仕様ページ,対象年式が提供カタログ外、または型番別対応表が不足,取扱説明書のチルド設定・棚組み替え・ドアポケット部品一覧、公式鮮度試験ページ,チルドの温度・保存期間と、棚やドアポケットの型番別構成は、機能訴求ページだけでなく説明書の設定・部品一覧で確定できる。
twinbird,TWINBIRD（ツインバード）,HR-E935W,twinbird-hre935w,refrigeration,4. 冷蔵機能,fridge-other,その他,低,TWINBIRD 冷蔵庫 公式製品情報,公式仕様ページ,対象年式が提供カタログ外、または型番別対応表が不足,取扱説明書のチルド設定・棚組み替え・ドアポケット部品一覧、公式鮮度試験ページ,チルドの温度・保存期間と、棚やドアポケットの型番別構成は、機能訴求ページだけでなく説明書の設定・部品一覧で確定できる。
twinbird,TWINBIRD（ツインバード）,HR-E935W,twinbird-hre935w,freezing,5. 冷凍機能,special-freezing,特殊冷凍機能,低,TWINBIRD 冷蔵庫 公式製品情報,公式仕様ページ,対象年式が提供カタログ外、または型番別対応表が不足,型番別の冷凍・製氷機能比較表、冷凍室断面図、取扱説明書の運転モード一覧,特殊冷凍、小冷凍室、霜対策、収納段数、独立製氷室は別項目なので、型番別比較表と室構成図の両方が必要。
twinbird,TWINBIRD（ツインバード）,HR-E935W,twinbird-hre935w,freezing,5. 冷凍機能,frost-control,霜付き防止機能,低,TWINBIRD 冷蔵庫 公式製品情報,公式仕様ページ,対象年式が提供カタログ外、または型番別対応表が不足,型番別の冷凍・製氷機能比較表、冷凍室断面図、取扱説明書の運転モード一覧,特殊冷凍、小冷凍室、霜対策、収納段数、独立製氷室は別項目なので、型番別比較表と室構成図の両方が必要。
twinbird,TWINBIRD（ツインバード）,HR-E935W,twinbird-hre935w,freezing,5. 冷凍機能,freezer-other,その他,低,TWINBIRD 冷蔵庫 公式製品情報,公式仕様ページ,対象年式が提供カタログ外、または型番別対応表が不足,型番別の冷凍・製氷機能比較表、冷凍室断面図、取扱説明書の運転モード一覧,特殊冷凍、小冷凍室、霜対策、収納段数、独立製氷室は別項目なので、型番別比較表と室構成図の両方が必要。
twinbird,TWINBIRD（ツインバード）,HR-E935W,twinbird-hre935w,energy,8. 省エネ性,energy-ai,省エネ運転・AI学習,低,TWINBIRD 冷蔵庫 公式製品情報,公式仕様ページ,対象年式が提供カタログ外、または型番別対応表が不足,公式仕様表、省エネラベル、型番別機能比較表,年間消費電力量は仕様表、AI・センサーの有無は機能比較表、達成率は統一省エネラベルで確定できる。
twinbird,TWINBIRD（ツインバード）,HR-E935W,twinbird-hre935w,smart,9. スマホ連携・IoT,iot-connectivity,通信・対応アプリ,低,TWINBIRD 冷蔵庫 公式製品情報,公式仕様ページ,対象年式が提供カタログ外、または型番別対応表が不足,メーカー公式アプリ対応機種一覧、ネットワーク設定ガイド、アプリ機能一覧,Wi-Fi搭載とアプリ対応、食材管理、通知、AIは別項目なので、アプリの対応型番表と機能対応表の両方が必要。
twinbird,TWINBIRD（ツインバード）,HR-E935W,twinbird-hre935w,smart,9. スマホ連携・IoT,iot-food,食材管理・庫内確認,低,TWINBIRD 冷蔵庫 公式製品情報,公式仕様ページ,対象年式が提供カタログ外、または型番別対応表が不足,メーカー公式アプリ対応機種一覧、ネットワーク設定ガイド、アプリ機能一覧,Wi-Fi搭載とアプリ対応、食材管理、通知、AIは別項目なので、アプリの対応型番表と機能対応表の両方が必要。
twinbird,TWINBIRD（ツインバード）,HR-E935W,twinbird-hre935w,smart,9. スマホ連携・IoT,iot-monitoring,通知・見守り・遠隔操作,低,TWINBIRD 冷蔵庫 公式製品情報,公式仕様ページ,対象年式が提供カタログ外、または型番別対応表が不足,メーカー公式アプリ対応機種一覧、ネットワーク設定ガイド、アプリ機能一覧,Wi-Fi搭載とアプリ対応、食材管理、通知、AIは別項目なので、アプリの対応型番表と機能対応表の両方が必要。
twinbird,TWINBIRD（ツインバード）,HR-E935W,twinbird-hre935w,smart,9. スマホ連携・IoT,iot-ai,AI・音声連携,低,TWINBIRD 冷蔵庫 公式製品情報,公式仕様ページ,対象年式が提供カタログ外、または型番別対応表が不足,メーカー公式アプリ対応機種一覧、ネットワーク設定ガイド、アプリ機能一覧,Wi-Fi搭載とアプリ対応、食材管理、通知、AIは別項目なので、アプリの対応型番表と機能対応表の両方が必要。
twinbird,TWINBIRD（ツインバード）,HR-EI35B,twinbird-hrei35b,size,2. サイズ・容量,chilled-capacity,チルドルーム容量,低,TWINBIRD 冷蔵庫 公式製品情報,公式仕様ページ,対象年式が提供カタログ外、または型番別対応表が不足,公式仕様表、銘板画像、取扱説明書末尾の仕様欄,外形寸法・質量・室容量・省エネ基準値は、取扱説明書の仕様欄または本体銘板で確定できる。
twinbird,TWINBIRD（ツインバード）,HR-EI35B,twinbird-hrei35b,refrigeration,4. 冷蔵機能,fridge-storage,扉・棚・収納,低,TWINBIRD 冷蔵庫 公式製品情報,公式仕様ページ,対象年式が提供カタログ外、または型番別対応表が不足,取扱説明書のチルド設定・棚組み替え・ドアポケット部品一覧、公式鮮度試験ページ,チルドの温度・保存期間と、棚やドアポケットの型番別構成は、機能訴求ページだけでなく説明書の設定・部品一覧で確定できる。
twinbird,TWINBIRD（ツインバード）,HR-EI35B,twinbird-hrei35b,refrigeration,4. 冷蔵機能,door-pocket,ドアポケット,低,TWINBIRD 冷蔵庫 公式製品情報,公式仕様ページ,対象年式が提供カタログ外、または型番別対応表が不足,取扱説明書のチルド設定・棚組み替え・ドアポケット部品一覧、公式鮮度試験ページ,チルドの温度・保存期間と、棚やドアポケットの型番別構成は、機能訴求ページだけでなく説明書の設定・部品一覧で確定できる。
twinbird,TWINBIRD（ツインバード）,HR-EI35B,twinbird-hrei35b,freezing,5. 冷凍機能,special-freezing,特殊冷凍機能,低,TWINBIRD 冷蔵庫 公式製品情報,公式仕様ページ,対象年式が提供カタログ外、または型番別対応表が不足,型番別の冷凍・製氷機能比較表、冷凍室断面図、取扱説明書の運転モード一覧,特殊冷凍、小冷凍室、霜対策、収納段数、独立製氷室は別項目なので、型番別比較表と室構成図の両方が必要。
twinbird,TWINBIRD（ツインバード）,HR-EI35B,twinbird-hrei35b,freezing,5. 冷凍機能,frost-control,霜付き防止機能,低,TWINBIRD 冷蔵庫 公式製品情報,公式仕様ページ,対象年式が提供カタログ外、または型番別対応表が不足,型番別の冷凍・製氷機能比較表、冷凍室断面図、取扱説明書の運転モード一覧,特殊冷凍、小冷凍室、霜対策、収納段数、独立製氷室は別項目なので、型番別比較表と室構成図の両方が必要。
twinbird,TWINBIRD（ツインバード）,HR-EI35B,twinbird-hrei35b,freezing,5. 冷凍機能,freezer-other,その他,低,TWINBIRD 冷蔵庫 公式製品情報,公式仕様ページ,対象年式が提供カタログ外、または型番別対応表が不足,型番別の冷凍・製氷機能比較表、冷凍室断面図、取扱説明書の運転モード一覧,特殊冷凍、小冷凍室、霜対策、収納段数、独立製氷室は別項目なので、型番別比較表と室構成図の両方が必要。
twinbird,TWINBIRD（ツインバード）,HR-EI35B,twinbird-hrei35b,energy,8. 省エネ性,energy-ai,省エネ運転・AI学習,低,TWINBIRD 冷蔵庫 公式製品情報,公式仕様ページ,対象年式が提供カタログ外、または型番別対応表が不足,公式仕様表、省エネラベル、型番別機能比較表,年間消費電力量は仕様表、AI・センサーの有無は機能比較表、達成率は統一省エネラベルで確定できる。
twinbird,TWINBIRD（ツインバード）,HR-EI35B,twinbird-hrei35b,smart,9. スマホ連携・IoT,iot-connectivity,通信・対応アプリ,低,TWINBIRD 冷蔵庫 公式製品情報,公式仕様ページ,対象年式が提供カタログ外、または型番別対応表が不足,メーカー公式アプリ対応機種一覧、ネットワーク設定ガイド、アプリ機能一覧,Wi-Fi搭載とアプリ対応、食材管理、通知、AIは別項目なので、アプリの対応型番表と機能対応表の両方が必要。
twinbird,TWINBIRD（ツインバード）,HR-EI35B,twinbird-hrei35b,smart,9. スマホ連携・IoT,iot-monitoring,通知・見守り・遠隔操作,低,TWINBIRD 冷蔵庫 公式製品情報,公式仕様ページ,対象年式が提供カタログ外、または型番別対応表が不足,メーカー公式アプリ対応機種一覧、ネットワーク設定ガイド、アプリ機能一覧,Wi-Fi搭載とアプリ対応、食材管理、通知、AIは別項目なので、アプリの対応型番表と機能対応表の両方が必要。
twinbird,TWINBIRD（ツインバード）,HR-EI35B,twinbird-hrei35b,smart,9. スマホ連携・IoT,iot-ai,AI・音声連携,低,TWINBIRD 冷蔵庫 公式製品情報,公式仕様ページ,対象年式が提供カタログ外、または型番別対応表が不足,メーカー公式アプリ対応機種一覧、ネットワーク設定ガイド、アプリ機能一覧,Wi-Fi搭載とアプリ対応、食材管理、通知、AIは別項目なので、アプリの対応型番表と機能対応表の両方が必要。
